file_path,depression_angle,class,target_serial
data/raw/bulkcarrier_1.tiff,15,raw,bulkcarrier_1
data/raw/archive/Padded_imgs/ZIL131/HB15141.JPG,15,ZIL131,HB15141
data/raw/archive/Padded_imgs/ZIL131/HB15142 (copy).JPG,15,ZIL131,HB15142 (copy)
data/raw/archive/Padded_imgs/ZIL131/HB15142.JPG,15,ZIL131,HB15142
data/raw/archive/Padded_imgs/ZIL131/HB15143 (copy).JPG,15,ZIL131,HB15143 (copy)
data/raw/archive/Padded_imgs/ZIL131/HB15143.JPG,15,ZIL131,HB15143
data/raw/archive/Padded_imgs/ZIL131/HB15144 (copy).JPG,15,ZIL131,HB15144 (copy)
data/raw/archive/Padded_imgs/ZIL131/HB15144.JPG,15,ZIL131,HB15144
data/raw/archive/Padded_imgs/ZIL131/HB15145 (copy).JPG,15,ZIL131,HB15145 (copy)
data/raw/archive/Padded_imgs/ZIL131/HB15145.JPG,15,ZIL131,HB15145
data/raw/archive/Padded_imgs/ZIL131/HB15146 (copy).JPG,15,ZIL131,HB15146 (copy)
data/raw/archive/Padded_imgs/ZIL131/HB15146.JPG,15,ZIL131,HB15146
data/raw/archive/Padded_imgs/ZIL131/HB15147 (copy).JPG,15,ZIL131,HB15147 (copy)
data/raw/archive/Padded_imgs/ZIL131/HB15147.JPG,15,ZIL131,HB15147
data/raw/archive/Padded_imgs/ZIL131/HB15148 (copy).JPG,15,ZIL131,HB15148 (copy)
data/raw/archive/Padded_imgs/ZIL131/HB15148.JPG,15,ZIL131,HB15148
data/raw/archive/Padded_imgs/ZIL131/HB15150 (copy).JPG,15,ZIL131,HB15150 (copy)
data/raw/archive/Padded_imgs/ZIL131/HB15150.JPG,15,ZIL131,HB15150
data/raw/archive/Padded_imgs/ZIL131/HB15151 (copy).JPG,15,ZIL131,HB15151 (copy)
data/raw/archive/Padded_imgs/ZIL131/HB15151.JPG,15,ZIL131,HB15151
data/raw/archive/Padded_imgs/ZIL131/HB15152 (copy).JPG,15,ZIL131,HB15152 (copy)
data/raw/archive/Padded_imgs/ZIL131/HB15152.JPG,15,ZIL131,HB15152
data/raw/archive/Padded_imgs/ZIL131/HB15154 (copy).JPG,15,ZIL131,HB15154 (copy)
data/raw/archive/Padded_imgs/ZIL131/HB15154.JPG,15,ZIL131,HB15154
data/raw/archive/Padded_imgs/ZIL131/HB15156 (copy).JPG,15,ZIL131,HB15156 (copy)
data/raw/archive/Padded_imgs/ZIL131/HB15156.JPG,15,ZIL131,HB15156
data/raw/archive/Padded_imgs/ZIL131/HB15157 (copy).JPG,15,ZIL131,HB15157 (copy)
data/raw/archive/Padded_imgs/ZIL131/HB15157.JPG,15,ZIL131,HB15157
data/raw/archive/Padded_imgs/ZIL131/HB15158 (copy).JPG,15,ZIL131,HB15158 (copy)
data/raw/archive/Padded_imgs/ZIL131/HB15158.JPG,15,ZIL131,HB15158
data/raw/archive/Padded_imgs/ZIL131/HB15161 (copy).JPG,15,ZIL131,HB15161 (copy)
data/raw/archive/Padded_imgs/ZIL131/HB15161.JPG,15,ZIL131,HB15161
data/raw/archive/Padded_imgs/ZIL131/HB15162 (copy).JPG,15,ZIL131,HB15162 (copy)
data/raw/archive/Padded_imgs/ZIL131/HB15162.JPG,15,ZIL131,HB15162
data/raw/archive/Padded_imgs/ZIL131/HB15163 (copy).JPG,15,ZIL131,HB15163 (copy)
data/raw/archive/Padded_imgs/ZIL131/HB15163.JPG,15,ZIL131,HB15163
data/raw/archive/Padded_imgs/ZIL131/HB15165 (copy).JPG,15,ZIL131,HB15165 (copy)
data/raw/archive/Padded_imgs/ZIL131/HB15165.JPG,15,ZIL131,HB15165
data/raw/archive/Padded_imgs/ZIL131/HB15166 (copy).JPG,15,ZIL131,HB15166 (copy)
data/raw/archive/Padded_imgs/ZIL131/HB15166.JPG,15,ZIL131,HB15166
data/raw/archive/Padded_imgs/ZIL131/HB15168 (copy).JPG,15,ZIL131,HB15168 (copy)
data/raw/archive/Padded_imgs/ZIL131/HB15168.JPG,15,ZIL131,HB15168
data/raw/archive/Padded_imgs/ZIL131/HB15169 (copy).JPG,15,ZIL131,HB15169 (copy)
data/raw/archive/Padded_imgs/ZIL131/HB15169.JPG,15,ZIL131,HB15169
data/raw/archive/Padded_imgs/ZIL131/HB15175 (copy).JPG,17,ZIL131,HB15175 (copy)
data/raw/archive/Padded_imgs/ZIL131/HB15175.JPG,17,ZIL131,HB15175
data/raw/archive/Padded_imgs/ZIL131/HB15176 (copy).JPG,17,ZIL131,HB15176 (copy)
data/raw/archive/Padded_imgs/ZIL131/HB15176.JPG,17,ZIL131,HB15176
data/raw/archive/Padded_imgs/ZIL131/HB15177 (copy).JPG,17,ZIL131,HB15177 (copy)
data/raw/archive/Padded_imgs/ZIL131/HB15177.JPG,17,ZIL131,HB15177
data/raw/archive/Padded_imgs/ZIL131/HB15178 (copy).JPG,17,ZIL131,HB15178 (copy)
data/raw/archive/Padded_imgs/ZIL131/HB15178.JPG,17,ZIL131,HB15178
data/raw/archive/Padded_imgs/ZIL131/HB15179 (copy).JPG,17,ZIL131,HB15179 (copy)
data/raw/archive/Padded_imgs/ZIL131/HB15179.JPG,17,ZIL131,HB15179
data/raw/archive/Padded_imgs/ZIL131/HB15180 (copy).JPG,15,ZIL131,HB15180 (copy)
data/raw/archive/Padded_imgs/ZIL131/HB15180.JPG,15,ZIL131,HB15180
data/raw/archive/Padded_imgs/ZIL131/HB15181 (copy).JPG,15,ZIL131,HB15181 (copy)
data/raw/archive/Padded_imgs/ZIL131/HB15181.JPG,15,ZIL131,HB15181
data/raw/archive/Padded_imgs/ZIL131/HB15182 (copy).JPG,15,ZIL131,HB15182 (copy)
data/raw/archive/Padded_imgs/ZIL131/HB15182.JPG,15,ZIL131,HB15182
data/raw/archive/Padded_imgs/ZIL131/HB15184 (copy).JPG,15,ZIL131,HB15184 (copy)
data/raw/archive/Padded_imgs/ZIL131/HB15184.JPG,15,ZIL131,HB15184
data/raw/archive/Padded_imgs/ZIL131/HB15185 (copy).JPG,15,ZIL131,HB15185 (copy)
data/raw/archive/Padded_imgs/ZIL131/HB15185.JPG,15,ZIL131,HB15185
data/raw/archive/Padded_imgs/ZIL131/HB15186 (copy).JPG,15,ZIL131,HB15186 (copy)
data/raw/archive/Padded_imgs/ZIL131/HB15186.JPG,15,ZIL131,HB15186
data/raw/archive/Padded_imgs/ZIL131/HB15190 (copy).JPG,15,ZIL131,HB15190 (copy)
data/raw/archive/Padded_imgs/ZIL131/HB15190.JPG,15,ZIL131,HB15190
data/raw/archive/Padded_imgs/ZIL131/HB15191 (copy).JPG,15,ZIL131,HB15191 (copy)
data/raw/archive/Padded_imgs/ZIL131/HB15191.JPG,15,ZIL131,HB15191
data/raw/archive/Padded_imgs/ZIL131/HB15192 (copy).JPG,15,ZIL131,HB15192 (copy)
data/raw/archive/Padded_imgs/ZIL131/HB15192.JPG,15,ZIL131,HB15192
data/raw/archive/Padded_imgs/ZIL131/HB15193 (copy).JPG,15,ZIL131,HB15193 (copy)
data/raw/archive/Padded_imgs/ZIL131/HB15193.JPG,15,ZIL131,HB15193
data/raw/archive/Padded_imgs/ZIL131/HB15194 (copy).JPG,15,ZIL131,HB15194 (copy)
data/raw/archive/Padded_imgs/ZIL131/HB15194.JPG,15,ZIL131,HB15194
data/raw/archive/Padded_imgs/ZIL131/HB15195 (copy).JPG,15,ZIL131,HB15195 (copy)
data/raw/archive/Padded_imgs/ZIL131/HB15195.JPG,15,ZIL131,HB15195
data/raw/archive/Padded_imgs/ZIL131/HB15196 (copy).JPG,15,ZIL131,HB15196 (copy)
data/raw/archive/Padded_imgs/ZIL131/HB15196.JPG,15,ZIL131,HB15196
data/raw/archive/Padded_imgs/ZIL131/HB15197 (copy).JPG,15,ZIL131,HB15197 (copy)
data/raw/archive/Padded_imgs/ZIL131/HB15197.JPG,15,ZIL131,HB15197
data/raw/archive/Padded_imgs/ZIL131/HB15198 (copy).JPG,15,ZIL131,HB15198 (copy)
data/raw/archive/Padded_imgs/ZIL131/HB15198.JPG,15,ZIL131,HB15198
data/raw/archive/Padded_imgs/ZIL131/HB15199 (copy).JPG,15,ZIL131,HB15199 (copy)
data/raw/archive/Padded_imgs/ZIL131/HB15199.JPG,15,ZIL131,HB15199
data/raw/archive/Padded_imgs/ZIL131/HB15201 (copy).JPG,15,ZIL131,HB15201 (copy)
data/raw/archive/Padded_imgs/ZIL131/HB15201.JPG,15,ZIL131,HB15201
data/raw/archive/Padded_imgs/ZIL131/HB15202 (copy).JPG,15,ZIL131,HB15202 (copy)
data/raw/archive/Padded_imgs/ZIL131/HB15202.JPG,15,ZIL131,HB15202
data/raw/archive/Padded_imgs/ZIL131/HB15203 (copy).JPG,15,ZIL131,HB15203 (copy)
data/raw/archive/Padded_imgs/ZIL131/HB15203.JPG,15,ZIL131,HB15203
data/raw/archive/Padded_imgs/ZIL131/HB15206 (copy).JPG,15,ZIL131,HB15206 (copy)
data/raw/archive/Padded_imgs/ZIL131/HB15206.JPG,15,ZIL131,HB15206
data/raw/archive/Padded_imgs/ZIL131/HB15207 (copy).JPG,15,ZIL131,HB15207 (copy)
data/raw/archive/Padded_imgs/ZIL131/HB15207.JPG,15,ZIL131,HB15207
data/raw/archive/Padded_imgs/ZIL131/HB15208 (copy).JPG,15,ZIL131,HB15208 (copy)
data/raw/archive/Padded_imgs/ZIL131/HB15208.JPG,15,ZIL131,HB15208
data/raw/archive/Padded_imgs/ZIL131/HB15209 (copy).JPG,15,ZIL131,HB15209 (copy)
data/raw/archive/Padded_imgs/ZIL131/HB15209.JPG,15,ZIL131,HB15209
data/raw/archive/Padded_imgs/ZIL131/HB15210 (copy).JPG,15,ZIL131,HB15210 (copy)
data/raw/archive/Padded_imgs/ZIL131/HB15210.JPG,15,ZIL131,HB15210
data/raw/archive/Padded_imgs/ZIL131/HB15211 (copy).JPG,15,ZIL131,HB15211 (copy)
data/raw/archive/Padded_imgs/ZIL131/HB15211.JPG,15,ZIL131,HB15211
data/raw/archive/Padded_imgs/ZIL131/HB15212 (copy).JPG,15,ZIL131,HB15212 (copy)
data/raw/archive/Padded_imgs/ZIL131/HB15212.JPG,15,ZIL131,HB15212
data/raw/archive/Padded_imgs/ZIL131/HB15214 (copy).JPG,15,ZIL131,HB15214 (copy)
data/raw/archive/Padded_imgs/ZIL131/HB15214.JPG,15,ZIL131,HB15214
data/raw/archive/Padded_imgs/ZIL131/HB15216 (copy).JPG,15,ZIL131,HB15216 (copy)
data/raw/archive/Padded_imgs/ZIL131/HB15216.JPG,15,ZIL131,HB15216
data/raw/archive/Padded_imgs/ZIL131/HB15217 (copy).JPG,17,ZIL131,HB15217 (copy)
data/raw/archive/Padded_imgs/ZIL131/HB15217.JPG,17,ZIL131,HB15217
data/raw/archive/Padded_imgs/ZIL131/HB15218 (copy).JPG,15,ZIL131,HB15218 (copy)
data/raw/archive/Padded_imgs/ZIL131/HB15218.JPG,15,ZIL131,HB15218
data/raw/archive/Padded_imgs/ZIL131/HB15220 (copy).JPG,15,ZIL131,HB15220 (copy)
data/raw/archive/Padded_imgs/ZIL131/HB15220.JPG,15,ZIL131,HB15220
data/raw/archive/Padded_imgs/ZIL131/HB15221 (copy).JPG,15,ZIL131,HB15221 (copy)
data/raw/archive/Padded_imgs/ZIL131/HB15221.JPG,15,ZIL131,HB15221
data/raw/archive/Padded_imgs/ZIL131/HB15223 (copy).JPG,15,ZIL131,HB15223 (copy)
data/raw/archive/Padded_imgs/ZIL131/HB15223.JPG,15,ZIL131,HB15223
data/raw/archive/Padded_imgs/ZIL131/HB15224 (copy).JPG,15,ZIL131,HB15224 (copy)
data/raw/archive/Padded_imgs/ZIL131/HB15224.JPG,15,ZIL131,HB15224
data/raw/archive/Padded_imgs/ZIL131/HB15227 (copy).JPG,15,ZIL131,HB15227 (copy)
data/raw/archive/Padded_imgs/ZIL131/HB15227.JPG,15,ZIL131,HB15227
data/raw/archive/Padded_imgs/ZIL131/HB15229 (copy).JPG,15,ZIL131,HB15229 (copy)
data/raw/archive/Padded_imgs/ZIL131/HB15229.JPG,15,ZIL131,HB15229
data/raw/archive/Padded_imgs/ZIL131/HB15230 (copy).JPG,15,ZIL131,HB15230 (copy)
data/raw/archive/Padded_imgs/ZIL131/HB15230.JPG,15,ZIL131,HB15230
data/raw/archive/Padded_imgs/ZIL131/HB15231 (copy).JPG,15,ZIL131,HB15231 (copy)
data/raw/archive/Padded_imgs/ZIL131/HB15231.JPG,15,ZIL131,HB15231
data/raw/archive/Padded_imgs/ZIL131/HB15232 (copy).JPG,15,ZIL131,HB15232 (copy)
data/raw/archive/Padded_imgs/ZIL131/HB15232.JPG,15,ZIL131,HB15232
data/raw/archive/Padded_imgs/ZIL131/HB15233 (copy).JPG,15,ZIL131,HB15233 (copy)
data/raw/archive/Padded_imgs/ZIL131/HB15233.JPG,15,ZIL131,HB15233
data/raw/archive/Padded_imgs/ZIL131/HB15235 (copy).JPG,15,ZIL131,HB15235 (copy)
data/raw/archive/Padded_imgs/ZIL131/HB15235.JPG,15,ZIL131,HB15235
data/raw/archive/Padded_imgs/ZIL131/HB15236 (copy).JPG,15,ZIL131,HB15236 (copy)
data/raw/archive/Padded_imgs/ZIL131/HB15236.JPG,15,ZIL131,HB15236
data/raw/archive/Padded_imgs/ZIL131/HB15237 (copy).JPG,15,ZIL131,HB15237 (copy)
data/raw/archive/Padded_imgs/ZIL131/HB15237.JPG,15,ZIL131,HB15237
data/raw/archive/Padded_imgs/ZIL131/HB15238 (copy).JPG,15,ZIL131,HB15238 (copy)
data/raw/archive/Padded_imgs/ZIL131/HB15238.JPG,15,ZIL131,HB15238
data/raw/archive/Padded_imgs/ZIL131/HB15239 (copy).JPG,15,ZIL131,HB15239 (copy)
data/raw/archive/Padded_imgs/ZIL131/HB15239.JPG,15,ZIL131,HB15239
data/raw/archive/Padded_imgs/ZIL131/HB15240 (copy).JPG,15,ZIL131,HB15240 (copy)
data/raw/archive/Padded_imgs/ZIL131/HB15240.JPG,15,ZIL131,HB15240
data/raw/archive/Padded_imgs/ZIL131/HB15241 (copy).JPG,15,ZIL131,HB15241 (copy)
data/raw/archive/Padded_imgs/ZIL131/HB15241.JPG,15,ZIL131,HB15241
data/raw/archive/Padded_imgs/ZIL131/HB15242 (copy).JPG,15,ZIL131,HB15242 (copy)
data/raw/archive/Padded_imgs/ZIL131/HB15242.JPG,15,ZIL131,HB15242
data/raw/archive/Padded_imgs/ZIL131/HB15243 (copy).JPG,15,ZIL131,HB15243 (copy)
data/raw/archive/Padded_imgs/ZIL131/HB15243.JPG,15,ZIL131,HB15243
data/raw/archive/Padded_imgs/ZIL131/HB15244 (copy).JPG,15,ZIL131,HB15244 (copy)
data/raw/archive/Padded_imgs/ZIL131/HB15244.JPG,15,ZIL131,HB15244
data/raw/archive/Padded_imgs/ZIL131/HB15245 (copy).JPG,15,ZIL131,HB15245 (copy)
data/raw/archive/Padded_imgs/ZIL131/HB15245.JPG,15,ZIL131,HB15245
data/raw/archive/Padded_imgs/ZIL131/HB15246 (copy).JPG,15,ZIL131,HB15246 (copy)
data/raw/archive/Padded_imgs/ZIL131/HB15246.JPG,15,ZIL131,HB15246
data/raw/archive/Padded_imgs/ZIL131/HB15247 (copy).JPG,15,ZIL131,HB15247 (copy)
data/raw/archive/Padded_imgs/ZIL131/HB15247.JPG,15,ZIL131,HB15247
data/raw/archive/Padded_imgs/ZIL131/HB15248 (copy).JPG,15,ZIL131,HB15248 (copy)
data/raw/archive/Padded_imgs/ZIL131/HB15248.JPG,15,ZIL131,HB15248
data/raw/archive/Padded_imgs/ZIL131/HB15251 (copy).JPG,15,ZIL131,HB15251 (copy)
data/raw/archive/Padded_imgs/ZIL131/HB15251.JPG,15,ZIL131,HB15251
data/raw/archive/Padded_imgs/ZIL131/HB15252 (copy).JPG,15,ZIL131,HB15252 (copy)
data/raw/archive/Padded_imgs/ZIL131/HB15252.JPG,15,ZIL131,HB15252
data/raw/archive/Padded_imgs/ZIL131/HB15254 (copy).JPG,15,ZIL131,HB15254 (copy)
data/raw/archive/Padded_imgs/ZIL131/HB15254.JPG,15,ZIL131,HB15254
data/raw/archive/Padded_imgs/ZIL131/HB15255 (copy).JPG,15,ZIL131,HB15255 (copy)
data/raw/archive/Padded_imgs/ZIL131/HB15255.JPG,15,ZIL131,HB15255
data/raw/archive/Padded_imgs/ZIL131/HB15256 (copy).JPG,15,ZIL131,HB15256 (copy)
data/raw/archive/Padded_imgs/ZIL131/HB15256.JPG,15,ZIL131,HB15256
data/raw/archive/Padded_imgs/ZIL131/HB15257 (copy).JPG,15,ZIL131,HB15257 (copy)
data/raw/archive/Padded_imgs/ZIL131/HB15257.JPG,15,ZIL131,HB15257
data/raw/archive/Padded_imgs/ZIL131/HB15258 (copy).JPG,15,ZIL131,HB15258 (copy)
data/raw/archive/Padded_imgs/ZIL131/HB15258.JPG,15,ZIL131,HB15258
data/raw/archive/Padded_imgs/ZIL131/HB15259 (copy).JPG,15,ZIL131,HB15259 (copy)
data/raw/archive/Padded_imgs/ZIL131/HB15259.JPG,15,ZIL131,HB15259
data/raw/archive/Padded_imgs/ZIL131/HB15260 (copy).JPG,15,ZIL131,HB15260 (copy)
data/raw/archive/Padded_imgs/ZIL131/HB15260.JPG,15,ZIL131,HB15260
data/raw/archive/Padded_imgs/ZIL131/HB15261 (copy).JPG,15,ZIL131,HB15261 (copy)
data/raw/archive/Padded_imgs/ZIL131/HB15261.JPG,15,ZIL131,HB15261
data/raw/archive/Padded_imgs/ZIL131/HB15262 (copy).JPG,15,ZIL131,HB15262 (copy)
data/raw/archive/Padded_imgs/ZIL131/HB15262.JPG,15,ZIL131,HB15262
data/raw/archive/Padded_imgs/ZIL131/HB15263 (copy).JPG,15,ZIL131,HB15263 (copy)
data/raw/archive/Padded_imgs/ZIL131/HB15263.JPG,15,ZIL131,HB15263
data/raw/archive/Padded_imgs/ZIL131/HB15264 (copy).JPG,15,ZIL131,HB15264 (copy)
data/raw/archive/Padded_imgs/ZIL131/HB15264.JPG,15,ZIL131,HB15264
data/raw/archive/Padded_imgs/ZIL131/HB15265 (copy).JPG,15,ZIL131,HB15265 (copy)
data/raw/archive/Padded_imgs/ZIL131/HB15265.JPG,15,ZIL131,HB15265
data/raw/archive/Padded_imgs/ZIL131/HB15266 (copy).JPG,15,ZIL131,HB15266 (copy)
data/raw/archive/Padded_imgs/ZIL131/HB15266.JPG,15,ZIL131,HB15266
data/raw/archive/Padded_imgs/ZIL131/HB15267 (copy).JPG,15,ZIL131,HB15267 (copy)
data/raw/archive/Padded_imgs/ZIL131/HB15267.JPG,15,ZIL131,HB15267
data/raw/archive/Padded_imgs/ZIL131/HB19377 (copy).JPG,15,ZIL131,HB19377 (copy)
data/raw/archive/Padded_imgs/ZIL131/HB19377.JPG,15,ZIL131,HB19377
data/raw/archive/Padded_imgs/ZIL131/HB19379 (copy).JPG,15,ZIL131,HB19379 (copy)
data/raw/archive/Padded_imgs/ZIL131/HB19379.JPG,15,ZIL131,HB19379
data/raw/archive/Padded_imgs/ZIL131/HB19381 (copy).JPG,15,ZIL131,HB19381 (copy)
data/raw/archive/Padded_imgs/ZIL131/HB19381.JPG,15,ZIL131,HB19381
data/raw/archive/Padded_imgs/ZIL131/HB19383 (copy).JPG,15,ZIL131,HB19383 (copy)
data/raw/archive/Padded_imgs/ZIL131/HB19383.JPG,15,ZIL131,HB19383
data/raw/archive/Padded_imgs/ZIL131/HB19389 (copy).JPG,15,ZIL131,HB19389 (copy)
data/raw/archive/Padded_imgs/ZIL131/HB19389.JPG,15,ZIL131,HB19389
data/raw/archive/Padded_imgs/ZIL131/HB19390 (copy).JPG,15,ZIL131,HB19390 (copy)
data/raw/archive/Padded_imgs/ZIL131/HB19390.JPG,15,ZIL131,HB19390
data/raw/archive/Padded_imgs/ZIL131/HB19394 (copy).JPG,15,ZIL131,HB19394 (copy)
data/raw/archive/Padded_imgs/ZIL131/HB19394.JPG,15,ZIL131,HB19394
data/raw/archive/Padded_imgs/ZIL131/HB19396 (copy).JPG,15,ZIL131,HB19396 (copy)
data/raw/archive/Padded_imgs/ZIL131/HB19396.JPG,15,ZIL131,HB19396
data/raw/archive/Padded_imgs/ZIL131/HB19398 (copy).JPG,15,ZIL131,HB19398 (copy)
data/raw/archive/Padded_imgs/ZIL131/HB19398.JPG,15,ZIL131,HB19398
data/raw/archive/Padded_imgs/ZIL131/HB19400 (copy).JPG,15,ZIL131,HB19400 (copy)
data/raw/archive/Padded_imgs/ZIL131/HB19400.JPG,15,ZIL131,HB19400
data/raw/archive/Padded_imgs/ZIL131/HB19402 (copy).JPG,15,ZIL131,HB19402 (copy)
data/raw/archive/Padded_imgs/ZIL131/HB19402.JPG,15,ZIL131,HB19402
data/raw/archive/Padded_imgs/ZIL131/HB19404 (copy).JPG,15,ZIL131,HB19404 (copy)
data/raw/archive/Padded_imgs/ZIL131/HB19404.JPG,15,ZIL131,HB19404
data/raw/archive/Padded_imgs/ZIL131/HB19406 (copy).JPG,15,ZIL131,HB19406 (copy)
data/raw/archive/Padded_imgs/ZIL131/HB19406.JPG,15,ZIL131,HB19406
data/raw/archive/Padded_imgs/ZIL131/HB19408 (copy).JPG,15,ZIL131,HB19408 (copy)
data/raw/archive/Padded_imgs/ZIL131/HB19408.JPG,15,ZIL131,HB19408
data/raw/archive/Padded_imgs/ZIL131/HB19410 (copy).JPG,15,ZIL131,HB19410 (copy)
data/raw/archive/Padded_imgs/ZIL131/HB19410.JPG,15,ZIL131,HB19410
data/raw/archive/Padded_imgs/ZIL131/HB19412 (copy).JPG,15,ZIL131,HB19412 (copy)
data/raw/archive/Padded_imgs/ZIL131/HB19412.JPG,15,ZIL131,HB19412
data/raw/archive/Padded_imgs/ZIL131/HB19414 (copy).JPG,15,ZIL131,HB19414 (copy)
data/raw/archive/Padded_imgs/ZIL131/HB19414.JPG,15,ZIL131,HB19414
data/raw/archive/Padded_imgs/ZIL131/HB19416 (copy).JPG,15,ZIL131,HB19416 (copy)
data/raw/archive/Padded_imgs/ZIL131/HB19416.JPG,15,ZIL131,HB19416
data/raw/archive/Padded_imgs/ZIL131/HB19418 (copy).JPG,15,ZIL131,HB19418 (copy)
data/raw/archive/Padded_imgs/ZIL131/HB19418.JPG,15,ZIL131,HB19418
data/raw/archive/Padded_imgs/ZIL131/HB19420 (copy).JPG,15,ZIL131,HB19420 (copy)
data/raw/archive/Padded_imgs/ZIL131/HB19420.JPG,15,ZIL131,HB19420
data/raw/archive/Padded_imgs/ZIL131/HB19422 (copy).JPG,15,ZIL131,HB19422 (copy)
data/raw/archive/Padded_imgs/ZIL131/HB19422.JPG,15,ZIL131,HB19422
data/raw/archive/Padded_imgs/ZIL131/HB19424 (copy).JPG,15,ZIL131,HB19424 (copy)
data/raw/archive/Padded_imgs/ZIL131/HB19424.JPG,15,ZIL131,HB19424
data/raw/archive/Padded_imgs/ZIL131/HB19426 (copy).JPG,15,ZIL131,HB19426 (copy)
data/raw/archive/Padded_imgs/ZIL131/HB19426.JPG,15,ZIL131,HB19426
data/raw/archive/Padded_imgs/ZIL131/HB19430 (copy).JPG,15,ZIL131,HB19430 (copy)
data/raw/archive/Padded_imgs/ZIL131/HB19430.JPG,15,ZIL131,HB19430
data/raw/archive/Padded_imgs/ZIL131/HB19432 (copy).JPG,15,ZIL131,HB19432 (copy)
data/raw/archive/Padded_imgs/ZIL131/HB19432.JPG,15,ZIL131,HB19432
data/raw/archive/Padded_imgs/ZIL131/HB19434 (copy).JPG,15,ZIL131,HB19434 (copy)
data/raw/archive/Padded_imgs/ZIL131/HB19434.JPG,15,ZIL131,HB19434
data/raw/archive/Padded_imgs/ZIL131/HB19436 (copy).JPG,15,ZIL131,HB19436 (copy)
data/raw/archive/Padded_imgs/ZIL131/HB19436.JPG,15,ZIL131,HB19436
data/raw/archive/Padded_imgs/ZIL131/HB19438 (copy).JPG,15,ZIL131,HB19438 (copy)
data/raw/archive/Padded_imgs/ZIL131/HB19438.JPG,15,ZIL131,HB19438
data/raw/archive/Padded_imgs/ZIL131/HB19440 (copy).JPG,15,ZIL131,HB19440 (copy)
data/raw/archive/Padded_imgs/ZIL131/HB19440.JPG,15,ZIL131,HB19440
data/raw/archive/Padded_imgs/ZIL131/HB19442 (copy).JPG,15,ZIL131,HB19442 (copy)
data/raw/archive/Padded_imgs/ZIL131/HB19442.JPG,15,ZIL131,HB19442
data/raw/archive/Padded_imgs/ZIL131/HB19444 (copy).JPG,15,ZIL131,HB19444 (copy)
data/raw/archive/Padded_imgs/ZIL131/HB19444.JPG,15,ZIL131,HB19444
data/raw/archive/Padded_imgs/ZIL131/HB19446 (copy).JPG,15,ZIL131,HB19446 (copy)
data/raw/archive/Padded_imgs/ZIL131/HB19446.JPG,15,ZIL131,HB19446
data/raw/archive/Padded_imgs/ZIL131/HB19448 (copy).JPG,15,ZIL131,HB19448 (copy)
data/raw/archive/Padded_imgs/ZIL131/HB19448.JPG,15,ZIL131,HB19448
data/raw/archive/Padded_imgs/ZIL131/HB19450 (copy).JPG,15,ZIL131,HB19450 (copy)
data/raw/archive/Padded_imgs/ZIL131/HB19450.JPG,15,ZIL131,HB19450
data/raw/archive/Padded_imgs/ZIL131/HB19454 (copy).JPG,15,ZIL131,HB19454 (copy)
data/raw/archive/Padded_imgs/ZIL131/HB19454.JPG,15,ZIL131,HB19454
data/raw/archive/Padded_imgs/ZIL131/HB19456 (copy).JPG,15,ZIL131,HB19456 (copy)
data/raw/archive/Padded_imgs/ZIL131/HB19456.JPG,15,ZIL131,HB19456
data/raw/archive/Padded_imgs/ZIL131/HB19458 (copy).JPG,15,ZIL131,HB19458 (copy)
data/raw/archive/Padded_imgs/ZIL131/HB19458.JPG,15,ZIL131,HB19458
data/raw/archive/Padded_imgs/ZIL131/HB19460 (copy).JPG,15,ZIL131,HB19460 (copy)
data/raw/archive/Padded_imgs/ZIL131/HB19460.JPG,15,ZIL131,HB19460
data/raw/archive/Padded_imgs/ZIL131/HB19462 (copy).JPG,15,ZIL131,HB19462 (copy)
data/raw/archive/Padded_imgs/ZIL131/HB19462.JPG,15,ZIL131,HB19462
data/raw/archive/Padded_imgs/ZIL131/HB19464 (copy).JPG,15,ZIL131,HB19464 (copy)
data/raw/archive/Padded_imgs/ZIL131/HB19464.JPG,15,ZIL131,HB19464
data/raw/archive/Padded_imgs/ZIL131/HB19466 (copy).JPG,15,ZIL131,HB19466 (copy)
data/raw/archive/Padded_imgs/ZIL131/HB19466.JPG,15,ZIL131,HB19466
data/raw/archive/Padded_imgs/ZIL131/HB19468 (copy).JPG,15,ZIL131,HB19468 (copy)
data/raw/archive/Padded_imgs/ZIL131/HB19468.JPG,15,ZIL131,HB19468
data/raw/archive/Padded_imgs/ZIL131/HB19470 (copy).JPG,15,ZIL131,HB19470 (copy)
data/raw/archive/Padded_imgs/ZIL131/HB19470.JPG,15,ZIL131,HB19470
data/raw/archive/Padded_imgs/ZIL131/HB19472 (copy).JPG,15,ZIL131,HB19472 (copy)
data/raw/archive/Padded_imgs/ZIL131/HB19472.JPG,15,ZIL131,HB19472
data/raw/archive/Padded_imgs/ZIL131/HB19474 (copy).JPG,15,ZIL131,HB19474 (copy)
data/raw/archive/Padded_imgs/ZIL131/HB19474.JPG,15,ZIL131,HB19474
data/raw/archive/Padded_imgs/ZIL131/HB19476 (copy).JPG,15,ZIL131,HB19476 (copy)
data/raw/archive/Padded_imgs/ZIL131/HB19476.JPG,15,ZIL131,HB19476
data/raw/archive/Padded_imgs/ZIL131/HB19478 (copy).JPG,15,ZIL131,HB19478 (copy)
data/raw/archive/Padded_imgs/ZIL131/HB19478.JPG,15,ZIL131,HB19478
data/raw/archive/Padded_imgs/ZIL131/HB19479 (copy).JPG,15,ZIL131,HB19479 (copy)
data/raw/archive/Padded_imgs/ZIL131/HB19479.JPG,15,ZIL131,HB19479
data/raw/archive/Padded_imgs/ZIL131/HB19481 (copy).JPG,15,ZIL131,HB19481 (copy)
data/raw/archive/Padded_imgs/ZIL131/HB19481.JPG,15,ZIL131,HB19481
data/raw/archive/Padded_imgs/ZIL131/HB19483 (copy).JPG,15,ZIL131,HB19483 (copy)
data/raw/archive/Padded_imgs/ZIL131/HB19483.JPG,15,ZIL131,HB19483
data/raw/archive/Padded_imgs/ZIL131/HB19487 (copy).JPG,15,ZIL131,HB19487 (copy)
data/raw/archive/Padded_imgs/ZIL131/HB19487.JPG,15,ZIL131,HB19487
data/raw/archive/Padded_imgs/ZIL131/HB19491 (copy).JPG,15,ZIL131,HB19491 (copy)
data/raw/archive/Padded_imgs/ZIL131/HB19491.JPG,15,ZIL131,HB19491
data/raw/archive/Padded_imgs/ZIL131/HB19495 (copy).JPG,15,ZIL131,HB19495 (copy)
data/raw/archive/Padded_imgs/ZIL131/HB19495.JPG,15,ZIL131,HB19495
data/raw/archive/Padded_imgs/ZIL131/HB19499 (copy).JPG,15,ZIL131,HB19499 (copy)
data/raw/archive/Padded_imgs/ZIL131/HB19499.JPG,15,ZIL131,HB19499
data/raw/archive/Padded_imgs/ZIL131/HB19501 (copy).JPG,15,ZIL131,HB19501 (copy)
data/raw/archive/Padded_imgs/ZIL131/HB19501.JPG,15,ZIL131,HB19501
data/raw/archive/Padded_imgs/ZIL131/HB19503 (copy).JPG,15,ZIL131,HB19503 (copy)
data/raw/archive/Padded_imgs/ZIL131/HB19503.JPG,15,ZIL131,HB19503
data/raw/archive/Padded_imgs/ZIL131/HB19505 (copy).JPG,15,ZIL131,HB19505 (copy)
data/raw/archive/Padded_imgs/ZIL131/HB19505.JPG,15,ZIL131,HB19505
data/raw/archive/Padded_imgs/ZIL131/HB19507 (copy).JPG,15,ZIL131,HB19507 (copy)
data/raw/archive/Padded_imgs/ZIL131/HB19507.JPG,15,ZIL131,HB19507
data/raw/archive/Padded_imgs/ZIL131/HB19508 (copy).JPG,15,ZIL131,HB19508 (copy)
data/raw/archive/Padded_imgs/ZIL131/HB19508.JPG,15,ZIL131,HB19508
data/raw/archive/Padded_imgs/ZIL131/HB19512 (copy).JPG,15,ZIL131,HB19512 (copy)
data/raw/archive/Padded_imgs/ZIL131/HB19512.JPG,15,ZIL131,HB19512
data/raw/archive/Padded_imgs/ZIL131/HB19514 (copy).JPG,15,ZIL131,HB19514 (copy)
data/raw/archive/Padded_imgs/ZIL131/HB19514.JPG,15,ZIL131,HB19514
data/raw/archive/Padded_imgs/ZIL131/HB19516 (copy).JPG,15,ZIL131,HB19516 (copy)
data/raw/archive/Padded_imgs/ZIL131/HB19516.JPG,15,ZIL131,HB19516
data/raw/archive/Padded_imgs/ZIL131/HB19518 (copy).JPG,15,ZIL131,HB19518 (copy)
data/raw/archive/Padded_imgs/ZIL131/HB19518.JPG,15,ZIL131,HB19518
data/raw/archive/Padded_imgs/ZIL131/HB19520 (copy).JPG,15,ZIL131,HB19520 (copy)
data/raw/archive/Padded_imgs/ZIL131/HB19520.JPG,15,ZIL131,HB19520
data/raw/archive/Padded_imgs/ZIL131/HB19522 (copy).JPG,15,ZIL131,HB19522 (copy)
data/raw/archive/Padded_imgs/ZIL131/HB19522.JPG,15,ZIL131,HB19522
data/raw/archive/Padded_imgs/ZIL131/HB19526 (copy).JPG,15,ZIL131,HB19526 (copy)
data/raw/archive/Padded_imgs/ZIL131/HB19526.JPG,15,ZIL131,HB19526
data/raw/archive/Padded_imgs/ZIL131/HB19528 (copy).JPG,15,ZIL131,HB19528 (copy)
data/raw/archive/Padded_imgs/ZIL131/HB19528.JPG,15,ZIL131,HB19528
data/raw/archive/Padded_imgs/ZIL131/HB19530 (copy).JPG,15,ZIL131,HB19530 (copy)
data/raw/archive/Padded_imgs/ZIL131/HB19530.JPG,15,ZIL131,HB19530
data/raw/archive/Padded_imgs/ZIL131/HB19534 (copy).JPG,15,ZIL131,HB19534 (copy)
data/raw/archive/Padded_imgs/ZIL131/HB19534.JPG,15,ZIL131,HB19534
data/raw/archive/Padded_imgs/ZIL131/HB19536 (copy).JPG,15,ZIL131,HB19536 (copy)
data/raw/archive/Padded_imgs/ZIL131/HB19536.JPG,15,ZIL131,HB19536
data/raw/archive/Padded_imgs/ZIL131/HB19538 (copy).JPG,15,ZIL131,HB19538 (copy)
data/raw/archive/Padded_imgs/ZIL131/HB19538.JPG,15,ZIL131,HB19538
data/raw/archive/Padded_imgs/ZIL131/HB19540 (copy).JPG,15,ZIL131,HB19540 (copy)
data/raw/archive/Padded_imgs/ZIL131/HB19540.JPG,15,ZIL131,HB19540
data/raw/archive/Padded_imgs/ZIL131/HB19542 (copy).JPG,15,ZIL131,HB19542 (copy)
data/raw/archive/Padded_imgs/ZIL131/HB19542.JPG,15,ZIL131,HB19542
data/raw/archive/Padded_imgs/ZIL131/HB19544 (copy).JPG,15,ZIL131,HB19544 (copy)
data/raw/archive/Padded_imgs/ZIL131/HB19544.JPG,15,ZIL131,HB19544
data/raw/archive/Padded_imgs/ZIL131/HB19545 (copy).JPG,15,ZIL131,HB19545 (copy)
data/raw/archive/Padded_imgs/ZIL131/HB19545.JPG,15,ZIL131,HB19545
data/raw/archive/Padded_imgs/ZIL131/HB19547 (copy).JPG,15,ZIL131,HB19547 (copy)
data/raw/archive/Padded_imgs/ZIL131/HB19547.JPG,15,ZIL131,HB19547
data/raw/archive/Padded_imgs/ZIL131/HB19549 (copy).JPG,15,ZIL131,HB19549 (copy)
data/raw/archive/Padded_imgs/ZIL131/HB19549.JPG,15,ZIL131,HB19549
data/raw/archive/Padded_imgs/ZIL131/HB19551 (copy).JPG,15,ZIL131,HB19551 (copy)
data/raw/archive/Padded_imgs/ZIL131/HB19551.JPG,15,ZIL131,HB19551
data/raw/archive/Padded_imgs/ZIL131/HB19553 (copy).JPG,15,ZIL131,HB19553 (copy)
data/raw/archive/Padded_imgs/ZIL131/HB19553.JPG,15,ZIL131,HB19553
data/raw/archive/Padded_imgs/ZIL131/HB19555 (copy).JPG,15,ZIL131,HB19555 (copy)
data/raw/archive/Padded_imgs/ZIL131/HB19555.JPG,15,ZIL131,HB19555
data/raw/archive/Padded_imgs/ZIL131/HB19557 (copy).JPG,15,ZIL131,HB19557 (copy)
data/raw/archive/Padded_imgs/ZIL131/HB19557.JPG,15,ZIL131,HB19557
data/raw/archive/Padded_imgs/ZIL131/HB19559 (copy).JPG,15,ZIL131,HB19559 (copy)
data/raw/archive/Padded_imgs/ZIL131/HB19559.JPG,15,ZIL131,HB19559
data/raw/archive/Padded_imgs/ZIL131/HB19561 (copy).JPG,15,ZIL131,HB19561 (copy)
data/raw/archive/Padded_imgs/ZIL131/HB19561.JPG,15,ZIL131,HB19561
data/raw/archive/Padded_imgs/ZIL131/HB19563 (copy).JPG,15,ZIL131,HB19563 (copy)
data/raw/archive/Padded_imgs/ZIL131/HB19563.JPG,15,ZIL131,HB19563
data/raw/archive/Padded_imgs/ZIL131/HB19567 (copy).JPG,15,ZIL131,HB19567 (copy)
data/raw/archive/Padded_imgs/ZIL131/HB19567.JPG,15,ZIL131,HB19567
data/raw/archive/Padded_imgs/ZIL131/HB19569 (copy).JPG,15,ZIL131,HB19569 (copy)
data/raw/archive/Padded_imgs/ZIL131/HB19569.JPG,15,ZIL131,HB19569
data/raw/archive/Padded_imgs/ZIL131/HB19571 (copy).JPG,15,ZIL131,HB19571 (copy)
data/raw/archive/Padded_imgs/ZIL131/HB19571.JPG,15,ZIL131,HB19571
data/raw/archive/Padded_imgs/ZIL131/HB19573 (copy).JPG,15,ZIL131,HB19573 (copy)
data/raw/archive/Padded_imgs/ZIL131/HB19573.JPG,15,ZIL131,HB19573
data/raw/archive/Padded_imgs/ZIL131/HB19575 (copy).JPG,15,ZIL131,HB19575 (copy)
data/raw/archive/Padded_imgs/ZIL131/HB19575.JPG,15,ZIL131,HB19575
data/raw/archive/Padded_imgs/ZIL131/HB19579 (copy).JPG,15,ZIL131,HB19579 (copy)
data/raw/archive/Padded_imgs/ZIL131/HB19579.JPG,15,ZIL131,HB19579
data/raw/archive/Padded_imgs/ZIL131/HB19581 (copy).JPG,15,ZIL131,HB19581 (copy)
data/raw/archive/Padded_imgs/ZIL131/HB19581.JPG,15,ZIL131,HB19581
data/raw/archive/Padded_imgs/ZIL131/HB19583 (copy).JPG,15,ZIL131,HB19583 (copy)
data/raw/archive/Padded_imgs/ZIL131/HB19583.JPG,15,ZIL131,HB19583
data/raw/archive/Padded_imgs/ZIL131/HB19780 (copy).JPG,15,ZIL131,HB19780 (copy)
data/raw/archive/Padded_imgs/ZIL131/HB19780.JPG,15,ZIL131,HB19780
data/raw/archive/Padded_imgs/ZIL131/HB19781 (copy).JPG,15,ZIL131,HB19781 (copy)
data/raw/archive/Padded_imgs/ZIL131/HB19781.JPG,15,ZIL131,HB19781
data/raw/archive/Padded_imgs/ZIL131/HB19782 (copy).JPG,15,ZIL131,HB19782 (copy)
data/raw/archive/Padded_imgs/ZIL131/HB19782.JPG,15,ZIL131,HB19782
data/raw/archive/Padded_imgs/ZIL131/HB19783 (copy).JPG,15,ZIL131,HB19783 (copy)
data/raw/archive/Padded_imgs/ZIL131/HB19783.JPG,15,ZIL131,HB19783
data/raw/archive/Padded_imgs/ZIL131/HB19784 (copy).JPG,15,ZIL131,HB19784 (copy)
data/raw/archive/Padded_imgs/ZIL131/HB19784.JPG,15,ZIL131,HB19784
data/raw/archive/Padded_imgs/ZIL131/HB19785 (copy).JPG,15,ZIL131,HB19785 (copy)
data/raw/archive/Padded_imgs/ZIL131/HB19785.JPG,15,ZIL131,HB19785
data/raw/archive/Padded_imgs/ZIL131/HB19786 (copy).JPG,15,ZIL131,HB19786 (copy)
data/raw/archive/Padded_imgs/ZIL131/HB19786.JPG,15,ZIL131,HB19786
data/raw/archive/Padded_imgs/ZIL131/HB19787 (copy).JPG,15,ZIL131,HB19787 (copy)
data/raw/archive/Padded_imgs/ZIL131/HB19787.JPG,15,ZIL131,HB19787
data/raw/archive/Padded_imgs/ZIL131/HB19788 (copy).JPG,15,ZIL131,HB19788 (copy)
data/raw/archive/Padded_imgs/ZIL131/HB19788.JPG,15,ZIL131,HB19788
data/raw/archive/Padded_imgs/ZIL131/HB19789 (copy).JPG,15,ZIL131,HB19789 (copy)
data/raw/archive/Padded_imgs/ZIL131/HB19789.JPG,15,ZIL131,HB19789
data/raw/archive/Padded_imgs/ZIL131/HB19790 (copy).JPG,15,ZIL131,HB19790 (copy)
data/raw/archive/Padded_imgs/ZIL131/HB19790.JPG,15,ZIL131,HB19790
data/raw/archive/Padded_imgs/ZIL131/HB19791 (copy).JPG,15,ZIL131,HB19791 (copy)
data/raw/archive/Padded_imgs/ZIL131/HB19791.JPG,15,ZIL131,HB19791
data/raw/archive/Padded_imgs/ZIL131/HB19792 (copy).JPG,15,ZIL131,HB19792 (copy)
data/raw/archive/Padded_imgs/ZIL131/HB19792.JPG,15,ZIL131,HB19792
data/raw/archive/Padded_imgs/ZIL131/HB19793 (copy).JPG,15,ZIL131,HB19793 (copy)
data/raw/archive/Padded_imgs/ZIL131/HB19793.JPG,15,ZIL131,HB19793
data/raw/archive/Padded_imgs/ZIL131/HB19794 (copy).JPG,15,ZIL131,HB19794 (copy)
data/raw/archive/Padded_imgs/ZIL131/HB19794.JPG,15,ZIL131,HB19794
data/raw/archive/Padded_imgs/ZIL131/HB19795 (copy).JPG,15,ZIL131,HB19795 (copy)
data/raw/archive/Padded_imgs/ZIL131/HB19795.JPG,15,ZIL131,HB19795
data/raw/archive/Padded_imgs/ZIL131/HB19797 (copy).JPG,15,ZIL131,HB19797 (copy)
data/raw/archive/Padded_imgs/ZIL131/HB19797.JPG,15,ZIL131,HB19797
data/raw/archive/Padded_imgs/ZIL131/HB19798 (copy).JPG,15,ZIL131,HB19798 (copy)
data/raw/archive/Padded_imgs/ZIL131/HB19798.JPG,15,ZIL131,HB19798
data/raw/archive/Padded_imgs/ZIL131/HB19799 (copy).JPG,15,ZIL131,HB19799 (copy)
data/raw/archive/Padded_imgs/ZIL131/HB19799.JPG,15,ZIL131,HB19799
data/raw/archive/Padded_imgs/ZIL131/HB19801 (copy).JPG,15,ZIL131,HB19801 (copy)
data/raw/archive/Padded_imgs/ZIL131/HB19801.JPG,15,ZIL131,HB19801
data/raw/archive/Padded_imgs/ZIL131/HB19803 (copy).JPG,15,ZIL131,HB19803 (copy)
data/raw/archive/Padded_imgs/ZIL131/HB19803.JPG,15,ZIL131,HB19803
data/raw/archive/Padded_imgs/ZIL131/HB19804 (copy).JPG,15,ZIL131,HB19804 (copy)
data/raw/archive/Padded_imgs/ZIL131/HB19804.JPG,15,ZIL131,HB19804
data/raw/archive/Padded_imgs/ZIL131/HB19805 (copy).JPG,15,ZIL131,HB19805 (copy)
data/raw/archive/Padded_imgs/ZIL131/HB19805.JPG,15,ZIL131,HB19805
data/raw/archive/Padded_imgs/ZIL131/HB19806 (copy).JPG,15,ZIL131,HB19806 (copy)
data/raw/archive/Padded_imgs/ZIL131/HB19806.JPG,15,ZIL131,HB19806
data/raw/archive/Padded_imgs/ZIL131/HB19807 (copy).JPG,15,ZIL131,HB19807 (copy)
data/raw/archive/Padded_imgs/ZIL131/HB19807.JPG,15,ZIL131,HB19807
data/raw/archive/Padded_imgs/ZIL131/HB19808 (copy).JPG,15,ZIL131,HB19808 (copy)
data/raw/archive/Padded_imgs/ZIL131/HB19808.JPG,15,ZIL131,HB19808
data/raw/archive/Padded_imgs/ZIL131/HB19809 (copy).JPG,15,ZIL131,HB19809 (copy)
data/raw/archive/Padded_imgs/ZIL131/HB19809.JPG,15,ZIL131,HB19809
data/raw/archive/Padded_imgs/ZIL131/HB19810 (copy).JPG,15,ZIL131,HB19810 (copy)
data/raw/archive/Padded_imgs/ZIL131/HB19810.JPG,15,ZIL131,HB19810
data/raw/archive/Padded_imgs/ZIL131/HB19811 (copy).JPG,15,ZIL131,HB19811 (copy)
data/raw/archive/Padded_imgs/ZIL131/HB19811.JPG,15,ZIL131,HB19811
data/raw/archive/Padded_imgs/ZIL131/HB19812 (copy).JPG,15,ZIL131,HB19812 (copy)
data/raw/archive/Padded_imgs/ZIL131/HB19812.JPG,15,ZIL131,HB19812
data/raw/archive/Padded_imgs/ZIL131/HB19813 (copy).JPG,15,ZIL131,HB19813 (copy)
data/raw/archive/Padded_imgs/ZIL131/HB19813.JPG,15,ZIL131,HB19813
data/raw/archive/Padded_imgs/ZIL131/HB19814 (copy).JPG,15,ZIL131,HB19814 (copy)
data/raw/archive/Padded_imgs/ZIL131/HB19814.JPG,15,ZIL131,HB19814
data/raw/archive/Padded_imgs/ZIL131/HB19816 (copy).JPG,15,ZIL131,HB19816 (copy)
data/raw/archive/Padded_imgs/ZIL131/HB19816.JPG,15,ZIL131,HB19816
data/raw/archive/Padded_imgs/ZIL131/HB19817 (copy).JPG,17,ZIL131,HB19817 (copy)
data/raw/archive/Padded_imgs/ZIL131/HB19817.JPG,17,ZIL131,HB19817
data/raw/archive/Padded_imgs/ZIL131/HB19818 (copy).JPG,15,ZIL131,HB19818 (copy)
data/raw/archive/Padded_imgs/ZIL131/HB19818.JPG,15,ZIL131,HB19818
data/raw/archive/Padded_imgs/ZIL131/HB19820 (copy).JPG,15,ZIL131,HB19820 (copy)
data/raw/archive/Padded_imgs/ZIL131/HB19820.JPG,15,ZIL131,HB19820
data/raw/archive/Padded_imgs/ZIL131/HB19821 (copy).JPG,15,ZIL131,HB19821 (copy)
data/raw/archive/Padded_imgs/ZIL131/HB19821.JPG,15,ZIL131,HB19821
data/raw/archive/Padded_imgs/ZIL131/HB19822 (copy).JPG,15,ZIL131,HB19822 (copy)
data/raw/archive/Padded_imgs/ZIL131/HB19822.JPG,15,ZIL131,HB19822
data/raw/archive/Padded_imgs/ZIL131/HB19823 (copy).JPG,15,ZIL131,HB19823 (copy)
data/raw/archive/Padded_imgs/ZIL131/HB19823.JPG,15,ZIL131,HB19823
data/raw/archive/Padded_imgs/ZIL131/HB19824 (copy).JPG,15,ZIL131,HB19824 (copy)
data/raw/archive/Padded_imgs/ZIL131/HB19824.JPG,15,ZIL131,HB19824
data/raw/archive/Padded_imgs/ZIL131/HB19825 (copy).JPG,15,ZIL131,HB19825 (copy)
data/raw/archive/Padded_imgs/ZIL131/HB19825.JPG,15,ZIL131,HB19825
data/raw/archive/Padded_imgs/ZIL131/HB19826 (copy).JPG,15,ZIL131,HB19826 (copy)
data/raw/archive/Padded_imgs/ZIL131/HB19826.JPG,15,ZIL131,HB19826
data/raw/archive/Padded_imgs/ZIL131/HB19827 (copy).JPG,15,ZIL131,HB19827 (copy)
data/raw/archive/Padded_imgs/ZIL131/HB19827.JPG,15,ZIL131,HB19827
data/raw/archive/Padded_imgs/ZIL131/HB19828 (copy).JPG,15,ZIL131,HB19828 (copy)
data/raw/archive/Padded_imgs/ZIL131/HB19828.JPG,15,ZIL131,HB19828
data/raw/archive/Padded_imgs/ZIL131/HB19829 (copy).JPG,15,ZIL131,HB19829 (copy)
data/raw/archive/Padded_imgs/ZIL131/HB19829.JPG,15,ZIL131,HB19829
data/raw/archive/Padded_imgs/ZIL131/HB19830 (copy).JPG,15,ZIL131,HB19830 (copy)
data/raw/archive/Padded_imgs/ZIL131/HB19830.JPG,15,ZIL131,HB19830
data/raw/archive/Padded_imgs/ZIL131/HB19831 (copy).JPG,15,ZIL131,HB19831 (copy)
data/raw/archive/Padded_imgs/ZIL131/HB19831.JPG,15,ZIL131,HB19831
data/raw/archive/Padded_imgs/ZIL131/HB19833 (copy).JPG,15,ZIL131,HB19833 (copy)
data/raw/archive/Padded_imgs/ZIL131/HB19833.JPG,15,ZIL131,HB19833
data/raw/archive/Padded_imgs/ZIL131/HB19834 (copy).JPG,15,ZIL131,HB19834 (copy)
data/raw/archive/Padded_imgs/ZIL131/HB19834.JPG,15,ZIL131,HB19834
data/raw/archive/Padded_imgs/ZIL131/HB19835 (copy).JPG,15,ZIL131,HB19835 (copy)
data/raw/archive/Padded_imgs/ZIL131/HB19835.JPG,15,ZIL131,HB19835
data/raw/archive/Padded_imgs/ZIL131/HB19836 (copy).JPG,15,ZIL131,HB19836 (copy)
data/raw/archive/Padded_imgs/ZIL131/HB19836.JPG,15,ZIL131,HB19836
data/raw/archive/Padded_imgs/ZIL131/HB19838 (copy).JPG,15,ZIL131,HB19838 (copy)
data/raw/archive/Padded_imgs/ZIL131/HB19838.JPG,15,ZIL131,HB19838
data/raw/archive/Padded_imgs/ZIL131/HB19839 (copy).JPG,15,ZIL131,HB19839 (copy)
data/raw/archive/Padded_imgs/ZIL131/HB19839.JPG,15,ZIL131,HB19839
data/raw/archive/Padded_imgs/ZIL131/HB19840 (copy).JPG,15,ZIL131,HB19840 (copy)
data/raw/archive/Padded_imgs/ZIL131/HB19840.JPG,15,ZIL131,HB19840
data/raw/archive/Padded_imgs/ZIL131/HB19841 (copy).JPG,15,ZIL131,HB19841 (copy)
data/raw/archive/Padded_imgs/ZIL131/HB19841.JPG,15,ZIL131,HB19841
data/raw/archive/Padded_imgs/ZIL131/HB19842 (copy).JPG,15,ZIL131,HB19842 (copy)
data/raw/archive/Padded_imgs/ZIL131/HB19842.JPG,15,ZIL131,HB19842
data/raw/archive/Padded_imgs/ZIL131/HB19843 (copy).JPG,15,ZIL131,HB19843 (copy)
data/raw/archive/Padded_imgs/ZIL131/HB19843.JPG,15,ZIL131,HB19843
data/raw/archive/Padded_imgs/ZIL131/HB19844 (copy).JPG,15,ZIL131,HB19844 (copy)
data/raw/archive/Padded_imgs/ZIL131/HB19844.JPG,15,ZIL131,HB19844
data/raw/archive/Padded_imgs/ZIL131/HB19845 (copy).JPG,15,ZIL131,HB19845 (copy)
data/raw/archive/Padded_imgs/ZIL131/HB19845.JPG,15,ZIL131,HB19845
data/raw/archive/Padded_imgs/ZIL131/HB19846 (copy).JPG,15,ZIL131,HB19846 (copy)
data/raw/archive/Padded_imgs/ZIL131/HB19846.JPG,15,ZIL131,HB19846
data/raw/archive/Padded_imgs/ZIL131/HB19847 (copy).JPG,15,ZIL131,HB19847 (copy)
data/raw/archive/Padded_imgs/ZIL131/HB19847.JPG,15,ZIL131,HB19847
data/raw/archive/Padded_imgs/ZIL131/HB19848 (copy).JPG,15,ZIL131,HB19848 (copy)
data/raw/archive/Padded_imgs/ZIL131/HB19848.JPG,15,ZIL131,HB19848
data/raw/archive/Padded_imgs/ZIL131/HB19849 (copy).JPG,15,ZIL131,HB19849 (copy)
data/raw/archive/Padded_imgs/ZIL131/HB19849.JPG,15,ZIL131,HB19849
data/raw/archive/Padded_imgs/ZIL131/HB19850 (copy).JPG,15,ZIL131,HB19850 (copy)
data/raw/archive/Padded_imgs/ZIL131/HB19850.JPG,15,ZIL131,HB19850
data/raw/archive/Padded_imgs/ZIL131/HB19851 (copy).JPG,15,ZIL131,HB19851 (copy)
data/raw/archive/Padded_imgs/ZIL131/HB19851.JPG,15,ZIL131,HB19851
data/raw/archive/Padded_imgs/ZIL131/HB19852 (copy).JPG,15,ZIL131,HB19852 (copy)
data/raw/archive/Padded_imgs/ZIL131/HB19852.JPG,15,ZIL131,HB19852
data/raw/archive/Padded_imgs/ZIL131/HB19853 (copy).JPG,15,ZIL131,HB19853 (copy)
data/raw/archive/Padded_imgs/ZIL131/HB19853.JPG,15,ZIL131,HB19853
data/raw/archive/Padded_imgs/ZIL131/HB19854 (copy).JPG,15,ZIL131,HB19854 (copy)
data/raw/archive/Padded_imgs/ZIL131/HB19854.JPG,15,ZIL131,HB19854
data/raw/archive/Padded_imgs/ZIL131/HB19855 (copy).JPG,15,ZIL131,HB19855 (copy)
data/raw/archive/Padded_imgs/ZIL131/HB19855.JPG,15,ZIL131,HB19855
data/raw/archive/Padded_imgs/ZIL131/HB19856 (copy).JPG,15,ZIL131,HB19856 (copy)
data/raw/archive/Padded_imgs/ZIL131/HB19856.JPG,15,ZIL131,HB19856
data/raw/archive/Padded_imgs/ZIL131/HB19857 (copy).JPG,15,ZIL131,HB19857 (copy)
data/raw/archive/Padded_imgs/ZIL131/HB19857.JPG,15,ZIL131,HB19857
data/raw/archive/Padded_imgs/ZIL131/HB19858 (copy).JPG,15,ZIL131,HB19858 (copy)
data/raw/archive/Padded_imgs/ZIL131/HB19858.JPG,15,ZIL131,HB19858
data/raw/archive/Padded_imgs/ZIL131/HB19859 (copy).JPG,15,ZIL131,HB19859 (copy)
data/raw/archive/Padded_imgs/ZIL131/HB19859.JPG,15,ZIL131,HB19859
data/raw/archive/Padded_imgs/ZIL131/HB19860 (copy).JPG,15,ZIL131,HB19860 (copy)
data/raw/archive/Padded_imgs/ZIL131/HB19860.JPG,15,ZIL131,HB19860
data/raw/archive/Padded_imgs/ZIL131/HB19861 (copy).JPG,15,ZIL131,HB19861 (copy)
data/raw/archive/Padded_imgs/ZIL131/HB19861.JPG,15,ZIL131,HB19861
data/raw/archive/Padded_imgs/ZIL131/HB19862 (copy).JPG,15,ZIL131,HB19862 (copy)
data/raw/archive/Padded_imgs/ZIL131/HB19862.JPG,15,ZIL131,HB19862
data/raw/archive/Padded_imgs/ZIL131/HB19863 (copy).JPG,15,ZIL131,HB19863 (copy)
data/raw/archive/Padded_imgs/ZIL131/HB19863.JPG,15,ZIL131,HB19863
data/raw/archive/Padded_imgs/ZIL131/HB19864 (copy).JPG,15,ZIL131,HB19864 (copy)
data/raw/archive/Padded_imgs/ZIL131/HB19864.JPG,15,ZIL131,HB19864
data/raw/archive/Padded_imgs/ZIL131/HB19865 (copy).JPG,15,ZIL131,HB19865 (copy)
data/raw/archive/Padded_imgs/ZIL131/HB19865.JPG,15,ZIL131,HB19865
data/raw/archive/Padded_imgs/ZIL131/HB19867 (copy).JPG,15,ZIL131,HB19867 (copy)
data/raw/archive/Padded_imgs/ZIL131/HB19867.JPG,15,ZIL131,HB19867
data/raw/archive/Padded_imgs/ZIL131/HB19868 (copy).JPG,15,ZIL131,HB19868 (copy)
data/raw/archive/Padded_imgs/ZIL131/HB19868.JPG,15,ZIL131,HB19868
data/raw/archive/Padded_imgs/ZIL131/HB19869 (copy).JPG,15,ZIL131,HB19869 (copy)
data/raw/archive/Padded_imgs/ZIL131/HB19869.JPG,15,ZIL131,HB19869
data/raw/archive/Padded_imgs/ZIL131/HB19871 (copy).JPG,15,ZIL131,HB19871 (copy)
data/raw/archive/Padded_imgs/ZIL131/HB19871.JPG,15,ZIL131,HB19871
data/raw/archive/Padded_imgs/ZIL131/HB19872 (copy).JPG,15,ZIL131,HB19872 (copy)
data/raw/archive/Padded_imgs/ZIL131/HB19872.JPG,15,ZIL131,HB19872
data/raw/archive/Padded_imgs/ZIL131/HB19873 (copy).JPG,15,ZIL131,HB19873 (copy)
data/raw/archive/Padded_imgs/ZIL131/HB19873.JPG,15,ZIL131,HB19873
data/raw/archive/Padded_imgs/ZIL131/HB19874 (copy).JPG,15,ZIL131,HB19874 (copy)
data/raw/archive/Padded_imgs/ZIL131/HB19874.JPG,15,ZIL131,HB19874
data/raw/archive/Padded_imgs/ZIL131/HB19875 (copy).JPG,15,ZIL131,HB19875 (copy)
data/raw/archive/Padded_imgs/ZIL131/HB19875.JPG,15,ZIL131,HB19875
data/raw/archive/Padded_imgs/ZIL131/HB19876 (copy).JPG,15,ZIL131,HB19876 (copy)
data/raw/archive/Padded_imgs/ZIL131/HB19876.JPG,15,ZIL131,HB19876
data/raw/archive/Padded_imgs/ZIL131/HB19877 (copy).JPG,15,ZIL131,HB19877 (copy)
data/raw/archive/Padded_imgs/ZIL131/HB19877.JPG,15,ZIL131,HB19877
data/raw/archive/Padded_imgs/ZIL131/HB19878 (copy).JPG,15,ZIL131,HB19878 (copy)
data/raw/archive/Padded_imgs/ZIL131/HB19878.JPG,15,ZIL131,HB19878
data/raw/archive/Padded_imgs/ZIL131/HB19879 (copy).JPG,15,ZIL131,HB19879 (copy)
data/raw/archive/Padded_imgs/ZIL131/HB19879.JPG,15,ZIL131,HB19879
data/raw/archive/Padded_imgs/ZIL131/HB19880 (copy).JPG,15,ZIL131,HB19880 (copy)
data/raw/archive/Padded_imgs/ZIL131/HB19880.JPG,15,ZIL131,HB19880
data/raw/archive/Padded_imgs/ZIL131/HB19881 (copy).JPG,15,ZIL131,HB19881 (copy)
data/raw/archive/Padded_imgs/ZIL131/HB19881.JPG,15,ZIL131,HB19881
data/raw/archive/Padded_imgs/ZIL131/HB19882 (copy).JPG,15,ZIL131,HB19882 (copy)
data/raw/archive/Padded_imgs/ZIL131/HB19882.JPG,15,ZIL131,HB19882
data/raw/archive/Padded_imgs/ZIL131/HB19883 (copy).JPG,15,ZIL131,HB19883 (copy)
data/raw/archive/Padded_imgs/ZIL131/HB19883.JPG,15,ZIL131,HB19883
data/raw/archive/Padded_imgs/ZIL131/HB19884 (copy).JPG,15,ZIL131,HB19884 (copy)
data/raw/archive/Padded_imgs/ZIL131/HB19884.JPG,15,ZIL131,HB19884
data/raw/archive/Padded_imgs/ZIL131/HB19885 (copy).JPG,15,ZIL131,HB19885 (copy)
data/raw/archive/Padded_imgs/ZIL131/HB19885.JPG,15,ZIL131,HB19885
data/raw/archive/Padded_imgs/ZIL131/HB19887 (copy).JPG,15,ZIL131,HB19887 (copy)
data/raw/archive/Padded_imgs/ZIL131/HB19887.JPG,15,ZIL131,HB19887
data/raw/archive/Padded_imgs/ZIL131/HB19888 (copy).JPG,15,ZIL131,HB19888 (copy)
data/raw/archive/Padded_imgs/ZIL131/HB19888.JPG,15,ZIL131,HB19888
data/raw/archive/Padded_imgs/ZIL131/HB19889 (copy).JPG,15,ZIL131,HB19889 (copy)
data/raw/archive/Padded_imgs/ZIL131/HB19889.JPG,15,ZIL131,HB19889
data/raw/archive/Padded_imgs/ZIL131/HB19890 (copy).JPG,15,ZIL131,HB19890 (copy)
data/raw/archive/Padded_imgs/ZIL131/HB19890.JPG,15,ZIL131,HB19890
data/raw/archive/Padded_imgs/ZIL131/HB19891 (copy).JPG,15,ZIL131,HB19891 (copy)
data/raw/archive/Padded_imgs/ZIL131/HB19891.JPG,15,ZIL131,HB19891
data/raw/archive/Padded_imgs/ZIL131/HB19892 (copy).JPG,15,ZIL131,HB19892 (copy)
data/raw/archive/Padded_imgs/ZIL131/HB19892.JPG,15,ZIL131,HB19892
data/raw/archive/Padded_imgs/ZIL131/HB19893 (copy).JPG,15,ZIL131,HB19893 (copy)
data/raw/archive/Padded_imgs/ZIL131/HB19893.JPG,15,ZIL131,HB19893
data/raw/archive/Padded_imgs/ZIL131/HB19894 (copy).JPG,15,ZIL131,HB19894 (copy)
data/raw/archive/Padded_imgs/ZIL131/HB19894.JPG,15,ZIL131,HB19894
data/raw/archive/Padded_imgs/ZIL131/HB19895 (copy).JPG,15,ZIL131,HB19895 (copy)
data/raw/archive/Padded_imgs/ZIL131/HB19895.JPG,15,ZIL131,HB19895
data/raw/archive/Padded_imgs/ZIL131/HB19896 (copy).JPG,15,ZIL131,HB19896 (copy)
data/raw/archive/Padded_imgs/ZIL131/HB19896.JPG,15,ZIL131,HB19896
data/raw/archive/Padded_imgs/ZIL131/HB19897 (copy).JPG,15,ZIL131,HB19897 (copy)
data/raw/archive/Padded_imgs/ZIL131/HB19897.JPG,15,ZIL131,HB19897
data/raw/archive/Padded_imgs/ZIL131/HB19898 (copy).JPG,15,ZIL131,HB19898 (copy)
data/raw/archive/Padded_imgs/ZIL131/HB19898.JPG,15,ZIL131,HB19898
data/raw/archive/Padded_imgs/ZIL131/HB19899 (copy).JPG,15,ZIL131,HB19899 (copy)
data/raw/archive/Padded_imgs/ZIL131/HB19899.JPG,15,ZIL131,HB19899
data/raw/archive/Padded_imgs/ZIL131/HB19901 (copy).JPG,15,ZIL131,HB19901 (copy)
data/raw/archive/Padded_imgs/ZIL131/HB19901.JPG,15,ZIL131,HB19901
data/raw/archive/Padded_imgs/ZIL131/HB19902 (copy).JPG,15,ZIL131,HB19902 (copy)
data/raw/archive/Padded_imgs/ZIL131/HB19902.JPG,15,ZIL131,HB19902
data/raw/archive/Padded_imgs/ZIL131/HB19903 (copy).JPG,15,ZIL131,HB19903 (copy)
data/raw/archive/Padded_imgs/ZIL131/HB19903.JPG,15,ZIL131,HB19903
data/raw/archive/Padded_imgs/ZIL131/HB19906 (copy).JPG,15,ZIL131,HB19906 (copy)
data/raw/archive/Padded_imgs/ZIL131/HB19906.JPG,15,ZIL131,HB19906
data/raw/archive/Padded_imgs/ZIL131/HB19907 (copy).JPG,15,ZIL131,HB19907 (copy)
data/raw/archive/Padded_imgs/ZIL131/HB19907.JPG,15,ZIL131,HB19907
data/raw/archive/Padded_imgs/ZIL131/HB19908 (copy).JPG,15,ZIL131,HB19908 (copy)
data/raw/archive/Padded_imgs/ZIL131/HB19908.JPG,15,ZIL131,HB19908
data/raw/archive/Padded_imgs/ZIL131/HB19909 (copy).JPG,15,ZIL131,HB19909 (copy)
data/raw/archive/Padded_imgs/ZIL131/HB19909.JPG,15,ZIL131,HB19909
data/raw/archive/Padded_imgs/ZIL131/HB19910 (copy).JPG,15,ZIL131,HB19910 (copy)
data/raw/archive/Padded_imgs/ZIL131/HB19910.JPG,15,ZIL131,HB19910
data/raw/archive/Padded_imgs/ZIL131/HB19911 (copy).JPG,15,ZIL131,HB19911 (copy)
data/raw/archive/Padded_imgs/ZIL131/HB19911.JPG,15,ZIL131,HB19911
data/raw/archive/Padded_imgs/ZIL131/HB19912 (copy).JPG,15,ZIL131,HB19912 (copy)
data/raw/archive/Padded_imgs/ZIL131/HB19912.JPG,15,ZIL131,HB19912
data/raw/archive/Padded_imgs/ZIL131/HB19913 (copy).JPG,15,ZIL131,HB19913 (copy)
data/raw/archive/Padded_imgs/ZIL131/HB19913.JPG,15,ZIL131,HB19913
data/raw/archive/Padded_imgs/ZIL131/HB19914 (copy).JPG,15,ZIL131,HB19914 (copy)
data/raw/archive/Padded_imgs/ZIL131/HB19914.JPG,15,ZIL131,HB19914
data/raw/archive/Padded_imgs/ZIL131/HB19915 (copy).JPG,15,ZIL131,HB19915 (copy)
data/raw/archive/Padded_imgs/ZIL131/HB19915.JPG,15,ZIL131,HB19915
data/raw/archive/Padded_imgs/ZIL131/HB19916 (copy).JPG,15,ZIL131,HB19916 (copy)
data/raw/archive/Padded_imgs/ZIL131/HB19916.JPG,15,ZIL131,HB19916
data/raw/archive/Padded_imgs/ZIL131/HB19917 (copy).JPG,17,ZIL131,HB19917 (copy)
data/raw/archive/Padded_imgs/ZIL131/HB19917.JPG,17,ZIL131,HB19917
data/raw/archive/Padded_imgs/ZIL131/HB19918 (copy).JPG,15,ZIL131,HB19918 (copy)
data/raw/archive/Padded_imgs/ZIL131/HB19918.JPG,15,ZIL131,HB19918
data/raw/archive/Padded_imgs/ZIL131/HB19919 (copy).JPG,15,ZIL131,HB19919 (copy)
data/raw/archive/Padded_imgs/ZIL131/HB19919.JPG,15,ZIL131,HB19919
data/raw/archive/Padded_imgs/ZIL131/HB19920 (copy).JPG,15,ZIL131,HB19920 (copy)
data/raw/archive/Padded_imgs/ZIL131/HB19920.JPG,15,ZIL131,HB19920
data/raw/archive/Padded_imgs/ZIL131/HB19923 (copy).JPG,15,ZIL131,HB19923 (copy)
data/raw/archive/Padded_imgs/ZIL131/HB19923.JPG,15,ZIL131,HB19923
data/raw/archive/Padded_imgs/ZIL131/HB19924 (copy).JPG,15,ZIL131,HB19924 (copy)
data/raw/archive/Padded_imgs/ZIL131/HB19924.JPG,15,ZIL131,HB19924
data/raw/archive/Padded_imgs/ZIL131/HB19925 (copy).JPG,15,ZIL131,HB19925 (copy)
data/raw/archive/Padded_imgs/ZIL131/HB19925.JPG,15,ZIL131,HB19925
data/raw/archive/Padded_imgs/ZIL131/HB19926 (copy).JPG,15,ZIL131,HB19926 (copy)
data/raw/archive/Padded_imgs/ZIL131/HB19926.JPG,15,ZIL131,HB19926
data/raw/archive/Padded_imgs/ZIL131/HB19927 (copy).JPG,15,ZIL131,HB19927 (copy)
data/raw/archive/Padded_imgs/ZIL131/HB19927.JPG,15,ZIL131,HB19927
data/raw/archive/Padded_imgs/ZIL131/HB19928 (copy).JPG,15,ZIL131,HB19928 (copy)
data/raw/archive/Padded_imgs/ZIL131/HB19928.JPG,15,ZIL131,HB19928
data/raw/archive/Padded_imgs/ZIL131/HB19929 (copy).JPG,15,ZIL131,HB19929 (copy)
data/raw/archive/Padded_imgs/ZIL131/HB19929.JPG,15,ZIL131,HB19929
data/raw/archive/Padded_imgs/ZIL131/HB19930 (copy).JPG,15,ZIL131,HB19930 (copy)
data/raw/archive/Padded_imgs/ZIL131/HB19930.JPG,15,ZIL131,HB19930
data/raw/archive/Padded_imgs/ZIL131/HB19931 (copy).JPG,15,ZIL131,HB19931 (copy)
data/raw/archive/Padded_imgs/ZIL131/HB19931.JPG,15,ZIL131,HB19931
data/raw/archive/Padded_imgs/ZIL131/HB19932 (copy).JPG,15,ZIL131,HB19932 (copy)
data/raw/archive/Padded_imgs/ZIL131/HB19932.JPG,15,ZIL131,HB19932
data/raw/archive/Padded_imgs/ZIL131/HB19933 (copy).JPG,15,ZIL131,HB19933 (copy)
data/raw/archive/Padded_imgs/ZIL131/HB19933.JPG,15,ZIL131,HB19933
data/raw/archive/Padded_imgs/ZIL131/HB19934 (copy).JPG,15,ZIL131,HB19934 (copy)
data/raw/archive/Padded_imgs/ZIL131/HB19934.JPG,15,ZIL131,HB19934
data/raw/archive/Padded_imgs/ZIL131/HB19935 (copy).JPG,15,ZIL131,HB19935 (copy)
data/raw/archive/Padded_imgs/ZIL131/HB19935.JPG,15,ZIL131,HB19935
data/raw/archive/Padded_imgs/ZIL131/HB19936 (copy).JPG,15,ZIL131,HB19936 (copy)
data/raw/archive/Padded_imgs/ZIL131/HB19936.JPG,15,ZIL131,HB19936
data/raw/archive/Padded_imgs/ZIL131/HB19938 (copy).JPG,15,ZIL131,HB19938 (copy)
data/raw/archive/Padded_imgs/ZIL131/HB19938.JPG,15,ZIL131,HB19938
data/raw/archive/Padded_imgs/ZIL131/HB19939 (copy).JPG,15,ZIL131,HB19939 (copy)
data/raw/archive/Padded_imgs/ZIL131/HB19939.JPG,15,ZIL131,HB19939
data/raw/archive/Padded_imgs/ZIL131/HB19941 (copy).JPG,15,ZIL131,HB19941 (copy)
data/raw/archive/Padded_imgs/ZIL131/HB19941.JPG,15,ZIL131,HB19941
data/raw/archive/Padded_imgs/ZIL131/HB19942 (copy).JPG,15,ZIL131,HB19942 (copy)
data/raw/archive/Padded_imgs/ZIL131/HB19942.JPG,15,ZIL131,HB19942
data/raw/archive/Padded_imgs/ZIL131/HB19943 (copy).JPG,15,ZIL131,HB19943 (copy)
data/raw/archive/Padded_imgs/ZIL131/HB19943.JPG,15,ZIL131,HB19943
data/raw/archive/Padded_imgs/ZIL131/HB19944 (copy).JPG,15,ZIL131,HB19944 (copy)
data/raw/archive/Padded_imgs/ZIL131/HB19944.JPG,15,ZIL131,HB19944
data/raw/archive/Padded_imgs/ZIL131/HB19945 (copy).JPG,15,ZIL131,HB19945 (copy)
data/raw/archive/Padded_imgs/ZIL131/HB19945.JPG,15,ZIL131,HB19945
data/raw/archive/Padded_imgs/ZIL131/HB19946 (copy).JPG,15,ZIL131,HB19946 (copy)
data/raw/archive/Padded_imgs/ZIL131/HB19946.JPG,15,ZIL131,HB19946
data/raw/archive/Padded_imgs/ZIL131/HB19947 (copy).JPG,15,ZIL131,HB19947 (copy)
data/raw/archive/Padded_imgs/ZIL131/HB19947.JPG,15,ZIL131,HB19947
data/raw/archive/Padded_imgs/ZIL131/HB19949 (copy).JPG,15,ZIL131,HB19949 (copy)
data/raw/archive/Padded_imgs/ZIL131/HB19949.JPG,15,ZIL131,HB19949
data/raw/archive/Padded_imgs/ZIL131/HB19950 (copy).JPG,15,ZIL131,HB19950 (copy)
data/raw/archive/Padded_imgs/ZIL131/HB19950.JPG,15,ZIL131,HB19950
data/raw/archive/Padded_imgs/ZIL131/HB19951 (copy).JPG,15,ZIL131,HB19951 (copy)
data/raw/archive/Padded_imgs/ZIL131/HB19951.JPG,15,ZIL131,HB19951
data/raw/archive/Padded_imgs/ZIL131/HB19952 (copy).JPG,15,ZIL131,HB19952 (copy)
data/raw/archive/Padded_imgs/ZIL131/HB19952.JPG,15,ZIL131,HB19952
data/raw/archive/Padded_imgs/ZIL131/HB19953 (copy).JPG,15,ZIL131,HB19953 (copy)
data/raw/archive/Padded_imgs/ZIL131/HB19953.JPG,15,ZIL131,HB19953
data/raw/archive/Padded_imgs/ZIL131/HB19954 (copy).JPG,15,ZIL131,HB19954 (copy)
data/raw/archive/Padded_imgs/ZIL131/HB19954.JPG,15,ZIL131,HB19954
data/raw/archive/Padded_imgs/ZIL131/HB19955 (copy).JPG,15,ZIL131,HB19955 (copy)
data/raw/archive/Padded_imgs/ZIL131/HB19955.JPG,15,ZIL131,HB19955
data/raw/archive/Padded_imgs/ZIL131/HB19957 (copy).JPG,15,ZIL131,HB19957 (copy)
data/raw/archive/Padded_imgs/ZIL131/HB19957.JPG,15,ZIL131,HB19957
data/raw/archive/Padded_imgs/ZIL131/HB19958 (copy).JPG,15,ZIL131,HB19958 (copy)
data/raw/archive/Padded_imgs/ZIL131/HB19958.JPG,15,ZIL131,HB19958
data/raw/archive/Padded_imgs/ZIL131/HB19959 (copy).JPG,15,ZIL131,HB19959 (copy)
data/raw/archive/Padded_imgs/ZIL131/HB19959.JPG,15,ZIL131,HB19959
data/raw/archive/Padded_imgs/ZIL131/HB19960 (copy).JPG,15,ZIL131,HB19960 (copy)
data/raw/archive/Padded_imgs/ZIL131/HB19960.JPG,15,ZIL131,HB19960
data/raw/archive/Padded_imgs/ZIL131/HB19961 (copy).JPG,15,ZIL131,HB19961 (copy)
data/raw/archive/Padded_imgs/ZIL131/HB19961.JPG,15,ZIL131,HB19961
data/raw/archive/Padded_imgs/ZIL131/HB19962 (copy).JPG,15,ZIL131,HB19962 (copy)
data/raw/archive/Padded_imgs/ZIL131/HB19962.JPG,15,ZIL131,HB19962
data/raw/archive/Padded_imgs/ZIL131/HB19963 (copy).JPG,15,ZIL131,HB19963 (copy)
data/raw/archive/Padded_imgs/ZIL131/HB19963.JPG,15,ZIL131,HB19963
data/raw/archive/Padded_imgs/ZIL131/HB19964 (copy).JPG,15,ZIL131,HB19964 (copy)
data/raw/archive/Padded_imgs/ZIL131/HB19964.JPG,15,ZIL131,HB19964
data/raw/archive/Padded_imgs/ZIL131/HB19965 (copy).JPG,15,ZIL131,HB19965 (copy)
data/raw/archive/Padded_imgs/ZIL131/HB19965.JPG,15,ZIL131,HB19965
data/raw/archive/Padded_imgs/ZIL131/HB19966 (copy).JPG,15,ZIL131,HB19966 (copy)
data/raw/archive/Padded_imgs/ZIL131/HB19966.JPG,15,ZIL131,HB19966
data/raw/archive/Padded_imgs/ZIL131/HB19967 (copy).JPG,15,ZIL131,HB19967 (copy)
data/raw/archive/Padded_imgs/ZIL131/HB19967.JPG,15,ZIL131,HB19967
data/raw/archive/Padded_imgs/ZIL131/HB19968 (copy).JPG,15,ZIL131,HB19968 (copy)
data/raw/archive/Padded_imgs/ZIL131/HB19968.JPG,15,ZIL131,HB19968
data/raw/archive/Padded_imgs/ZIL131/HB19969 (copy).JPG,15,ZIL131,HB19969 (copy)
data/raw/archive/Padded_imgs/ZIL131/HB19969.JPG,15,ZIL131,HB19969
data/raw/archive/Padded_imgs/ZIL131/HB19971 (copy).JPG,15,ZIL131,HB19971 (copy)
data/raw/archive/Padded_imgs/ZIL131/HB19971.JPG,15,ZIL131,HB19971
data/raw/archive/Padded_imgs/ZIL131/HB19972 (copy).JPG,15,ZIL131,HB19972 (copy)
data/raw/archive/Padded_imgs/ZIL131/HB19972.JPG,15,ZIL131,HB19972
data/raw/archive/Padded_imgs/ZIL131/HB19973 (copy).JPG,15,ZIL131,HB19973 (copy)
data/raw/archive/Padded_imgs/ZIL131/HB19973.JPG,15,ZIL131,HB19973
data/raw/archive/Padded_imgs/ZIL131/HB19975 (copy).JPG,15,ZIL131,HB19975 (copy)
data/raw/archive/Padded_imgs/ZIL131/HB19975.JPG,15,ZIL131,HB19975
data/raw/archive/Padded_imgs/ZIL131/HB19976 (copy).JPG,15,ZIL131,HB19976 (copy)
data/raw/archive/Padded_imgs/ZIL131/HB19976.JPG,15,ZIL131,HB19976
data/raw/archive/Padded_imgs/ZIL131/HB19977 (copy).JPG,15,ZIL131,HB19977 (copy)
data/raw/archive/Padded_imgs/ZIL131/HB19977.JPG,15,ZIL131,HB19977
data/raw/archive/Padded_imgs/ZIL131/HB19978 (copy).JPG,15,ZIL131,HB19978 (copy)
data/raw/archive/Padded_imgs/ZIL131/HB19978.JPG,15,ZIL131,HB19978
data/raw/archive/Padded_imgs/ZIL131/HB19979 (copy).JPG,15,ZIL131,HB19979 (copy)
data/raw/archive/Padded_imgs/ZIL131/HB19979.JPG,15,ZIL131,HB19979
data/raw/archive/Padded_imgs/ZIL131/HB19980 (copy).JPG,15,ZIL131,HB19980 (copy)
data/raw/archive/Padded_imgs/ZIL131/HB19980.JPG,15,ZIL131,HB19980
data/raw/archive/Padded_imgs/ZIL131/HB19981 (copy).JPG,15,ZIL131,HB19981 (copy)
data/raw/archive/Padded_imgs/ZIL131/HB19981.JPG,15,ZIL131,HB19981
data/raw/archive/Padded_imgs/ZIL131/HB19982 (copy).JPG,15,ZIL131,HB19982 (copy)
data/raw/archive/Padded_imgs/ZIL131/HB19982.JPG,15,ZIL131,HB19982
data/raw/archive/Padded_imgs/ZIL131/HB19983 (copy).JPG,15,ZIL131,HB19983 (copy)
data/raw/archive/Padded_imgs/ZIL131/HB19983.JPG,15,ZIL131,HB19983
data/raw/archive/Padded_imgs/ZIL131/HB19984 (copy).JPG,15,ZIL131,HB19984 (copy)
data/raw/archive/Padded_imgs/ZIL131/HB19984.JPG,15,ZIL131,HB19984
data/raw/archive/Padded_imgs/ZIL131/HB19986 (copy).JPG,15,ZIL131,HB19986 (copy)
data/raw/archive/Padded_imgs/ZIL131/HB19986.JPG,15,ZIL131,HB19986
data/raw/archive/Padded_imgs/ZIL131/HB19987 (copy).JPG,15,ZIL131,HB19987 (copy)
data/raw/archive/Padded_imgs/ZIL131/HB19987.JPG,15,ZIL131,HB19987
data/raw/archive/Padded_imgs/ZIL131/HB19988 (copy).JPG,15,ZIL131,HB19988 (copy)
data/raw/archive/Padded_imgs/ZIL131/HB19988.JPG,15,ZIL131,HB19988
data/raw/archive/Padded_imgs/ZIL131/HB19989 (copy).JPG,15,ZIL131,HB19989 (copy)
data/raw/archive/Padded_imgs/ZIL131/HB19989.JPG,15,ZIL131,HB19989
data/raw/archive/Padded_imgs/ZIL131/HB19990 (copy).JPG,15,ZIL131,HB19990 (copy)
data/raw/archive/Padded_imgs/ZIL131/HB19990.JPG,15,ZIL131,HB19990
data/raw/archive/Padded_imgs/ZIL131/HB19992 (copy).JPG,15,ZIL131,HB19992 (copy)
data/raw/archive/Padded_imgs/ZIL131/HB19992.JPG,15,ZIL131,HB19992
data/raw/archive/Padded_imgs/ZIL131/HB19993 (copy).JPG,15,ZIL131,HB19993 (copy)
data/raw/archive/Padded_imgs/ZIL131/HB19993.JPG,15,ZIL131,HB19993
data/raw/archive/Padded_imgs/ZIL131/HB19994 (copy).JPG,15,ZIL131,HB19994 (copy)
data/raw/archive/Padded_imgs/ZIL131/HB19994.JPG,15,ZIL131,HB19994
data/raw/archive/Padded_imgs/ZIL131/HB19995 (copy).JPG,15,ZIL131,HB19995 (copy)
data/raw/archive/Padded_imgs/ZIL131/HB19995.JPG,15,ZIL131,HB19995
data/raw/archive/Padded_imgs/ZIL131/HB19996 (copy).JPG,15,ZIL131,HB19996 (copy)
data/raw/archive/Padded_imgs/ZIL131/HB19996.JPG,15,ZIL131,HB19996
data/raw/archive/Padded_imgs/ZIL131/HB19997 (copy).JPG,15,ZIL131,HB19997 (copy)
data/raw/archive/Padded_imgs/ZIL131/HB19997.JPG,15,ZIL131,HB19997
data/raw/archive/Padded_imgs/ZIL131/HB19998 (copy).JPG,15,ZIL131,HB19998 (copy)
data/raw/archive/Padded_imgs/ZIL131/HB19998.JPG,15,ZIL131,HB19998
data/raw/archive/Padded_imgs/ZIL131/HB19999 (copy).JPG,15,ZIL131,HB19999 (copy)
data/raw/archive/Padded_imgs/ZIL131/HB19999.JPG,15,ZIL131,HB19999
data/raw/archive/Padded_imgs/ZIL131/HB20000 (copy).JPG,15,ZIL131,HB20000 (copy)
data/raw/archive/Padded_imgs/ZIL131/HB20000.JPG,15,ZIL131,HB20000
data/raw/archive/Padded_imgs/ZIL131/HB20001 (copy).JPG,15,ZIL131,HB20001 (copy)
data/raw/archive/Padded_imgs/ZIL131/HB20001.JPG,15,ZIL131,HB20001
data/raw/archive/Padded_imgs/ZIL131/HB20002 (copy).JPG,15,ZIL131,HB20002 (copy)
data/raw/archive/Padded_imgs/ZIL131/HB20002.JPG,15,ZIL131,HB20002
data/raw/archive/Padded_imgs/ZIL131/HB20007 (copy).JPG,15,ZIL131,HB20007 (copy)
data/raw/archive/Padded_imgs/ZIL131/HB20007.JPG,15,ZIL131,HB20007
data/raw/archive/Padded_imgs/ZIL131/HB20008 (copy).JPG,15,ZIL131,HB20008 (copy)
data/raw/archive/Padded_imgs/ZIL131/HB20008.JPG,15,ZIL131,HB20008
data/raw/archive/Padded_imgs/ZIL131/HB20009 (copy).JPG,15,ZIL131,HB20009 (copy)
data/raw/archive/Padded_imgs/ZIL131/HB20009.JPG,15,ZIL131,HB20009
data/raw/archive/Padded_imgs/ZIL131/HB20010 (copy).JPG,15,ZIL131,HB20010 (copy)
data/raw/archive/Padded_imgs/ZIL131/HB20010.JPG,15,ZIL131,HB20010
data/raw/archive/Padded_imgs/ZIL131/HB20011 (copy).JPG,15,ZIL131,HB20011 (copy)
data/raw/archive/Padded_imgs/ZIL131/HB20011.JPG,15,ZIL131,HB20011
data/raw/archive/Padded_imgs/ZIL131/HB20012 (copy).JPG,15,ZIL131,HB20012 (copy)
data/raw/archive/Padded_imgs/ZIL131/HB20012.JPG,15,ZIL131,HB20012
data/raw/archive/Padded_imgs/ZIL131/HB20013 (copy).JPG,15,ZIL131,HB20013 (copy)
data/raw/archive/Padded_imgs/ZIL131/HB20013.JPG,15,ZIL131,HB20013
data/raw/archive/Padded_imgs/ZSU_23_4/HB14931.JPG,15,ZSU_23_4,HB14931
data/raw/archive/Padded_imgs/ZSU_23_4/HB14932.JPG,15,ZSU_23_4,HB14932
data/raw/archive/Padded_imgs/ZSU_23_4/HB14933.JPG,15,ZSU_23_4,HB14933
data/raw/archive/Padded_imgs/ZSU_23_4/HB14934.JPG,15,ZSU_23_4,HB14934
data/raw/archive/Padded_imgs/ZSU_23_4/HB14935.JPG,15,ZSU_23_4,HB14935
data/raw/archive/Padded_imgs/ZSU_23_4/HB14936.JPG,15,ZSU_23_4,HB14936
data/raw/archive/Padded_imgs/ZSU_23_4/HB14937.JPG,15,ZSU_23_4,HB14937
data/raw/archive/Padded_imgs/ZSU_23_4/HB14938.JPG,15,ZSU_23_4,HB14938
data/raw/archive/Padded_imgs/ZSU_23_4/HB14939.JPG,15,ZSU_23_4,HB14939
data/raw/archive/Padded_imgs/ZSU_23_4/HB14940.JPG,15,ZSU_23_4,HB14940
data/raw/archive/Padded_imgs/ZSU_23_4/HB14941.JPG,15,ZSU_23_4,HB14941
data/raw/archive/Padded_imgs/ZSU_23_4/HB14942.JPG,15,ZSU_23_4,HB14942
data/raw/archive/Padded_imgs/ZSU_23_4/HB14943.JPG,15,ZSU_23_4,HB14943
data/raw/archive/Padded_imgs/ZSU_23_4/HB14944.JPG,15,ZSU_23_4,HB14944
data/raw/archive/Padded_imgs/ZSU_23_4/HB14945.JPG,15,ZSU_23_4,HB14945
data/raw/archive/Padded_imgs/ZSU_23_4/HB14946.JPG,15,ZSU_23_4,HB14946
data/raw/archive/Padded_imgs/ZSU_23_4/HB14947.JPG,15,ZSU_23_4,HB14947
data/raw/archive/Padded_imgs/ZSU_23_4/HB14948.JPG,15,ZSU_23_4,HB14948
data/raw/archive/Padded_imgs/ZSU_23_4/HB14950.JPG,15,ZSU_23_4,HB14950
data/raw/archive/Padded_imgs/ZSU_23_4/HB14951.JPG,15,ZSU_23_4,HB14951
data/raw/archive/Padded_imgs/ZSU_23_4/HB14954.JPG,15,ZSU_23_4,HB14954
data/raw/archive/Padded_imgs/ZSU_23_4/HB14955.JPG,15,ZSU_23_4,HB14955
data/raw/archive/Padded_imgs/ZSU_23_4/HB14956.JPG,15,ZSU_23_4,HB14956
data/raw/archive/Padded_imgs/ZSU_23_4/HB14957.JPG,15,ZSU_23_4,HB14957
data/raw/archive/Padded_imgs/ZSU_23_4/HB14958.JPG,15,ZSU_23_4,HB14958
data/raw/archive/Padded_imgs/ZSU_23_4/HB14959.JPG,15,ZSU_23_4,HB14959
data/raw/archive/Padded_imgs/ZSU_23_4/HB14960.JPG,15,ZSU_23_4,HB14960
data/raw/archive/Padded_imgs/ZSU_23_4/HB14961.JPG,15,ZSU_23_4,HB14961
data/raw/archive/Padded_imgs/ZSU_23_4/HB14962.JPG,15,ZSU_23_4,HB14962
data/raw/archive/Padded_imgs/ZSU_23_4/HB14963.JPG,15,ZSU_23_4,HB14963
data/raw/archive/Padded_imgs/ZSU_23_4/HB14964.JPG,15,ZSU_23_4,HB14964
data/raw/archive/Padded_imgs/ZSU_23_4/HB14965.JPG,15,ZSU_23_4,HB14965
data/raw/archive/Padded_imgs/ZSU_23_4/HB14967.JPG,15,ZSU_23_4,HB14967
data/raw/archive/Padded_imgs/ZSU_23_4/HB14968.JPG,15,ZSU_23_4,HB14968
data/raw/archive/Padded_imgs/ZSU_23_4/HB14969.JPG,15,ZSU_23_4,HB14969
data/raw/archive/Padded_imgs/ZSU_23_4/HB14970.JPG,15,ZSU_23_4,HB14970
data/raw/archive/Padded_imgs/ZSU_23_4/HB14971.JPG,15,ZSU_23_4,HB14971
data/raw/archive/Padded_imgs/ZSU_23_4/HB14972.JPG,15,ZSU_23_4,HB14972
data/raw/archive/Padded_imgs/ZSU_23_4/HB14973.JPG,15,ZSU_23_4,HB14973
data/raw/archive/Padded_imgs/ZSU_23_4/HB14974.JPG,15,ZSU_23_4,HB14974
data/raw/archive/Padded_imgs/ZSU_23_4/HB14975.JPG,15,ZSU_23_4,HB14975
data/raw/archive/Padded_imgs/ZSU_23_4/HB14976.JPG,15,ZSU_23_4,HB14976
data/raw/archive/Padded_imgs/ZSU_23_4/HB14977.JPG,15,ZSU_23_4,HB14977
data/raw/archive/Padded_imgs/ZSU_23_4/HB14978.JPG,15,ZSU_23_4,HB14978
data/raw/archive/Padded_imgs/ZSU_23_4/HB14979.JPG,15,ZSU_23_4,HB14979
data/raw/archive/Padded_imgs/ZSU_23_4/HB14980.JPG,15,ZSU_23_4,HB14980
data/raw/archive/Padded_imgs/ZSU_23_4/HB14981.JPG,15,ZSU_23_4,HB14981
data/raw/archive/Padded_imgs/ZSU_23_4/HB14982.JPG,15,ZSU_23_4,HB14982
data/raw/archive/Padded_imgs/ZSU_23_4/HB14983.JPG,15,ZSU_23_4,HB14983
data/raw/archive/Padded_imgs/ZSU_23_4/HB14984.JPG,15,ZSU_23_4,HB14984
data/raw/archive/Padded_imgs/ZSU_23_4/HB14986.JPG,15,ZSU_23_4,HB14986
data/raw/archive/Padded_imgs/ZSU_23_4/HB14987.JPG,15,ZSU_23_4,HB14987
data/raw/archive/Padded_imgs/ZSU_23_4/HB14990.JPG,15,ZSU_23_4,HB14990
data/raw/archive/Padded_imgs/ZSU_23_4/HB14991.JPG,15,ZSU_23_4,HB14991
data/raw/archive/Padded_imgs/ZSU_23_4/HB14992.JPG,15,ZSU_23_4,HB14992
data/raw/archive/Padded_imgs/ZSU_23_4/HB14993.JPG,15,ZSU_23_4,HB14993
data/raw/archive/Padded_imgs/ZSU_23_4/HB14994.JPG,15,ZSU_23_4,HB14994
data/raw/archive/Padded_imgs/ZSU_23_4/HB14995.JPG,15,ZSU_23_4,HB14995
data/raw/archive/Padded_imgs/ZSU_23_4/HB14997.JPG,15,ZSU_23_4,HB14997
data/raw/archive/Padded_imgs/ZSU_23_4/HB14998.JPG,15,ZSU_23_4,HB14998
data/raw/archive/Padded_imgs/ZSU_23_4/HB14999.JPG,15,ZSU_23_4,HB14999
data/raw/archive/Padded_imgs/ZSU_23_4/HB15000.JPG,15,ZSU_23_4,HB15000
data/raw/archive/Padded_imgs/ZSU_23_4/HB15001.JPG,15,ZSU_23_4,HB15001
data/raw/archive/Padded_imgs/ZSU_23_4/HB15002.JPG,15,ZSU_23_4,HB15002
data/raw/archive/Padded_imgs/ZSU_23_4/HB15003.JPG,15,ZSU_23_4,HB15003
data/raw/archive/Padded_imgs/ZSU_23_4/HB15004.JPG,15,ZSU_23_4,HB15004
data/raw/archive/Padded_imgs/ZSU_23_4/HB15005.JPG,15,ZSU_23_4,HB15005
data/raw/archive/Padded_imgs/ZSU_23_4/HB15006.JPG,15,ZSU_23_4,HB15006
data/raw/archive/Padded_imgs/ZSU_23_4/HB15008.JPG,15,ZSU_23_4,HB15008
data/raw/archive/Padded_imgs/ZSU_23_4/HB15009.JPG,15,ZSU_23_4,HB15009
data/raw/archive/Padded_imgs/ZSU_23_4/HB15010.JPG,15,ZSU_23_4,HB15010
data/raw/archive/Padded_imgs/ZSU_23_4/HB15011.JPG,15,ZSU_23_4,HB15011
data/raw/archive/Padded_imgs/ZSU_23_4/HB15012.JPG,15,ZSU_23_4,HB15012
data/raw/archive/Padded_imgs/ZSU_23_4/HB15013.JPG,15,ZSU_23_4,HB15013
data/raw/archive/Padded_imgs/ZSU_23_4/HB15014.JPG,15,ZSU_23_4,HB15014
data/raw/archive/Padded_imgs/ZSU_23_4/HB15015.JPG,15,ZSU_23_4,HB15015
data/raw/archive/Padded_imgs/ZSU_23_4/HB15016.JPG,15,ZSU_23_4,HB15016
data/raw/archive/Padded_imgs/ZSU_23_4/HB15017.JPG,17,ZSU_23_4,HB15017
data/raw/archive/Padded_imgs/ZSU_23_4/HB15018.JPG,15,ZSU_23_4,HB15018
data/raw/archive/Padded_imgs/ZSU_23_4/HB15019.JPG,15,ZSU_23_4,HB15019
data/raw/archive/Padded_imgs/ZSU_23_4/HB15020.JPG,15,ZSU_23_4,HB15020
data/raw/archive/Padded_imgs/ZSU_23_4/HB15021.JPG,15,ZSU_23_4,HB15021
data/raw/archive/Padded_imgs/ZSU_23_4/HB15022.JPG,15,ZSU_23_4,HB15022
data/raw/archive/Padded_imgs/ZSU_23_4/HB15025.JPG,15,ZSU_23_4,HB15025
data/raw/archive/Padded_imgs/ZSU_23_4/HB15026.JPG,15,ZSU_23_4,HB15026
data/raw/archive/Padded_imgs/ZSU_23_4/HB15027.JPG,15,ZSU_23_4,HB15027
data/raw/archive/Padded_imgs/ZSU_23_4/HB15028.JPG,15,ZSU_23_4,HB15028
data/raw/archive/Padded_imgs/ZSU_23_4/HB15029.JPG,15,ZSU_23_4,HB15029
data/raw/archive/Padded_imgs/ZSU_23_4/HB15030.JPG,15,ZSU_23_4,HB15030
data/raw/archive/Padded_imgs/ZSU_23_4/HB15031.JPG,15,ZSU_23_4,HB15031
data/raw/archive/Padded_imgs/ZSU_23_4/HB15032.JPG,15,ZSU_23_4,HB15032
data/raw/archive/Padded_imgs/ZSU_23_4/HB15033.JPG,15,ZSU_23_4,HB15033
data/raw/archive/Padded_imgs/ZSU_23_4/HB15034.JPG,15,ZSU_23_4,HB15034
data/raw/archive/Padded_imgs/ZSU_23_4/HB15036.JPG,15,ZSU_23_4,HB15036
data/raw/archive/Padded_imgs/ZSU_23_4/HB15037.JPG,15,ZSU_23_4,HB15037
data/raw/archive/Padded_imgs/ZSU_23_4/HB15038.JPG,15,ZSU_23_4,HB15038
data/raw/archive/Padded_imgs/ZSU_23_4/HB15039.JPG,15,ZSU_23_4,HB15039
data/raw/archive/Padded_imgs/ZSU_23_4/HB15041.JPG,15,ZSU_23_4,HB15041
data/raw/archive/Padded_imgs/ZSU_23_4/HB15042.JPG,15,ZSU_23_4,HB15042
data/raw/archive/Padded_imgs/ZSU_23_4/HB15043.JPG,15,ZSU_23_4,HB15043
data/raw/archive/Padded_imgs/ZSU_23_4/HB15044.JPG,15,ZSU_23_4,HB15044
data/raw/archive/Padded_imgs/ZSU_23_4/HB15045.JPG,15,ZSU_23_4,HB15045
data/raw/archive/Padded_imgs/ZSU_23_4/HB15046.JPG,15,ZSU_23_4,HB15046
data/raw/archive/Padded_imgs/ZSU_23_4/HB15047.JPG,15,ZSU_23_4,HB15047
data/raw/archive/Padded_imgs/ZSU_23_4/HB15048.JPG,15,ZSU_23_4,HB15048
data/raw/archive/Padded_imgs/ZSU_23_4/HB15049.JPG,15,ZSU_23_4,HB15049
data/raw/archive/Padded_imgs/ZSU_23_4/HB15050.JPG,15,ZSU_23_4,HB15050
data/raw/archive/Padded_imgs/ZSU_23_4/HB15051.JPG,15,ZSU_23_4,HB15051
data/raw/archive/Padded_imgs/ZSU_23_4/HB15052.JPG,15,ZSU_23_4,HB15052
data/raw/archive/Padded_imgs/ZSU_23_4/HB15054.JPG,15,ZSU_23_4,HB15054
data/raw/archive/Padded_imgs/ZSU_23_4/HB15055.JPG,15,ZSU_23_4,HB15055
data/raw/archive/Padded_imgs/ZSU_23_4/HB15056.JPG,15,ZSU_23_4,HB15056
data/raw/archive/Padded_imgs/ZSU_23_4/HB15057.JPG,15,ZSU_23_4,HB15057
data/raw/archive/Padded_imgs/ZSU_23_4/HB15060.JPG,15,ZSU_23_4,HB15060
data/raw/archive/Padded_imgs/ZSU_23_4/HB15062.JPG,15,ZSU_23_4,HB15062
data/raw/archive/Padded_imgs/ZSU_23_4/HB15063.JPG,15,ZSU_23_4,HB15063
data/raw/archive/Padded_imgs/ZSU_23_4/HB15064.JPG,15,ZSU_23_4,HB15064
data/raw/archive/Padded_imgs/ZSU_23_4/HB15065.JPG,15,ZSU_23_4,HB15065
data/raw/archive/Padded_imgs/ZSU_23_4/HB15066.JPG,15,ZSU_23_4,HB15066
data/raw/archive/Padded_imgs/ZSU_23_4/HB15067.JPG,15,ZSU_23_4,HB15067
data/raw/archive/Padded_imgs/ZSU_23_4/HB15068.JPG,15,ZSU_23_4,HB15068
data/raw/archive/Padded_imgs/ZSU_23_4/HB15069.JPG,15,ZSU_23_4,HB15069
data/raw/archive/Padded_imgs/ZSU_23_4/HB15070.JPG,15,ZSU_23_4,HB15070
data/raw/archive/Padded_imgs/ZSU_23_4/HB15072.JPG,15,ZSU_23_4,HB15072
data/raw/archive/Padded_imgs/ZSU_23_4/HB15073.JPG,15,ZSU_23_4,HB15073
data/raw/archive/Padded_imgs/ZSU_23_4/HB15074.JPG,15,ZSU_23_4,HB15074
data/raw/archive/Padded_imgs/ZSU_23_4/HB15075.JPG,15,ZSU_23_4,HB15075
data/raw/archive/Padded_imgs/ZSU_23_4/HB15076.JPG,15,ZSU_23_4,HB15076
data/raw/archive/Padded_imgs/ZSU_23_4/HB15077.JPG,15,ZSU_23_4,HB15077
data/raw/archive/Padded_imgs/ZSU_23_4/HB15078.JPG,15,ZSU_23_4,HB15078
data/raw/archive/Padded_imgs/ZSU_23_4/HB15079.JPG,15,ZSU_23_4,HB15079
data/raw/archive/Padded_imgs/ZSU_23_4/HB15080.JPG,15,ZSU_23_4,HB15080
data/raw/archive/Padded_imgs/ZSU_23_4/HB15082.JPG,15,ZSU_23_4,HB15082
data/raw/archive/Padded_imgs/ZSU_23_4/HB15083.JPG,15,ZSU_23_4,HB15083
data/raw/archive/Padded_imgs/ZSU_23_4/HB15084.JPG,15,ZSU_23_4,HB15084
data/raw/archive/Padded_imgs/ZSU_23_4/HB15085.JPG,15,ZSU_23_4,HB15085
data/raw/archive/Padded_imgs/ZSU_23_4/HB15086.JPG,15,ZSU_23_4,HB15086
data/raw/archive/Padded_imgs/ZSU_23_4/HB15087.JPG,15,ZSU_23_4,HB15087
data/raw/archive/Padded_imgs/ZSU_23_4/HB15088.JPG,15,ZSU_23_4,HB15088
data/raw/archive/Padded_imgs/ZSU_23_4/HB15090.JPG,15,ZSU_23_4,HB15090
data/raw/archive/Padded_imgs/ZSU_23_4/HB15091.JPG,15,ZSU_23_4,HB15091
data/raw/archive/Padded_imgs/ZSU_23_4/HB15092.JPG,15,ZSU_23_4,HB15092
data/raw/archive/Padded_imgs/ZSU_23_4/HB15096.JPG,15,ZSU_23_4,HB15096
data/raw/archive/Padded_imgs/ZSU_23_4/HB15097.JPG,15,ZSU_23_4,HB15097
data/raw/archive/Padded_imgs/ZSU_23_4/HB15098.JPG,15,ZSU_23_4,HB15098
data/raw/archive/Padded_imgs/ZSU_23_4/HB15100.JPG,15,ZSU_23_4,HB15100
data/raw/archive/Padded_imgs/ZSU_23_4/HB15101.JPG,15,ZSU_23_4,HB15101
data/raw/archive/Padded_imgs/ZSU_23_4/HB15102.JPG,15,ZSU_23_4,HB15102
data/raw/archive/Padded_imgs/ZSU_23_4/HB15103.JPG,15,ZSU_23_4,HB15103
data/raw/archive/Padded_imgs/ZSU_23_4/HB15104.JPG,15,ZSU_23_4,HB15104
data/raw/archive/Padded_imgs/ZSU_23_4/HB15106.JPG,15,ZSU_23_4,HB15106
data/raw/archive/Padded_imgs/ZSU_23_4/HB15108.JPG,15,ZSU_23_4,HB15108
data/raw/archive/Padded_imgs/ZSU_23_4/HB15109.JPG,15,ZSU_23_4,HB15109
data/raw/archive/Padded_imgs/ZSU_23_4/HB15111.JPG,15,ZSU_23_4,HB15111
data/raw/archive/Padded_imgs/ZSU_23_4/HB15112.JPG,15,ZSU_23_4,HB15112
data/raw/archive/Padded_imgs/ZSU_23_4/HB15113.JPG,15,ZSU_23_4,HB15113
data/raw/archive/Padded_imgs/ZSU_23_4/HB15114.JPG,15,ZSU_23_4,HB15114
data/raw/archive/Padded_imgs/ZSU_23_4/HB15115.JPG,15,ZSU_23_4,HB15115
data/raw/archive/Padded_imgs/ZSU_23_4/HB15116.JPG,15,ZSU_23_4,HB15116
data/raw/archive/Padded_imgs/ZSU_23_4/HB15117.JPG,17,ZSU_23_4,HB15117
data/raw/archive/Padded_imgs/ZSU_23_4/HB15118.JPG,15,ZSU_23_4,HB15118
data/raw/archive/Padded_imgs/ZSU_23_4/HB15119.JPG,15,ZSU_23_4,HB15119
data/raw/archive/Padded_imgs/ZSU_23_4/HB15120.JPG,15,ZSU_23_4,HB15120
data/raw/archive/Padded_imgs/ZSU_23_4/HB15121.JPG,15,ZSU_23_4,HB15121
data/raw/archive/Padded_imgs/ZSU_23_4/HB15122.JPG,15,ZSU_23_4,HB15122
data/raw/archive/Padded_imgs/ZSU_23_4/HB15123.JPG,15,ZSU_23_4,HB15123
data/raw/archive/Padded_imgs/ZSU_23_4/HB15124.JPG,15,ZSU_23_4,HB15124
data/raw/archive/Padded_imgs/ZSU_23_4/HB15125.JPG,15,ZSU_23_4,HB15125
data/raw/archive/Padded_imgs/ZSU_23_4/HB15129.JPG,15,ZSU_23_4,HB15129
data/raw/archive/Padded_imgs/ZSU_23_4/HB15130.JPG,15,ZSU_23_4,HB15130
data/raw/archive/Padded_imgs/ZSU_23_4/HB15132.JPG,15,ZSU_23_4,HB15132
data/raw/archive/Padded_imgs/ZSU_23_4/HB15134.JPG,15,ZSU_23_4,HB15134
data/raw/archive/Padded_imgs/ZSU_23_4/HB15135.JPG,15,ZSU_23_4,HB15135
data/raw/archive/Padded_imgs/ZSU_23_4/HB15136.JPG,15,ZSU_23_4,HB15136
data/raw/archive/Padded_imgs/ZSU_23_4/HB15138.JPG,15,ZSU_23_4,HB15138
data/raw/archive/Padded_imgs/ZSU_23_4/HB15139.JPG,15,ZSU_23_4,HB15139
data/raw/archive/Padded_imgs/ZSU_23_4/HB15140.JPG,15,ZSU_23_4,HB15140
data/raw/archive/Padded_imgs/ZSU_23_4/HB15141.JPG,15,ZSU_23_4,HB15141
data/raw/archive/Padded_imgs/ZSU_23_4/HB15142.JPG,15,ZSU_23_4,HB15142
data/raw/archive/Padded_imgs/ZSU_23_4/HB15143.JPG,15,ZSU_23_4,HB15143
data/raw/archive/Padded_imgs/ZSU_23_4/HB15144.JPG,15,ZSU_23_4,HB15144
data/raw/archive/Padded_imgs/ZSU_23_4/HB15145.JPG,15,ZSU_23_4,HB15145
data/raw/archive/Padded_imgs/ZSU_23_4/HB15146.JPG,15,ZSU_23_4,HB15146
data/raw/archive/Padded_imgs/ZSU_23_4/HB15147.JPG,15,ZSU_23_4,HB15147
data/raw/archive/Padded_imgs/ZSU_23_4/HB15148.JPG,15,ZSU_23_4,HB15148
data/raw/archive/Padded_imgs/ZSU_23_4/HB15150.JPG,15,ZSU_23_4,HB15150
data/raw/archive/Padded_imgs/ZSU_23_4/HB15151.JPG,15,ZSU_23_4,HB15151
data/raw/archive/Padded_imgs/ZSU_23_4/HB15152.JPG,15,ZSU_23_4,HB15152
data/raw/archive/Padded_imgs/ZSU_23_4/HB15154.JPG,15,ZSU_23_4,HB15154
data/raw/archive/Padded_imgs/ZSU_23_4/HB15156.JPG,15,ZSU_23_4,HB15156
data/raw/archive/Padded_imgs/ZSU_23_4/HB15157.JPG,15,ZSU_23_4,HB15157
data/raw/archive/Padded_imgs/ZSU_23_4/HB15158.JPG,15,ZSU_23_4,HB15158
data/raw/archive/Padded_imgs/ZSU_23_4/HB15161.JPG,15,ZSU_23_4,HB15161
data/raw/archive/Padded_imgs/ZSU_23_4/HB15162.JPG,15,ZSU_23_4,HB15162
data/raw/archive/Padded_imgs/ZSU_23_4/HB15163.JPG,15,ZSU_23_4,HB15163
data/raw/archive/Padded_imgs/ZSU_23_4/HB15165.JPG,15,ZSU_23_4,HB15165
data/raw/archive/Padded_imgs/ZSU_23_4/HB15166.JPG,15,ZSU_23_4,HB15166
data/raw/archive/Padded_imgs/ZSU_23_4/HB15168.JPG,15,ZSU_23_4,HB15168
data/raw/archive/Padded_imgs/ZSU_23_4/HB15169.JPG,15,ZSU_23_4,HB15169
data/raw/archive/Padded_imgs/ZSU_23_4/HB15175.JPG,17,ZSU_23_4,HB15175
data/raw/archive/Padded_imgs/ZSU_23_4/HB15176.JPG,17,ZSU_23_4,HB15176
data/raw/archive/Padded_imgs/ZSU_23_4/HB15177.JPG,17,ZSU_23_4,HB15177
data/raw/archive/Padded_imgs/ZSU_23_4/HB15178.JPG,17,ZSU_23_4,HB15178
data/raw/archive/Padded_imgs/ZSU_23_4/HB15179.JPG,17,ZSU_23_4,HB15179
data/raw/archive/Padded_imgs/ZSU_23_4/HB15180.JPG,15,ZSU_23_4,HB15180
data/raw/archive/Padded_imgs/ZSU_23_4/HB15181.JPG,15,ZSU_23_4,HB15181
data/raw/archive/Padded_imgs/ZSU_23_4/HB15182.JPG,15,ZSU_23_4,HB15182
data/raw/archive/Padded_imgs/ZSU_23_4/HB15184.JPG,15,ZSU_23_4,HB15184
data/raw/archive/Padded_imgs/ZSU_23_4/HB15185.JPG,15,ZSU_23_4,HB15185
data/raw/archive/Padded_imgs/ZSU_23_4/HB15186.JPG,15,ZSU_23_4,HB15186
data/raw/archive/Padded_imgs/ZSU_23_4/HB15190.JPG,15,ZSU_23_4,HB15190
data/raw/archive/Padded_imgs/ZSU_23_4/HB15191.JPG,15,ZSU_23_4,HB15191
data/raw/archive/Padded_imgs/ZSU_23_4/HB15192.JPG,15,ZSU_23_4,HB15192
data/raw/archive/Padded_imgs/ZSU_23_4/HB15193.JPG,15,ZSU_23_4,HB15193
data/raw/archive/Padded_imgs/ZSU_23_4/HB15194.JPG,15,ZSU_23_4,HB15194
data/raw/archive/Padded_imgs/ZSU_23_4/HB15195.JPG,15,ZSU_23_4,HB15195
data/raw/archive/Padded_imgs/ZSU_23_4/HB15196.JPG,15,ZSU_23_4,HB15196
data/raw/archive/Padded_imgs/ZSU_23_4/HB15197.JPG,15,ZSU_23_4,HB15197
data/raw/archive/Padded_imgs/ZSU_23_4/HB15198.JPG,15,ZSU_23_4,HB15198
data/raw/archive/Padded_imgs/ZSU_23_4/HB15199.JPG,15,ZSU_23_4,HB15199
data/raw/archive/Padded_imgs/ZSU_23_4/HB15201.JPG,15,ZSU_23_4,HB15201
data/raw/archive/Padded_imgs/ZSU_23_4/HB15202.JPG,15,ZSU_23_4,HB15202
data/raw/archive/Padded_imgs/ZSU_23_4/HB15203.JPG,15,ZSU_23_4,HB15203
data/raw/archive/Padded_imgs/ZSU_23_4/HB15206.JPG,15,ZSU_23_4,HB15206
data/raw/archive/Padded_imgs/ZSU_23_4/HB15207.JPG,15,ZSU_23_4,HB15207
data/raw/archive/Padded_imgs/ZSU_23_4/HB15208.JPG,15,ZSU_23_4,HB15208
data/raw/archive/Padded_imgs/ZSU_23_4/HB15209.JPG,15,ZSU_23_4,HB15209
data/raw/archive/Padded_imgs/ZSU_23_4/HB15210.JPG,15,ZSU_23_4,HB15210
data/raw/archive/Padded_imgs/ZSU_23_4/HB15211.JPG,15,ZSU_23_4,HB15211
data/raw/archive/Padded_imgs/ZSU_23_4/HB15212.JPG,15,ZSU_23_4,HB15212
data/raw/archive/Padded_imgs/ZSU_23_4/HB15214.JPG,15,ZSU_23_4,HB15214
data/raw/archive/Padded_imgs/ZSU_23_4/HB15216.JPG,15,ZSU_23_4,HB15216
data/raw/archive/Padded_imgs/ZSU_23_4/HB15217.JPG,17,ZSU_23_4,HB15217
data/raw/archive/Padded_imgs/ZSU_23_4/HB15218.JPG,15,ZSU_23_4,HB15218
data/raw/archive/Padded_imgs/ZSU_23_4/HB15220.JPG,15,ZSU_23_4,HB15220
data/raw/archive/Padded_imgs/ZSU_23_4/HB15221.JPG,15,ZSU_23_4,HB15221
data/raw/archive/Padded_imgs/ZSU_23_4/HB15223.JPG,15,ZSU_23_4,HB15223
data/raw/archive/Padded_imgs/ZSU_23_4/HB15224.JPG,15,ZSU_23_4,HB15224
data/raw/archive/Padded_imgs/ZSU_23_4/HB15227.JPG,15,ZSU_23_4,HB15227
data/raw/archive/Padded_imgs/ZSU_23_4/HB15229.JPG,15,ZSU_23_4,HB15229
data/raw/archive/Padded_imgs/ZSU_23_4/HB15230.JPG,15,ZSU_23_4,HB15230
data/raw/archive/Padded_imgs/ZSU_23_4/HB15231.JPG,15,ZSU_23_4,HB15231
data/raw/archive/Padded_imgs/ZSU_23_4/HB15232.JPG,15,ZSU_23_4,HB15232
data/raw/archive/Padded_imgs/ZSU_23_4/HB15233.JPG,15,ZSU_23_4,HB15233
data/raw/archive/Padded_imgs/ZSU_23_4/HB15235.JPG,15,ZSU_23_4,HB15235
data/raw/archive/Padded_imgs/ZSU_23_4/HB15236.JPG,15,ZSU_23_4,HB15236
data/raw/archive/Padded_imgs/ZSU_23_4/HB15237.JPG,15,ZSU_23_4,HB15237
data/raw/archive/Padded_imgs/ZSU_23_4/HB15238.JPG,15,ZSU_23_4,HB15238
data/raw/archive/Padded_imgs/ZSU_23_4/HB15239.JPG,15,ZSU_23_4,HB15239
data/raw/archive/Padded_imgs/ZSU_23_4/HB15240.JPG,15,ZSU_23_4,HB15240
data/raw/archive/Padded_imgs/ZSU_23_4/HB15241.JPG,15,ZSU_23_4,HB15241
data/raw/archive/Padded_imgs/ZSU_23_4/HB15242.JPG,15,ZSU_23_4,HB15242
data/raw/archive/Padded_imgs/ZSU_23_4/HB15243.JPG,15,ZSU_23_4,HB15243
data/raw/archive/Padded_imgs/ZSU_23_4/HB15244.JPG,15,ZSU_23_4,HB15244
data/raw/archive/Padded_imgs/ZSU_23_4/HB15245.JPG,15,ZSU_23_4,HB15245
data/raw/archive/Padded_imgs/ZSU_23_4/HB15246.JPG,15,ZSU_23_4,HB15246
data/raw/archive/Padded_imgs/ZSU_23_4/HB15247.JPG,15,ZSU_23_4,HB15247
data/raw/archive/Padded_imgs/ZSU_23_4/HB15248.JPG,15,ZSU_23_4,HB15248
data/raw/archive/Padded_imgs/ZSU_23_4/HB15251.JPG,15,ZSU_23_4,HB15251
data/raw/archive/Padded_imgs/ZSU_23_4/HB15252.JPG,15,ZSU_23_4,HB15252
data/raw/archive/Padded_imgs/ZSU_23_4/HB15254.JPG,15,ZSU_23_4,HB15254
data/raw/archive/Padded_imgs/ZSU_23_4/HB15255.JPG,15,ZSU_23_4,HB15255
data/raw/archive/Padded_imgs/ZSU_23_4/HB15256.JPG,15,ZSU_23_4,HB15256
data/raw/archive/Padded_imgs/ZSU_23_4/HB15257.JPG,15,ZSU_23_4,HB15257
data/raw/archive/Padded_imgs/ZSU_23_4/HB15258.JPG,15,ZSU_23_4,HB15258
data/raw/archive/Padded_imgs/ZSU_23_4/HB15259.JPG,15,ZSU_23_4,HB15259
data/raw/archive/Padded_imgs/ZSU_23_4/HB15260.JPG,15,ZSU_23_4,HB15260
data/raw/archive/Padded_imgs/ZSU_23_4/HB15261.JPG,15,ZSU_23_4,HB15261
data/raw/archive/Padded_imgs/ZSU_23_4/HB15262.JPG,15,ZSU_23_4,HB15262
data/raw/archive/Padded_imgs/ZSU_23_4/HB15263.JPG,15,ZSU_23_4,HB15263
data/raw/archive/Padded_imgs/ZSU_23_4/HB15264.JPG,15,ZSU_23_4,HB15264
data/raw/archive/Padded_imgs/ZSU_23_4/HB15265.JPG,15,ZSU_23_4,HB15265
data/raw/archive/Padded_imgs/ZSU_23_4/HB15266.JPG,15,ZSU_23_4,HB15266
data/raw/archive/Padded_imgs/ZSU_23_4/HB15267.JPG,15,ZSU_23_4,HB15267
data/raw/archive/Padded_imgs/ZSU_23_4/HB15269.JPG,15,ZSU_23_4,HB15269
data/raw/archive/Padded_imgs/ZSU_23_4/HB15270.JPG,15,ZSU_23_4,HB15270
data/raw/archive/Padded_imgs/ZSU_23_4/HB15271.JPG,15,ZSU_23_4,HB15271
data/raw/archive/Padded_imgs/ZSU_23_4/HB15273.JPG,15,ZSU_23_4,HB15273
data/raw/archive/Padded_imgs/ZSU_23_4/HB15274.JPG,15,ZSU_23_4,HB15274
data/raw/archive/Padded_imgs/ZSU_23_4/HB15275.JPG,15,ZSU_23_4,HB15275
data/raw/archive/Padded_imgs/ZSU_23_4/HB15277.JPG,15,ZSU_23_4,HB15277
data/raw/archive/Padded_imgs/ZSU_23_4/HB15279.JPG,15,ZSU_23_4,HB15279
data/raw/archive/Padded_imgs/ZSU_23_4/HB15280.JPG,15,ZSU_23_4,HB15280
data/raw/archive/Padded_imgs/ZSU_23_4/HB15281.JPG,15,ZSU_23_4,HB15281
data/raw/archive/Padded_imgs/ZSU_23_4/HB15282.JPG,15,ZSU_23_4,HB15282
data/raw/archive/Padded_imgs/ZSU_23_4/HB15285.JPG,15,ZSU_23_4,HB15285
data/raw/archive/Padded_imgs/ZSU_23_4/HB15291.JPG,15,ZSU_23_4,HB15291
data/raw/archive/Padded_imgs/ZSU_23_4/HB15293.JPG,15,ZSU_23_4,HB15293
data/raw/archive/Padded_imgs/ZSU_23_4/HB15294.JPG,15,ZSU_23_4,HB15294
data/raw/archive/Padded_imgs/ZSU_23_4/HB15295.JPG,15,ZSU_23_4,HB15295
data/raw/archive/Padded_imgs/ZSU_23_4/HB15296.JPG,15,ZSU_23_4,HB15296
data/raw/archive/Padded_imgs/ZSU_23_4/HB15298.JPG,15,ZSU_23_4,HB15298
data/raw/archive/Padded_imgs/ZSU_23_4/HB15299.JPG,15,ZSU_23_4,HB15299
data/raw/archive/Padded_imgs/ZSU_23_4/HB15300.JPG,15,ZSU_23_4,HB15300
data/raw/archive/Padded_imgs/ZSU_23_4/HB15301.JPG,15,ZSU_23_4,HB15301
data/raw/archive/Padded_imgs/ZSU_23_4/HB15302.JPG,15,ZSU_23_4,HB15302
data/raw/archive/Padded_imgs/ZSU_23_4/HB15303.JPG,15,ZSU_23_4,HB15303
data/raw/archive/Padded_imgs/ZSU_23_4/HB15304.JPG,15,ZSU_23_4,HB15304
data/raw/archive/Padded_imgs/ZSU_23_4/HB15305.JPG,15,ZSU_23_4,HB15305
data/raw/archive/Padded_imgs/ZSU_23_4/HB15306.JPG,15,ZSU_23_4,HB15306
data/raw/archive/Padded_imgs/ZSU_23_4/HB15307.JPG,15,ZSU_23_4,HB15307
data/raw/archive/Padded_imgs/ZSU_23_4/HB15308.JPG,15,ZSU_23_4,HB15308
data/raw/archive/Padded_imgs/ZSU_23_4/HB15309.JPG,15,ZSU_23_4,HB15309
data/raw/archive/Padded_imgs/ZSU_23_4/HB15310.JPG,15,ZSU_23_4,HB15310
data/raw/archive/Padded_imgs/ZSU_23_4/HB15311.JPG,15,ZSU_23_4,HB15311
data/raw/archive/Padded_imgs/ZSU_23_4/HB15313.JPG,15,ZSU_23_4,HB15313
data/raw/archive/Padded_imgs/ZSU_23_4/HB15315.JPG,15,ZSU_23_4,HB15315
data/raw/archive/Padded_imgs/ZSU_23_4/HB15317.JPG,17,ZSU_23_4,HB15317
data/raw/archive/Padded_imgs/ZSU_23_4/HB15318.JPG,15,ZSU_23_4,HB15318
data/raw/archive/Padded_imgs/ZSU_23_4/HB15319.JPG,15,ZSU_23_4,HB15319
data/raw/archive/Padded_imgs/ZSU_23_4/HB15320.JPG,15,ZSU_23_4,HB15320
data/raw/archive/Padded_imgs/ZSU_23_4/HB15321.JPG,15,ZSU_23_4,HB15321
data/raw/archive/Padded_imgs/ZSU_23_4/HB15322.JPG,15,ZSU_23_4,HB15322
data/raw/archive/Padded_imgs/ZSU_23_4/HB15323.JPG,15,ZSU_23_4,HB15323
data/raw/archive/Padded_imgs/ZSU_23_4/HB15324.JPG,15,ZSU_23_4,HB15324
data/raw/archive/Padded_imgs/ZSU_23_4/HB15325.JPG,15,ZSU_23_4,HB15325
data/raw/archive/Padded_imgs/ZSU_23_4/HB15326.JPG,15,ZSU_23_4,HB15326
data/raw/archive/Padded_imgs/ZSU_23_4/HB15327.JPG,15,ZSU_23_4,HB15327
data/raw/archive/Padded_imgs/ZSU_23_4/HB15328.JPG,15,ZSU_23_4,HB15328
data/raw/archive/Padded_imgs/ZSU_23_4/HB15329.JPG,15,ZSU_23_4,HB15329
data/raw/archive/Padded_imgs/ZSU_23_4/HB15330.JPG,15,ZSU_23_4,HB15330
data/raw/archive/Padded_imgs/ZSU_23_4/HB15332.JPG,15,ZSU_23_4,HB15332
data/raw/archive/Padded_imgs/ZSU_23_4/HB15333.JPG,15,ZSU_23_4,HB15333
data/raw/archive/Padded_imgs/ZSU_23_4/HB15334.JPG,15,ZSU_23_4,HB15334
data/raw/archive/Padded_imgs/ZSU_23_4/HB15335.JPG,15,ZSU_23_4,HB15335
data/raw/archive/Padded_imgs/ZSU_23_4/HB15337.JPG,15,ZSU_23_4,HB15337
data/raw/archive/Padded_imgs/ZSU_23_4/HB15338.JPG,15,ZSU_23_4,HB15338
data/raw/archive/Padded_imgs/ZSU_23_4/HB15339.JPG,15,ZSU_23_4,HB15339
data/raw/archive/Padded_imgs/ZSU_23_4/HB15341.JPG,15,ZSU_23_4,HB15341
data/raw/archive/Padded_imgs/ZSU_23_4/HB15342.JPG,15,ZSU_23_4,HB15342
data/raw/archive/Padded_imgs/ZSU_23_4/HB15343.JPG,15,ZSU_23_4,HB15343
data/raw/archive/Padded_imgs/ZSU_23_4/HB15344.JPG,15,ZSU_23_4,HB15344
data/raw/archive/Padded_imgs/ZSU_23_4/HB15345.JPG,15,ZSU_23_4,HB15345
data/raw/archive/Padded_imgs/ZSU_23_4/HB15348.JPG,15,ZSU_23_4,HB15348
data/raw/archive/Padded_imgs/ZSU_23_4/HB15349.JPG,15,ZSU_23_4,HB15349
data/raw/archive/Padded_imgs/ZSU_23_4/HB15350.JPG,15,ZSU_23_4,HB15350
data/raw/archive/Padded_imgs/ZSU_23_4/HB15351.JPG,15,ZSU_23_4,HB15351
data/raw/archive/Padded_imgs/ZSU_23_4/HB15352.JPG,15,ZSU_23_4,HB15352
data/raw/archive/Padded_imgs/ZSU_23_4/HB15353.JPG,15,ZSU_23_4,HB15353
data/raw/archive/Padded_imgs/ZSU_23_4/HB15354.JPG,15,ZSU_23_4,HB15354
data/raw/archive/Padded_imgs/ZSU_23_4/HB15355.JPG,15,ZSU_23_4,HB15355
data/raw/archive/Padded_imgs/ZSU_23_4/HB15356.JPG,15,ZSU_23_4,HB15356
data/raw/archive/Padded_imgs/ZSU_23_4/HB15357.JPG,15,ZSU_23_4,HB15357
data/raw/archive/Padded_imgs/ZSU_23_4/HB15360.JPG,15,ZSU_23_4,HB15360
data/raw/archive/Padded_imgs/ZSU_23_4/HB15361.JPG,15,ZSU_23_4,HB15361
data/raw/archive/Padded_imgs/ZSU_23_4/HB15362.JPG,15,ZSU_23_4,HB15362
data/raw/archive/Padded_imgs/ZSU_23_4/HB15363.JPG,15,ZSU_23_4,HB15363
data/raw/archive/Padded_imgs/ZSU_23_4/HB15364.JPG,15,ZSU_23_4,HB15364
data/raw/archive/Padded_imgs/ZSU_23_4/HB15365.JPG,15,ZSU_23_4,HB15365
data/raw/archive/Padded_imgs/ZSU_23_4/HB15366.JPG,15,ZSU_23_4,HB15366
data/raw/archive/Padded_imgs/ZSU_23_4/HB15367.JPG,15,ZSU_23_4,HB15367
data/raw/archive/Padded_imgs/ZSU_23_4/HB15368.JPG,15,ZSU_23_4,HB15368
data/raw/archive/Padded_imgs/ZSU_23_4/HB15369.JPG,15,ZSU_23_4,HB15369
data/raw/archive/Padded_imgs/ZSU_23_4/HB15370.JPG,15,ZSU_23_4,HB15370
data/raw/archive/Padded_imgs/ZSU_23_4/HB15371.JPG,15,ZSU_23_4,HB15371
data/raw/archive/Padded_imgs/ZSU_23_4/HB15372.JPG,15,ZSU_23_4,HB15372
data/raw/archive/Padded_imgs/ZSU_23_4/HB15373.JPG,15,ZSU_23_4,HB15373
data/raw/archive/Padded_imgs/ZSU_23_4/HB15374.JPG,15,ZSU_23_4,HB15374
data/raw/archive/Padded_imgs/ZSU_23_4/HB15375.JPG,15,ZSU_23_4,HB15375
data/raw/archive/Padded_imgs/ZSU_23_4/HB15376.JPG,15,ZSU_23_4,HB15376
data/raw/archive/Padded_imgs/ZSU_23_4/HB15377.JPG,15,ZSU_23_4,HB15377
data/raw/archive/Padded_imgs/ZSU_23_4/HB15378.JPG,15,ZSU_23_4,HB15378
data/raw/archive/Padded_imgs/ZSU_23_4/HB15379.JPG,15,ZSU_23_4,HB15379
data/raw/archive/Padded_imgs/ZSU_23_4/HB15380.JPG,15,ZSU_23_4,HB15380
data/raw/archive/Padded_imgs/ZSU_23_4/HB15381.JPG,15,ZSU_23_4,HB15381
data/raw/archive/Padded_imgs/ZSU_23_4/HB15382.JPG,15,ZSU_23_4,HB15382
data/raw/archive/Padded_imgs/ZSU_23_4/HB15383.JPG,15,ZSU_23_4,HB15383
data/raw/archive/Padded_imgs/ZSU_23_4/HB15384.JPG,15,ZSU_23_4,HB15384
data/raw/archive/Padded_imgs/ZSU_23_4/HB15385.JPG,15,ZSU_23_4,HB15385
data/raw/archive/Padded_imgs/ZSU_23_4/HB15386.JPG,15,ZSU_23_4,HB15386
data/raw/archive/Padded_imgs/ZSU_23_4/HB15387.JPG,15,ZSU_23_4,HB15387
data/raw/archive/Padded_imgs/ZSU_23_4/HB15390.JPG,15,ZSU_23_4,HB15390
data/raw/archive/Padded_imgs/ZSU_23_4/HB15391.JPG,15,ZSU_23_4,HB15391
data/raw/archive/Padded_imgs/ZSU_23_4/HB15392.JPG,15,ZSU_23_4,HB15392
data/raw/archive/Padded_imgs/ZSU_23_4/HB15393.JPG,15,ZSU_23_4,HB15393
data/raw/archive/Padded_imgs/ZSU_23_4/HB15394.JPG,15,ZSU_23_4,HB15394
data/raw/archive/Padded_imgs/ZSU_23_4/HB15395.JPG,15,ZSU_23_4,HB15395
data/raw/archive/Padded_imgs/ZSU_23_4/HB15396.JPG,15,ZSU_23_4,HB15396
data/raw/archive/Padded_imgs/ZSU_23_4/HB15397.JPG,15,ZSU_23_4,HB15397
data/raw/archive/Padded_imgs/ZSU_23_4/HB15399.JPG,15,ZSU_23_4,HB15399
data/raw/archive/Padded_imgs/ZSU_23_4/HB15400.JPG,15,ZSU_23_4,HB15400
data/raw/archive/Padded_imgs/ZSU_23_4/HB15401.JPG,15,ZSU_23_4,HB15401
data/raw/archive/Padded_imgs/ZSU_23_4/HB15402.JPG,15,ZSU_23_4,HB15402
data/raw/archive/Padded_imgs/ZSU_23_4/HB15403.JPG,15,ZSU_23_4,HB15403
data/raw/archive/Padded_imgs/ZSU_23_4/HB15405.JPG,15,ZSU_23_4,HB15405
data/raw/archive/Padded_imgs/ZSU_23_4/HB15406.JPG,15,ZSU_23_4,HB15406
data/raw/archive/Padded_imgs/ZSU_23_4/HB15407.JPG,15,ZSU_23_4,HB15407
data/raw/archive/Padded_imgs/ZSU_23_4/HB15408.JPG,15,ZSU_23_4,HB15408
data/raw/archive/Padded_imgs/ZSU_23_4/HB15409.JPG,15,ZSU_23_4,HB15409
data/raw/archive/Padded_imgs/ZSU_23_4/HB15410.JPG,15,ZSU_23_4,HB15410
data/raw/archive/Padded_imgs/ZSU_23_4/HB15411.JPG,15,ZSU_23_4,HB15411
data/raw/archive/Padded_imgs/ZSU_23_4/HB15412.JPG,15,ZSU_23_4,HB15412
data/raw/archive/Padded_imgs/ZSU_23_4/HB15413.JPG,15,ZSU_23_4,HB15413
data/raw/archive/Padded_imgs/ZSU_23_4/HB15414.JPG,15,ZSU_23_4,HB15414
data/raw/archive/Padded_imgs/ZSU_23_4/HB15415.JPG,15,ZSU_23_4,HB15415
data/raw/archive/Padded_imgs/ZSU_23_4/HB15417.JPG,17,ZSU_23_4,HB15417
data/raw/archive/Padded_imgs/ZSU_23_4/HB15418.JPG,15,ZSU_23_4,HB15418
data/raw/archive/Padded_imgs/ZSU_23_4/HB15419.JPG,15,ZSU_23_4,HB15419
data/raw/archive/Padded_imgs/ZSU_23_4/HB15420.JPG,15,ZSU_23_4,HB15420
data/raw/archive/Padded_imgs/ZSU_23_4/HB15421.JPG,15,ZSU_23_4,HB15421
data/raw/archive/Padded_imgs/ZSU_23_4/HB15422.JPG,15,ZSU_23_4,HB15422
data/raw/archive/Padded_imgs/ZSU_23_4/HB15423.JPG,15,ZSU_23_4,HB15423
data/raw/archive/Padded_imgs/ZSU_23_4/HB15424.JPG,15,ZSU_23_4,HB15424
data/raw/archive/Padded_imgs/ZSU_23_4/HB15425.JPG,15,ZSU_23_4,HB15425
data/raw/archive/Padded_imgs/ZSU_23_4/HB15426.JPG,15,ZSU_23_4,HB15426
data/raw/archive/Padded_imgs/ZSU_23_4/HB15427.JPG,15,ZSU_23_4,HB15427
data/raw/archive/Padded_imgs/ZSU_23_4/HB15430.JPG,15,ZSU_23_4,HB15430
data/raw/archive/Padded_imgs/ZSU_23_4/HB15431.JPG,15,ZSU_23_4,HB15431
data/raw/archive/Padded_imgs/ZSU_23_4/HB15432.JPG,15,ZSU_23_4,HB15432
data/raw/archive/Padded_imgs/ZSU_23_4/HB15434.JPG,15,ZSU_23_4,HB15434
data/raw/archive/Padded_imgs/ZSU_23_4/HB15435.JPG,15,ZSU_23_4,HB15435
data/raw/archive/Padded_imgs/ZSU_23_4/HB15437.JPG,15,ZSU_23_4,HB15437
data/raw/archive/Padded_imgs/ZSU_23_4/HB15438.JPG,15,ZSU_23_4,HB15438
data/raw/archive/Padded_imgs/ZSU_23_4/HB15439.JPG,15,ZSU_23_4,HB15439
data/raw/archive/Padded_imgs/ZSU_23_4/HB15440.JPG,15,ZSU_23_4,HB15440
data/raw/archive/Padded_imgs/ZSU_23_4/HB15441.JPG,15,ZSU_23_4,HB15441
data/raw/archive/Padded_imgs/ZSU_23_4/HB15442.JPG,15,ZSU_23_4,HB15442
data/raw/archive/Padded_imgs/ZSU_23_4/HB15444.JPG,15,ZSU_23_4,HB15444
data/raw/archive/Padded_imgs/ZSU_23_4/HB15445.JPG,15,ZSU_23_4,HB15445
data/raw/archive/Padded_imgs/ZSU_23_4/HB15446.JPG,15,ZSU_23_4,HB15446
data/raw/archive/Padded_imgs/ZSU_23_4/HB15448.JPG,15,ZSU_23_4,HB15448
data/raw/archive/Padded_imgs/ZSU_23_4/HB15449.JPG,15,ZSU_23_4,HB15449
data/raw/archive/Padded_imgs/ZSU_23_4/HB15450.JPG,15,ZSU_23_4,HB15450
data/raw/archive/Padded_imgs/ZSU_23_4/HB15451.JPG,15,ZSU_23_4,HB15451
data/raw/archive/Padded_imgs/ZSU_23_4/HB15452.JPG,15,ZSU_23_4,HB15452
data/raw/archive/Padded_imgs/ZSU_23_4/HB15453.JPG,15,ZSU_23_4,HB15453
data/raw/archive/Padded_imgs/ZSU_23_4/HB15454.JPG,15,ZSU_23_4,HB15454
data/raw/archive/Padded_imgs/ZSU_23_4/HB15456.JPG,15,ZSU_23_4,HB15456
data/raw/archive/Padded_imgs/ZSU_23_4/HB15457.JPG,15,ZSU_23_4,HB15457
data/raw/archive/Padded_imgs/ZSU_23_4/HB15459.JPG,15,ZSU_23_4,HB15459
data/raw/archive/Padded_imgs/ZSU_23_4/HB15460.JPG,15,ZSU_23_4,HB15460
data/raw/archive/Padded_imgs/ZSU_23_4/HB15463.JPG,15,ZSU_23_4,HB15463
data/raw/archive/Padded_imgs/ZSU_23_4/HB15464.JPG,15,ZSU_23_4,HB15464
data/raw/archive/Padded_imgs/ZSU_23_4/HB15465.JPG,15,ZSU_23_4,HB15465
data/raw/archive/Padded_imgs/ZSU_23_4/HB15466.JPG,15,ZSU_23_4,HB15466
data/raw/archive/Padded_imgs/ZSU_23_4/HB15467.JPG,15,ZSU_23_4,HB15467
data/raw/archive/Padded_imgs/ZSU_23_4/HB15468.JPG,15,ZSU_23_4,HB15468
data/raw/archive/Padded_imgs/ZSU_23_4/HB15469.JPG,15,ZSU_23_4,HB15469
data/raw/archive/Padded_imgs/ZSU_23_4/HB15470.JPG,15,ZSU_23_4,HB15470
data/raw/archive/Padded_imgs/ZSU_23_4/HB15471.JPG,15,ZSU_23_4,HB15471
data/raw/archive/Padded_imgs/ZSU_23_4/HB15472.JPG,15,ZSU_23_4,HB15472
data/raw/archive/Padded_imgs/ZSU_23_4/HB15473.JPG,15,ZSU_23_4,HB15473
data/raw/archive/Padded_imgs/ZSU_23_4/HB15474.JPG,15,ZSU_23_4,HB15474
data/raw/archive/Padded_imgs/ZSU_23_4/HB15475.JPG,15,ZSU_23_4,HB15475
data/raw/archive/Padded_imgs/ZSU_23_4/HB15476.JPG,15,ZSU_23_4,HB15476
data/raw/archive/Padded_imgs/ZSU_23_4/HB15477.JPG,15,ZSU_23_4,HB15477
data/raw/archive/Padded_imgs/ZSU_23_4/HB15478.JPG,15,ZSU_23_4,HB15478
data/raw/archive/Padded_imgs/ZSU_23_4/HB15479.JPG,15,ZSU_23_4,HB15479
data/raw/archive/Padded_imgs/ZSU_23_4/HB15480.JPG,15,ZSU_23_4,HB15480
data/raw/archive/Padded_imgs/ZSU_23_4/HB15481.JPG,15,ZSU_23_4,HB15481
data/raw/archive/Padded_imgs/ZSU_23_4/HB15482.JPG,15,ZSU_23_4,HB15482
data/raw/archive/Padded_imgs/ZSU_23_4/HB15483.JPG,15,ZSU_23_4,HB15483
data/raw/archive/Padded_imgs/ZSU_23_4/HB15484.JPG,15,ZSU_23_4,HB15484
data/raw/archive/Padded_imgs/ZSU_23_4/HB15485.JPG,15,ZSU_23_4,HB15485
data/raw/archive/Padded_imgs/ZSU_23_4/HB15486.JPG,15,ZSU_23_4,HB15486
data/raw/archive/Padded_imgs/ZSU_23_4/HB15487.JPG,15,ZSU_23_4,HB15487
data/raw/archive/Padded_imgs/ZSU_23_4/HB15488.JPG,15,ZSU_23_4,HB15488
data/raw/archive/Padded_imgs/ZSU_23_4/HB15490.JPG,15,ZSU_23_4,HB15490
data/raw/archive/Padded_imgs/ZSU_23_4/HB15493.JPG,15,ZSU_23_4,HB15493
data/raw/archive/Padded_imgs/ZSU_23_4/HB15494.JPG,15,ZSU_23_4,HB15494
data/raw/archive/Padded_imgs/ZSU_23_4/HB15495.JPG,15,ZSU_23_4,HB15495
data/raw/archive/Padded_imgs/ZSU_23_4/HB15496.JPG,15,ZSU_23_4,HB15496
data/raw/archive/Padded_imgs/ZSU_23_4/HB15497.JPG,15,ZSU_23_4,HB15497
data/raw/archive/Padded_imgs/ZSU_23_4/HB15498.JPG,15,ZSU_23_4,HB15498
data/raw/archive/Padded_imgs/ZSU_23_4/HB15499.JPG,15,ZSU_23_4,HB15499
data/raw/archive/Padded_imgs/ZSU_23_4/HB15500.JPG,15,ZSU_23_4,HB15500
data/raw/archive/Padded_imgs/ZSU_23_4/HB15501.JPG,15,ZSU_23_4,HB15501
data/raw/archive/Padded_imgs/ZSU_23_4/HB15502.JPG,15,ZSU_23_4,HB15502
data/raw/archive/Padded_imgs/ZSU_23_4/HB15503.JPG,15,ZSU_23_4,HB15503
data/raw/archive/Padded_imgs/ZSU_23_4/HB15504.JPG,15,ZSU_23_4,HB15504
data/raw/archive/Padded_imgs/ZSU_23_4/HB15505.JPG,15,ZSU_23_4,HB15505
data/raw/archive/Padded_imgs/ZSU_23_4/HB15506.JPG,15,ZSU_23_4,HB15506
data/raw/archive/Padded_imgs/ZSU_23_4/HB15508.JPG,15,ZSU_23_4,HB15508
data/raw/archive/Padded_imgs/ZSU_23_4/HB15509.JPG,15,ZSU_23_4,HB15509
data/raw/archive/Padded_imgs/ZSU_23_4/HB15510.JPG,15,ZSU_23_4,HB15510
data/raw/archive/Padded_imgs/ZSU_23_4/HB15511.JPG,15,ZSU_23_4,HB15511
data/raw/archive/Padded_imgs/ZSU_23_4/HB15512.JPG,15,ZSU_23_4,HB15512
data/raw/archive/Padded_imgs/ZSU_23_4/HB15514.JPG,15,ZSU_23_4,HB15514
data/raw/archive/Padded_imgs/ZSU_23_4/HB15515.JPG,15,ZSU_23_4,HB15515
data/raw/archive/Padded_imgs/ZSU_23_4/HB15516.JPG,15,ZSU_23_4,HB15516
data/raw/archive/Padded_imgs/ZSU_23_4/HB15517.JPG,17,ZSU_23_4,HB15517
data/raw/archive/Padded_imgs/ZSU_23_4/HB15518.JPG,15,ZSU_23_4,HB15518
data/raw/archive/Padded_imgs/ZSU_23_4/HB15522.JPG,15,ZSU_23_4,HB15522
data/raw/archive/Padded_imgs/ZSU_23_4/HB15523.JPG,15,ZSU_23_4,HB15523
data/raw/archive/Padded_imgs/ZSU_23_4/HB15524.JPG,15,ZSU_23_4,HB15524
data/raw/archive/Padded_imgs/ZSU_23_4/HB15525.JPG,15,ZSU_23_4,HB15525
data/raw/archive/Padded_imgs/ZSU_23_4/HB15526.JPG,15,ZSU_23_4,HB15526
data/raw/archive/Padded_imgs/ZSU_23_4/HB15527.JPG,15,ZSU_23_4,HB15527
data/raw/archive/Padded_imgs/ZSU_23_4/HB15528.JPG,15,ZSU_23_4,HB15528
data/raw/archive/Padded_imgs/ZSU_23_4/HB15529.JPG,15,ZSU_23_4,HB15529
data/raw/archive/Padded_imgs/ZSU_23_4/HB15530.JPG,15,ZSU_23_4,HB15530
data/raw/archive/Padded_imgs/ZSU_23_4/HB15531.JPG,15,ZSU_23_4,HB15531
data/raw/archive/Padded_imgs/ZSU_23_4/HB15532.JPG,15,ZSU_23_4,HB15532
data/raw/archive/Padded_imgs/ZSU_23_4/HB15533.JPG,15,ZSU_23_4,HB15533
data/raw/archive/Padded_imgs/ZSU_23_4/HB15534.JPG,15,ZSU_23_4,HB15534
data/raw/archive/Padded_imgs/ZSU_23_4/HB15535.JPG,15,ZSU_23_4,HB15535
data/raw/archive/Padded_imgs/ZSU_23_4/HB15536.JPG,15,ZSU_23_4,HB15536
data/raw/archive/Padded_imgs/ZSU_23_4/HB15537.JPG,15,ZSU_23_4,HB15537
data/raw/archive/Padded_imgs/ZSU_23_4/HB15538.JPG,15,ZSU_23_4,HB15538
data/raw/archive/Padded_imgs/ZSU_23_4/HB15542.JPG,15,ZSU_23_4,HB15542
data/raw/archive/Padded_imgs/ZSU_23_4/HB15543.JPG,15,ZSU_23_4,HB15543
data/raw/archive/Padded_imgs/ZSU_23_4/HB15544.JPG,15,ZSU_23_4,HB15544
data/raw/archive/Padded_imgs/ZSU_23_4/HB15545.JPG,15,ZSU_23_4,HB15545
data/raw/archive/Padded_imgs/ZSU_23_4/HB15546.JPG,15,ZSU_23_4,HB15546
data/raw/archive/Padded_imgs/ZSU_23_4/HB15547.JPG,15,ZSU_23_4,HB15547
data/raw/archive/Padded_imgs/ZSU_23_4/HB15550.JPG,15,ZSU_23_4,HB15550
data/raw/archive/Padded_imgs/ZSU_23_4/HB15551.JPG,15,ZSU_23_4,HB15551
data/raw/archive/Padded_imgs/ZSU_23_4/HB15552.JPG,15,ZSU_23_4,HB15552
data/raw/archive/Padded_imgs/ZSU_23_4/HB15553.JPG,15,ZSU_23_4,HB15553
data/raw/archive/Padded_imgs/ZSU_23_4/HB15554.JPG,15,ZSU_23_4,HB15554
data/raw/archive/Padded_imgs/ZSU_23_4/HB15556.JPG,15,ZSU_23_4,HB15556
data/raw/archive/Padded_imgs/ZSU_23_4/HB15557.JPG,15,ZSU_23_4,HB15557
data/raw/archive/Padded_imgs/ZSU_23_4/HB15558.JPG,15,ZSU_23_4,HB15558
data/raw/archive/Padded_imgs/ZSU_23_4/HB15559.JPG,15,ZSU_23_4,HB15559
data/raw/archive/Padded_imgs/ZSU_23_4/HB15560.JPG,15,ZSU_23_4,HB15560
data/raw/archive/Padded_imgs/ZSU_23_4/HB15561.JPG,15,ZSU_23_4,HB15561
data/raw/archive/Padded_imgs/ZSU_23_4/HB15562.JPG,15,ZSU_23_4,HB15562
data/raw/archive/Padded_imgs/ZSU_23_4/HB15563.JPG,15,ZSU_23_4,HB15563
data/raw/archive/Padded_imgs/ZSU_23_4/HB15564.JPG,15,ZSU_23_4,HB15564
data/raw/archive/Padded_imgs/ZSU_23_4/HB15565.JPG,15,ZSU_23_4,HB15565
data/raw/archive/Padded_imgs/ZSU_23_4/HB15566.JPG,15,ZSU_23_4,HB15566
data/raw/archive/Padded_imgs/ZSU_23_4/HB15567.JPG,15,ZSU_23_4,HB15567
data/raw/archive/Padded_imgs/ZSU_23_4/HB15568.JPG,15,ZSU_23_4,HB15568
data/raw/archive/Padded_imgs/ZSU_23_4/HB15569.JPG,15,ZSU_23_4,HB15569
data/raw/archive/Padded_imgs/ZSU_23_4/HB15570.JPG,15,ZSU_23_4,HB15570
data/raw/archive/Padded_imgs/ZSU_23_4/HB15572.JPG,15,ZSU_23_4,HB15572
data/raw/archive/Padded_imgs/ZSU_23_4/HB15573.JPG,15,ZSU_23_4,HB15573
data/raw/archive/Padded_imgs/ZSU_23_4/HB15574.JPG,15,ZSU_23_4,HB15574
data/raw/archive/Padded_imgs/ZSU_23_4/HB15576.JPG,15,ZSU_23_4,HB15576
data/raw/archive/Padded_imgs/ZSU_23_4/HB15577.JPG,15,ZSU_23_4,HB15577
data/raw/archive/Padded_imgs/ZSU_23_4/HB15579.JPG,15,ZSU_23_4,HB15579
data/raw/archive/Padded_imgs/ZSU_23_4/HB15580.JPG,15,ZSU_23_4,HB15580
data/raw/archive/Padded_imgs/ZSU_23_4/HB15582.JPG,15,ZSU_23_4,HB15582
data/raw/archive/Padded_imgs/ZSU_23_4/HB15583.JPG,15,ZSU_23_4,HB15583
data/raw/archive/Padded_imgs/ZSU_23_4/HB15584.JPG,15,ZSU_23_4,HB15584
data/raw/archive/Padded_imgs/ZSU_23_4/HB15585.JPG,15,ZSU_23_4,HB15585
data/raw/archive/Padded_imgs/ZSU_23_4/HB15586.JPG,15,ZSU_23_4,HB15586
data/raw/archive/Padded_imgs/ZSU_23_4/HB15587.JPG,15,ZSU_23_4,HB15587
data/raw/archive/Padded_imgs/ZSU_23_4/HB15588.JPG,15,ZSU_23_4,HB15588
data/raw/archive/Padded_imgs/ZSU_23_4/HB15589.JPG,15,ZSU_23_4,HB15589
data/raw/archive/Padded_imgs/ZSU_23_4/HB15590.JPG,15,ZSU_23_4,HB15590
data/raw/archive/Padded_imgs/ZSU_23_4/HB15591.JPG,15,ZSU_23_4,HB15591
data/raw/archive/Padded_imgs/ZSU_23_4/HB15592.JPG,15,ZSU_23_4,HB15592
data/raw/archive/Padded_imgs/ZSU_23_4/HB15593.JPG,15,ZSU_23_4,HB15593
data/raw/archive/Padded_imgs/ZSU_23_4/HB15594.JPG,15,ZSU_23_4,HB15594
data/raw/archive/Padded_imgs/ZSU_23_4/HB15595.JPG,15,ZSU_23_4,HB15595
data/raw/archive/Padded_imgs/ZSU_23_4/HB15596.JPG,15,ZSU_23_4,HB15596
data/raw/archive/Padded_imgs/ZSU_23_4/HB15598.JPG,15,ZSU_23_4,HB15598
data/raw/archive/Padded_imgs/ZSU_23_4/HB15599.JPG,15,ZSU_23_4,HB15599
data/raw/archive/Padded_imgs/ZSU_23_4/HB15600.JPG,15,ZSU_23_4,HB15600
data/raw/archive/Padded_imgs/ZSU_23_4/HB15601.JPG,15,ZSU_23_4,HB15601
data/raw/archive/Padded_imgs/ZSU_23_4/HB15602.JPG,15,ZSU_23_4,HB15602
data/raw/archive/Padded_imgs/ZSU_23_4/HB15603.JPG,15,ZSU_23_4,HB15603
data/raw/archive/Padded_imgs/ZSU_23_4/HB15606.JPG,15,ZSU_23_4,HB15606
data/raw/archive/Padded_imgs/ZSU_23_4/HB15607.JPG,15,ZSU_23_4,HB15607
data/raw/archive/Padded_imgs/ZSU_23_4/HB15608.JPG,15,ZSU_23_4,HB15608
data/raw/archive/Padded_imgs/ZSU_23_4/HB15610.JPG,15,ZSU_23_4,HB15610
data/raw/archive/Padded_imgs/ZSU_23_4/HB15611.JPG,15,ZSU_23_4,HB15611
data/raw/archive/Padded_imgs/ZSU_23_4/HB15612.JPG,15,ZSU_23_4,HB15612
data/raw/archive/Padded_imgs/ZSU_23_4/HB15614.JPG,15,ZSU_23_4,HB15614
data/raw/archive/Padded_imgs/ZSU_23_4/HB15615.JPG,15,ZSU_23_4,HB15615
data/raw/archive/Padded_imgs/ZSU_23_4/HB15616.JPG,15,ZSU_23_4,HB15616
data/raw/archive/Padded_imgs/ZSU_23_4/HB16226.JPG,15,ZSU_23_4,HB16226
data/raw/archive/Padded_imgs/ZSU_23_4/HB16227.JPG,15,ZSU_23_4,HB16227
data/raw/archive/Padded_imgs/ZSU_23_4/HB16228.JPG,15,ZSU_23_4,HB16228
data/raw/archive/Padded_imgs/ZSU_23_4/HB16229.JPG,15,ZSU_23_4,HB16229
data/raw/archive/Padded_imgs/ZSU_23_4/HB16230.JPG,15,ZSU_23_4,HB16230
data/raw/archive/Padded_imgs/ZSU_23_4/HB16231.JPG,15,ZSU_23_4,HB16231
data/raw/archive/Padded_imgs/ZSU_23_4/HB16232.JPG,15,ZSU_23_4,HB16232
data/raw/archive/Padded_imgs/ZSU_23_4/HB16233.JPG,15,ZSU_23_4,HB16233
data/raw/archive/Padded_imgs/ZSU_23_4/HB16234.JPG,15,ZSU_23_4,HB16234
data/raw/archive/Padded_imgs/ZSU_23_4/HB16235.JPG,15,ZSU_23_4,HB16235
data/raw/archive/Padded_imgs/ZSU_23_4/HB16236.JPG,15,ZSU_23_4,HB16236
data/raw/archive/Padded_imgs/ZSU_23_4/HB16237.JPG,15,ZSU_23_4,HB16237
data/raw/archive/Padded_imgs/ZSU_23_4/HB16238.JPG,15,ZSU_23_4,HB16238
data/raw/archive/Padded_imgs/ZSU_23_4/HB16239.JPG,15,ZSU_23_4,HB16239
data/raw/archive/Padded_imgs/ZSU_23_4/HB16240.JPG,15,ZSU_23_4,HB16240
data/raw/archive/Padded_imgs/ZSU_23_4/HB16241.JPG,15,ZSU_23_4,HB16241
data/raw/archive/Padded_imgs/ZSU_23_4/HB16242.JPG,15,ZSU_23_4,HB16242
data/raw/archive/Padded_imgs/ZSU_23_4/HB16243.JPG,15,ZSU_23_4,HB16243
data/raw/archive/Padded_imgs/ZSU_23_4/HB16244.JPG,15,ZSU_23_4,HB16244
data/raw/archive/Padded_imgs/ZSU_23_4/HB16245.JPG,15,ZSU_23_4,HB16245
data/raw/archive/Padded_imgs/ZSU_23_4/HB16246.JPG,15,ZSU_23_4,HB16246
data/raw/archive/Padded_imgs/ZSU_23_4/HB16247.JPG,15,ZSU_23_4,HB16247
data/raw/archive/Padded_imgs/ZSU_23_4/HB16248.JPG,15,ZSU_23_4,HB16248
data/raw/archive/Padded_imgs/ZSU_23_4/HB16249.JPG,15,ZSU_23_4,HB16249
data/raw/archive/Padded_imgs/ZSU_23_4/HB16250.JPG,15,ZSU_23_4,HB16250
data/raw/archive/Padded_imgs/ZSU_23_4/HB16251.JPG,15,ZSU_23_4,HB16251
data/raw/archive/Padded_imgs/ZSU_23_4/HB16252.JPG,15,ZSU_23_4,HB16252
data/raw/archive/Padded_imgs/ZSU_23_4/HB16253.JPG,15,ZSU_23_4,HB16253
data/raw/archive/Padded_imgs/ZSU_23_4/HB16254.JPG,15,ZSU_23_4,HB16254
data/raw/archive/Padded_imgs/ZSU_23_4/HB16255.JPG,15,ZSU_23_4,HB16255
data/raw/archive/Padded_imgs/ZSU_23_4/HB16256.JPG,15,ZSU_23_4,HB16256
data/raw/archive/Padded_imgs/ZSU_23_4/HB16258.JPG,15,ZSU_23_4,HB16258
data/raw/archive/Padded_imgs/ZSU_23_4/HB16259.JPG,15,ZSU_23_4,HB16259
data/raw/archive/Padded_imgs/ZSU_23_4/HB16261.JPG,15,ZSU_23_4,HB16261
data/raw/archive/Padded_imgs/ZSU_23_4/HB16266.JPG,15,ZSU_23_4,HB16266
data/raw/archive/Padded_imgs/ZSU_23_4/HB16267.JPG,15,ZSU_23_4,HB16267
data/raw/archive/Padded_imgs/ZSU_23_4/HB16268.JPG,15,ZSU_23_4,HB16268
data/raw/archive/Padded_imgs/ZSU_23_4/HB16269.JPG,15,ZSU_23_4,HB16269
data/raw/archive/Padded_imgs/ZSU_23_4/HB16270.JPG,15,ZSU_23_4,HB16270
data/raw/archive/Padded_imgs/ZSU_23_4/HB16271.JPG,15,ZSU_23_4,HB16271
data/raw/archive/Padded_imgs/ZSU_23_4/HB16273.JPG,15,ZSU_23_4,HB16273
data/raw/archive/Padded_imgs/ZSU_23_4/HB16274.JPG,15,ZSU_23_4,HB16274
data/raw/archive/Padded_imgs/ZSU_23_4/HB16275.JPG,15,ZSU_23_4,HB16275
data/raw/archive/Padded_imgs/ZSU_23_4/HB16278.JPG,15,ZSU_23_4,HB16278
data/raw/archive/Padded_imgs/ZSU_23_4/HB16279.JPG,15,ZSU_23_4,HB16279
data/raw/archive/Padded_imgs/ZSU_23_4/HB16280.JPG,15,ZSU_23_4,HB16280
data/raw/archive/Padded_imgs/ZSU_23_4/HB16281.JPG,15,ZSU_23_4,HB16281
data/raw/archive/Padded_imgs/ZSU_23_4/HB16282.JPG,15,ZSU_23_4,HB16282
data/raw/archive/Padded_imgs/ZSU_23_4/HB16283.JPG,15,ZSU_23_4,HB16283
data/raw/archive/Padded_imgs/ZSU_23_4/HB16285.JPG,15,ZSU_23_4,HB16285
data/raw/archive/Padded_imgs/ZSU_23_4/HB16286.JPG,15,ZSU_23_4,HB16286
data/raw/archive/Padded_imgs/ZSU_23_4/HB16287.JPG,15,ZSU_23_4,HB16287
data/raw/archive/Padded_imgs/ZSU_23_4/HB16288.JPG,15,ZSU_23_4,HB16288
data/raw/archive/Padded_imgs/ZSU_23_4/HB16290.JPG,15,ZSU_23_4,HB16290
data/raw/archive/Padded_imgs/ZSU_23_4/HB16291.JPG,15,ZSU_23_4,HB16291
data/raw/archive/Padded_imgs/ZSU_23_4/HB16292.JPG,15,ZSU_23_4,HB16292
data/raw/archive/Padded_imgs/ZSU_23_4/HB16293.JPG,15,ZSU_23_4,HB16293
data/raw/archive/Padded_imgs/ZSU_23_4/HB16294.JPG,15,ZSU_23_4,HB16294
data/raw/archive/Padded_imgs/ZSU_23_4/HB16295.JPG,15,ZSU_23_4,HB16295
data/raw/archive/Padded_imgs/ZSU_23_4/HB16296.JPG,15,ZSU_23_4,HB16296
data/raw/archive/Padded_imgs/ZSU_23_4/HB16297.JPG,15,ZSU_23_4,HB16297
data/raw/archive/Padded_imgs/ZSU_23_4/HB16298.JPG,15,ZSU_23_4,HB16298
data/raw/archive/Padded_imgs/ZSU_23_4/HB16299.JPG,15,ZSU_23_4,HB16299
data/raw/archive/Padded_imgs/ZSU_23_4/HB16300.JPG,15,ZSU_23_4,HB16300
data/raw/archive/Padded_imgs/ZSU_23_4/HB16301.JPG,15,ZSU_23_4,HB16301
data/raw/archive/Padded_imgs/ZSU_23_4/HB16302.JPG,15,ZSU_23_4,HB16302
data/raw/archive/Padded_imgs/ZSU_23_4/HB16303.JPG,15,ZSU_23_4,HB16303
data/raw/archive/Padded_imgs/ZSU_23_4/HB16304.JPG,15,ZSU_23_4,HB16304
data/raw/archive/Padded_imgs/ZSU_23_4/HB16305.JPG,15,ZSU_23_4,HB16305
data/raw/archive/Padded_imgs/ZSU_23_4/HB16306.JPG,15,ZSU_23_4,HB16306
data/raw/archive/Padded_imgs/ZSU_23_4/HB16307.JPG,15,ZSU_23_4,HB16307
data/raw/archive/Padded_imgs/ZSU_23_4/HB16322.JPG,15,ZSU_23_4,HB16322
data/raw/archive/Padded_imgs/ZSU_23_4/HB16323.JPG,15,ZSU_23_4,HB16323
data/raw/archive/Padded_imgs/ZSU_23_4/HB16324.JPG,15,ZSU_23_4,HB16324
data/raw/archive/Padded_imgs/ZSU_23_4/HB16325.JPG,15,ZSU_23_4,HB16325
data/raw/archive/Padded_imgs/ZSU_23_4/HB16326.JPG,15,ZSU_23_4,HB16326
data/raw/archive/Padded_imgs/ZSU_23_4/HB16327.JPG,15,ZSU_23_4,HB16327
data/raw/archive/Padded_imgs/ZSU_23_4/HB16328.JPG,15,ZSU_23_4,HB16328
data/raw/archive/Padded_imgs/ZSU_23_4/HB16329.JPG,15,ZSU_23_4,HB16329
data/raw/archive/Padded_imgs/ZSU_23_4/HB16330.JPG,15,ZSU_23_4,HB16330
data/raw/archive/Padded_imgs/ZSU_23_4/HB16331.JPG,15,ZSU_23_4,HB16331
data/raw/archive/Padded_imgs/ZSU_23_4/HB16332.JPG,15,ZSU_23_4,HB16332
data/raw/archive/Padded_imgs/ZSU_23_4/HB16333.JPG,15,ZSU_23_4,HB16333
data/raw/archive/Padded_imgs/ZSU_23_4/HB16334.JPG,15,ZSU_23_4,HB16334
data/raw/archive/Padded_imgs/ZSU_23_4/HB16335.JPG,15,ZSU_23_4,HB16335
data/raw/archive/Padded_imgs/ZSU_23_4/HB16336.JPG,15,ZSU_23_4,HB16336
data/raw/archive/Padded_imgs/ZSU_23_4/HB16337.JPG,15,ZSU_23_4,HB16337
data/raw/archive/Padded_imgs/ZSU_23_4/HB16338.JPG,15,ZSU_23_4,HB16338
data/raw/archive/Padded_imgs/ZSU_23_4/HB16339.JPG,15,ZSU_23_4,HB16339
data/raw/archive/Padded_imgs/ZSU_23_4/HB16340.JPG,15,ZSU_23_4,HB16340
data/raw/archive/Padded_imgs/ZSU_23_4/HB16341.JPG,15,ZSU_23_4,HB16341
data/raw/archive/Padded_imgs/ZSU_23_4/HB16342.JPG,15,ZSU_23_4,HB16342
data/raw/archive/Padded_imgs/ZSU_23_4/HB16343.JPG,15,ZSU_23_4,HB16343
data/raw/archive/Padded_imgs/ZSU_23_4/HB16344.JPG,15,ZSU_23_4,HB16344
data/raw/archive/Padded_imgs/ZSU_23_4/HB16345.JPG,15,ZSU_23_4,HB16345
data/raw/archive/Padded_imgs/ZSU_23_4/HB16346.JPG,15,ZSU_23_4,HB16346
data/raw/archive/Padded_imgs/ZSU_23_4/HB16347.JPG,15,ZSU_23_4,HB16347
data/raw/archive/Padded_imgs/ZSU_23_4/HB16348.JPG,15,ZSU_23_4,HB16348
data/raw/archive/Padded_imgs/ZSU_23_4/HB16349.JPG,15,ZSU_23_4,HB16349
data/raw/archive/Padded_imgs/ZSU_23_4/HB16350.JPG,15,ZSU_23_4,HB16350
data/raw/archive/Padded_imgs/ZSU_23_4/HB16352.JPG,15,ZSU_23_4,HB16352
data/raw/archive/Padded_imgs/ZSU_23_4/HB16353.JPG,15,ZSU_23_4,HB16353
data/raw/archive/Padded_imgs/ZSU_23_4/HB16354.JPG,15,ZSU_23_4,HB16354
data/raw/archive/Padded_imgs/ZSU_23_4/HB16355.JPG,15,ZSU_23_4,HB16355
data/raw/archive/Padded_imgs/ZSU_23_4/HB16356.JPG,15,ZSU_23_4,HB16356
data/raw/archive/Padded_imgs/ZSU_23_4/HB16357.JPG,15,ZSU_23_4,HB16357
data/raw/archive/Padded_imgs/ZSU_23_4/HB16358.JPG,15,ZSU_23_4,HB16358
data/raw/archive/Padded_imgs/ZSU_23_4/HB16359.JPG,15,ZSU_23_4,HB16359
data/raw/archive/Padded_imgs/ZSU_23_4/HB16360.JPG,15,ZSU_23_4,HB16360
data/raw/archive/Padded_imgs/ZSU_23_4/HB16363.JPG,15,ZSU_23_4,HB16363
data/raw/archive/Padded_imgs/ZSU_23_4/HB16364.JPG,15,ZSU_23_4,HB16364
data/raw/archive/Padded_imgs/ZSU_23_4/HB16379.JPG,15,ZSU_23_4,HB16379
data/raw/archive/Padded_imgs/ZSU_23_4/HB16380.JPG,15,ZSU_23_4,HB16380
data/raw/archive/Padded_imgs/ZSU_23_4/HB16381.JPG,15,ZSU_23_4,HB16381
data/raw/archive/Padded_imgs/ZSU_23_4/HB16382.JPG,15,ZSU_23_4,HB16382
data/raw/archive/Padded_imgs/ZSU_23_4/HB16383.JPG,15,ZSU_23_4,HB16383
data/raw/archive/Padded_imgs/ZSU_23_4/HB16385.JPG,15,ZSU_23_4,HB16385
data/raw/archive/Padded_imgs/ZSU_23_4/HB16386.JPG,15,ZSU_23_4,HB16386
data/raw/archive/Padded_imgs/ZSU_23_4/HB16387.JPG,15,ZSU_23_4,HB16387
data/raw/archive/Padded_imgs/ZSU_23_4/HB16388.JPG,15,ZSU_23_4,HB16388
data/raw/archive/Padded_imgs/ZSU_23_4/HB16389.JPG,15,ZSU_23_4,HB16389
data/raw/archive/Padded_imgs/ZSU_23_4/HB16390.JPG,15,ZSU_23_4,HB16390
data/raw/archive/Padded_imgs/ZSU_23_4/HB16391.JPG,15,ZSU_23_4,HB16391
data/raw/archive/Padded_imgs/ZSU_23_4/HB16392.JPG,15,ZSU_23_4,HB16392
data/raw/archive/Padded_imgs/ZSU_23_4/HB16393.JPG,15,ZSU_23_4,HB16393
data/raw/archive/Padded_imgs/ZSU_23_4/HB16394.JPG,15,ZSU_23_4,HB16394
data/raw/archive/Padded_imgs/ZSU_23_4/HB16395.JPG,15,ZSU_23_4,HB16395
data/raw/archive/Padded_imgs/ZSU_23_4/HB16396.JPG,15,ZSU_23_4,HB16396
data/raw/archive/Padded_imgs/ZSU_23_4/HB16397.JPG,15,ZSU_23_4,HB16397
data/raw/archive/Padded_imgs/ZSU_23_4/HB16398.JPG,15,ZSU_23_4,HB16398
data/raw/archive/Padded_imgs/ZSU_23_4/HB16400.JPG,15,ZSU_23_4,HB16400
data/raw/archive/Padded_imgs/ZSU_23_4/HB16401.JPG,15,ZSU_23_4,HB16401
data/raw/archive/Padded_imgs/ZSU_23_4/HB16403.JPG,15,ZSU_23_4,HB16403
data/raw/archive/Padded_imgs/ZSU_23_4/HB16404.JPG,15,ZSU_23_4,HB16404
data/raw/archive/Padded_imgs/ZSU_23_4/HB16405.JPG,15,ZSU_23_4,HB16405
data/raw/archive/Padded_imgs/ZSU_23_4/HB16406.JPG,15,ZSU_23_4,HB16406
data/raw/archive/Padded_imgs/ZSU_23_4/HB16407.JPG,15,ZSU_23_4,HB16407
data/raw/archive/Padded_imgs/ZSU_23_4/HB16408.JPG,15,ZSU_23_4,HB16408
data/raw/archive/Padded_imgs/ZSU_23_4/HB16409.JPG,15,ZSU_23_4,HB16409
data/raw/archive/Padded_imgs/ZSU_23_4/HB16410.JPG,15,ZSU_23_4,HB16410
data/raw/archive/Padded_imgs/ZSU_23_4/HB16411.JPG,15,ZSU_23_4,HB16411
data/raw/archive/Padded_imgs/ZSU_23_4/HB16412.JPG,15,ZSU_23_4,HB16412
data/raw/archive/Padded_imgs/ZSU_23_4/HB16413.JPG,15,ZSU_23_4,HB16413
data/raw/archive/Padded_imgs/ZSU_23_4/HB16414.JPG,15,ZSU_23_4,HB16414
data/raw/archive/Padded_imgs/ZSU_23_4/HB16425.JPG,15,ZSU_23_4,HB16425
data/raw/archive/Padded_imgs/ZSU_23_4/HB16426.JPG,15,ZSU_23_4,HB16426
data/raw/archive/Padded_imgs/ZSU_23_4/HB16427.JPG,15,ZSU_23_4,HB16427
data/raw/archive/Padded_imgs/ZSU_23_4/HB16428.JPG,15,ZSU_23_4,HB16428
data/raw/archive/Padded_imgs/ZSU_23_4/HB16430.JPG,15,ZSU_23_4,HB16430
data/raw/archive/Padded_imgs/ZSU_23_4/HB16431.JPG,15,ZSU_23_4,HB16431
data/raw/archive/Padded_imgs/ZSU_23_4/HB16432.JPG,15,ZSU_23_4,HB16432
data/raw/archive/Padded_imgs/ZSU_23_4/HB16435.JPG,15,ZSU_23_4,HB16435
data/raw/archive/Padded_imgs/ZSU_23_4/HB16436.JPG,15,ZSU_23_4,HB16436
data/raw/archive/Padded_imgs/ZSU_23_4/HB16438.JPG,15,ZSU_23_4,HB16438
data/raw/archive/Padded_imgs/ZSU_23_4/HB16439.JPG,15,ZSU_23_4,HB16439
data/raw/archive/Padded_imgs/ZSU_23_4/HB16440.JPG,15,ZSU_23_4,HB16440
data/raw/archive/Padded_imgs/ZSU_23_4/HB16441.JPG,15,ZSU_23_4,HB16441
data/raw/archive/Padded_imgs/ZSU_23_4/HB16442.JPG,15,ZSU_23_4,HB16442
data/raw/archive/Padded_imgs/ZSU_23_4/HB16443.JPG,15,ZSU_23_4,HB16443
data/raw/archive/Padded_imgs/ZSU_23_4/HB16444.JPG,15,ZSU_23_4,HB16444
data/raw/archive/Padded_imgs/ZSU_23_4/HB16445.JPG,15,ZSU_23_4,HB16445
data/raw/archive/Padded_imgs/ZSU_23_4/HB16446.JPG,15,ZSU_23_4,HB16446
data/raw/archive/Padded_imgs/ZSU_23_4/HB16447.JPG,15,ZSU_23_4,HB16447
data/raw/archive/Padded_imgs/ZSU_23_4/HB16448.JPG,15,ZSU_23_4,HB16448
data/raw/archive/Padded_imgs/ZSU_23_4/HB16449.JPG,15,ZSU_23_4,HB16449
data/raw/archive/Padded_imgs/ZSU_23_4/HB16450.JPG,15,ZSU_23_4,HB16450
data/raw/archive/Padded_imgs/ZSU_23_4/HB16451.JPG,15,ZSU_23_4,HB16451
data/raw/archive/Padded_imgs/ZSU_23_4/HB16452.JPG,15,ZSU_23_4,HB16452
data/raw/archive/Padded_imgs/ZSU_23_4/HB16453.JPG,15,ZSU_23_4,HB16453
data/raw/archive/Padded_imgs/ZSU_23_4/HB16454.JPG,15,ZSU_23_4,HB16454
data/raw/archive/Padded_imgs/ZSU_23_4/HB16455.JPG,15,ZSU_23_4,HB16455
data/raw/archive/Padded_imgs/ZSU_23_4/HB16467.JPG,15,ZSU_23_4,HB16467
data/raw/archive/Padded_imgs/ZSU_23_4/HB16468.JPG,15,ZSU_23_4,HB16468
data/raw/archive/Padded_imgs/ZSU_23_4/HB16469.JPG,15,ZSU_23_4,HB16469
data/raw/archive/Padded_imgs/ZSU_23_4/HB16470.JPG,15,ZSU_23_4,HB16470
data/raw/archive/Padded_imgs/ZSU_23_4/HB16471.JPG,15,ZSU_23_4,HB16471
data/raw/archive/Padded_imgs/ZSU_23_4/HB16472.JPG,15,ZSU_23_4,HB16472
data/raw/archive/Padded_imgs/ZSU_23_4/HB16473.JPG,15,ZSU_23_4,HB16473
data/raw/archive/Padded_imgs/ZSU_23_4/HB16474.JPG,15,ZSU_23_4,HB16474
data/raw/archive/Padded_imgs/ZSU_23_4/HB16476.JPG,15,ZSU_23_4,HB16476
data/raw/archive/Padded_imgs/ZSU_23_4/HB16477.JPG,15,ZSU_23_4,HB16477
data/raw/archive/Padded_imgs/ZSU_23_4/HB16478.JPG,15,ZSU_23_4,HB16478
data/raw/archive/Padded_imgs/ZSU_23_4/HB16479.JPG,15,ZSU_23_4,HB16479
data/raw/archive/Padded_imgs/ZSU_23_4/HB16480.JPG,15,ZSU_23_4,HB16480
data/raw/archive/Padded_imgs/ZSU_23_4/HB16481.JPG,15,ZSU_23_4,HB16481
data/raw/archive/Padded_imgs/ZSU_23_4/HB16483.JPG,15,ZSU_23_4,HB16483
data/raw/archive/Padded_imgs/ZSU_23_4/HB16484.JPG,15,ZSU_23_4,HB16484
data/raw/archive/Padded_imgs/ZSU_23_4/HB16486.JPG,15,ZSU_23_4,HB16486
data/raw/archive/Padded_imgs/ZSU_23_4/HB16487.JPG,15,ZSU_23_4,HB16487
data/raw/archive/Padded_imgs/ZSU_23_4/HB16488.JPG,15,ZSU_23_4,HB16488
data/raw/archive/Padded_imgs/ZSU_23_4/HB16490.JPG,15,ZSU_23_4,HB16490
data/raw/archive/Padded_imgs/ZSU_23_4/HB16491.JPG,15,ZSU_23_4,HB16491
data/raw/archive/Padded_imgs/ZSU_23_4/HB16492.JPG,15,ZSU_23_4,HB16492
data/raw/archive/Padded_imgs/ZSU_23_4/HB16493.JPG,15,ZSU_23_4,HB16493
data/raw/archive/Padded_imgs/ZSU_23_4/HB16494.JPG,15,ZSU_23_4,HB16494
data/raw/archive/Padded_imgs/ZSU_23_4/HB16495.JPG,15,ZSU_23_4,HB16495
data/raw/archive/Padded_imgs/ZSU_23_4/HB16496.JPG,15,ZSU_23_4,HB16496
data/raw/archive/Padded_imgs/ZSU_23_4/HB16497.JPG,15,ZSU_23_4,HB16497
data/raw/archive/Padded_imgs/ZSU_23_4/HB16498.JPG,15,ZSU_23_4,HB16498
data/raw/archive/Padded_imgs/ZSU_23_4/HB16499.JPG,15,ZSU_23_4,HB16499
data/raw/archive/Padded_imgs/ZSU_23_4/HB16511.JPG,15,ZSU_23_4,HB16511
data/raw/archive/Padded_imgs/ZSU_23_4/HB16512.JPG,15,ZSU_23_4,HB16512
data/raw/archive/Padded_imgs/ZSU_23_4/HB16513.JPG,15,ZSU_23_4,HB16513
data/raw/archive/Padded_imgs/ZSU_23_4/HB16514.JPG,15,ZSU_23_4,HB16514
data/raw/archive/Padded_imgs/ZSU_23_4/HB16515.JPG,15,ZSU_23_4,HB16515
data/raw/archive/Padded_imgs/ZSU_23_4/HB16516.JPG,15,ZSU_23_4,HB16516
data/raw/archive/Padded_imgs/ZSU_23_4/HB16517.JPG,17,ZSU_23_4,HB16517
data/raw/archive/Padded_imgs/ZSU_23_4/HB16518.JPG,15,ZSU_23_4,HB16518
data/raw/archive/Padded_imgs/ZSU_23_4/HB16519.JPG,15,ZSU_23_4,HB16519
data/raw/archive/Padded_imgs/ZSU_23_4/HB16520.JPG,15,ZSU_23_4,HB16520
data/raw/archive/Padded_imgs/ZSU_23_4/HB16521.JPG,15,ZSU_23_4,HB16521
data/raw/archive/Padded_imgs/ZSU_23_4/HB16522.JPG,15,ZSU_23_4,HB16522
data/raw/archive/Padded_imgs/ZSU_23_4/HB16523.JPG,15,ZSU_23_4,HB16523
data/raw/archive/Padded_imgs/ZSU_23_4/HB16524.JPG,15,ZSU_23_4,HB16524
data/raw/archive/Padded_imgs/ZSU_23_4/HB16525.JPG,15,ZSU_23_4,HB16525
data/raw/archive/Padded_imgs/ZSU_23_4/HB16526.JPG,15,ZSU_23_4,HB16526
data/raw/archive/Padded_imgs/ZSU_23_4/HB16528.JPG,15,ZSU_23_4,HB16528
data/raw/archive/Padded_imgs/ZSU_23_4/HB16529.JPG,15,ZSU_23_4,HB16529
data/raw/archive/Padded_imgs/ZSU_23_4/HB16530.JPG,15,ZSU_23_4,HB16530
data/raw/archive/Padded_imgs/ZSU_23_4/HB16531.JPG,15,ZSU_23_4,HB16531
data/raw/archive/Padded_imgs/ZSU_23_4/HB16532.JPG,15,ZSU_23_4,HB16532
data/raw/archive/Padded_imgs/ZSU_23_4/HB16533.JPG,15,ZSU_23_4,HB16533
data/raw/archive/Padded_imgs/ZSU_23_4/HB16534.JPG,15,ZSU_23_4,HB16534
data/raw/archive/Padded_imgs/ZSU_23_4/HB16535.JPG,15,ZSU_23_4,HB16535
data/raw/archive/Padded_imgs/ZSU_23_4/HB16536.JPG,15,ZSU_23_4,HB16536
data/raw/archive/Padded_imgs/ZSU_23_4/HB16537.JPG,15,ZSU_23_4,HB16537
data/raw/archive/Padded_imgs/ZSU_23_4/HB16538.JPG,15,ZSU_23_4,HB16538
data/raw/archive/Padded_imgs/ZSU_23_4/HB16539.JPG,15,ZSU_23_4,HB16539
data/raw/archive/Padded_imgs/ZSU_23_4/HB16540.JPG,15,ZSU_23_4,HB16540
data/raw/archive/Padded_imgs/ZSU_23_4/HB16541.JPG,15,ZSU_23_4,HB16541
data/raw/archive/Padded_imgs/ZSU_23_4/HB16542.JPG,15,ZSU_23_4,HB16542
data/raw/archive/Padded_imgs/ZSU_23_4/HB16543.JPG,15,ZSU_23_4,HB16543
data/raw/archive/Padded_imgs/ZSU_23_4/HB16555.JPG,15,ZSU_23_4,HB16555
data/raw/archive/Padded_imgs/ZSU_23_4/HB16556.JPG,15,ZSU_23_4,HB16556
data/raw/archive/Padded_imgs/ZSU_23_4/HB16557.JPG,15,ZSU_23_4,HB16557
data/raw/archive/Padded_imgs/ZSU_23_4/HB16558.JPG,15,ZSU_23_4,HB16558
data/raw/archive/Padded_imgs/ZSU_23_4/HB16559.JPG,15,ZSU_23_4,HB16559
data/raw/archive/Padded_imgs/ZSU_23_4/HB16942.JPG,15,ZSU_23_4,HB16942
data/raw/archive/Padded_imgs/ZSU_23_4/HB16943.JPG,15,ZSU_23_4,HB16943
data/raw/archive/Padded_imgs/ZSU_23_4/HB16944.JPG,15,ZSU_23_4,HB16944
data/raw/archive/Padded_imgs/ZSU_23_4/HB16945.JPG,15,ZSU_23_4,HB16945
data/raw/archive/Padded_imgs/ZSU_23_4/HB16946.JPG,15,ZSU_23_4,HB16946
data/raw/archive/Padded_imgs/ZSU_23_4/HB16947.JPG,15,ZSU_23_4,HB16947
data/raw/archive/Padded_imgs/ZSU_23_4/HB16948.JPG,15,ZSU_23_4,HB16948
data/raw/archive/Padded_imgs/ZSU_23_4/HB16949.JPG,15,ZSU_23_4,HB16949
data/raw/archive/Padded_imgs/ZSU_23_4/HB16950.JPG,15,ZSU_23_4,HB16950
data/raw/archive/Padded_imgs/ZSU_23_4/HB16952.JPG,15,ZSU_23_4,HB16952
data/raw/archive/Padded_imgs/ZSU_23_4/HB16953.JPG,15,ZSU_23_4,HB16953
data/raw/archive/Padded_imgs/ZSU_23_4/HB16954.JPG,15,ZSU_23_4,HB16954
data/raw/archive/Padded_imgs/ZSU_23_4/HB16955.JPG,15,ZSU_23_4,HB16955
data/raw/archive/Padded_imgs/ZSU_23_4/HB16956.JPG,15,ZSU_23_4,HB16956
data/raw/archive/Padded_imgs/ZSU_23_4/HB16957.JPG,15,ZSU_23_4,HB16957
data/raw/archive/Padded_imgs/ZSU_23_4/HB16958.JPG,15,ZSU_23_4,HB16958
data/raw/archive/Padded_imgs/ZSU_23_4/HB16959.JPG,15,ZSU_23_4,HB16959
data/raw/archive/Padded_imgs/ZSU_23_4/HB16960.JPG,15,ZSU_23_4,HB16960
data/raw/archive/Padded_imgs/ZSU_23_4/HB16961.JPG,15,ZSU_23_4,HB16961
data/raw/archive/Padded_imgs/ZSU_23_4/HB16962.JPG,15,ZSU_23_4,HB16962
data/raw/archive/Padded_imgs/ZSU_23_4/HB16963.JPG,15,ZSU_23_4,HB16963
data/raw/archive/Padded_imgs/ZSU_23_4/HB16964.JPG,15,ZSU_23_4,HB16964
data/raw/archive/Padded_imgs/ZSU_23_4/HB16965.JPG,15,ZSU_23_4,HB16965
data/raw/archive/Padded_imgs/ZSU_23_4/HB16966.JPG,15,ZSU_23_4,HB16966
data/raw/archive/Padded_imgs/ZSU_23_4/HB16967.JPG,15,ZSU_23_4,HB16967
data/raw/archive/Padded_imgs/ZSU_23_4/HB16969.JPG,15,ZSU_23_4,HB16969
data/raw/archive/Padded_imgs/ZSU_23_4/HB16970.JPG,15,ZSU_23_4,HB16970
data/raw/archive/Padded_imgs/ZSU_23_4/HB16971.JPG,15,ZSU_23_4,HB16971
data/raw/archive/Padded_imgs/ZSU_23_4/HB16972.JPG,15,ZSU_23_4,HB16972
data/raw/archive/Padded_imgs/ZSU_23_4/HB16973.JPG,15,ZSU_23_4,HB16973
data/raw/archive/Padded_imgs/ZSU_23_4/HB16974.JPG,15,ZSU_23_4,HB16974
data/raw/archive/Padded_imgs/ZSU_23_4/HB16975.JPG,15,ZSU_23_4,HB16975
data/raw/archive/Padded_imgs/ZSU_23_4/HB16976.JPG,15,ZSU_23_4,HB16976
data/raw/archive/Padded_imgs/ZSU_23_4/HB16978.JPG,15,ZSU_23_4,HB16978
data/raw/archive/Padded_imgs/ZSU_23_4/HB16979.JPG,15,ZSU_23_4,HB16979
data/raw/archive/Padded_imgs/ZSU_23_4/HB16980.JPG,15,ZSU_23_4,HB16980
data/raw/archive/Padded_imgs/ZSU_23_4/HB16982.JPG,15,ZSU_23_4,HB16982
data/raw/archive/Padded_imgs/ZSU_23_4/HB16983.JPG,15,ZSU_23_4,HB16983
data/raw/archive/Padded_imgs/ZSU_23_4/HB16984.JPG,15,ZSU_23_4,HB16984
data/raw/archive/Padded_imgs/ZSU_23_4/HB16985.JPG,15,ZSU_23_4,HB16985
data/raw/archive/Padded_imgs/ZSU_23_4/HB16986.JPG,15,ZSU_23_4,HB16986
data/raw/archive/Padded_imgs/ZSU_23_4/HB16987.JPG,15,ZSU_23_4,HB16987
data/raw/archive/Padded_imgs/ZSU_23_4/HB16988.JPG,15,ZSU_23_4,HB16988
data/raw/archive/Padded_imgs/ZSU_23_4/HB16989.JPG,15,ZSU_23_4,HB16989
data/raw/archive/Padded_imgs/ZSU_23_4/HB16990.JPG,15,ZSU_23_4,HB16990
data/raw/archive/Padded_imgs/ZSU_23_4/HB16991.JPG,15,ZSU_23_4,HB16991
data/raw/archive/Padded_imgs/ZSU_23_4/HB16992.JPG,15,ZSU_23_4,HB16992
data/raw/archive/Padded_imgs/ZSU_23_4/HB16993.JPG,15,ZSU_23_4,HB16993
data/raw/archive/Padded_imgs/ZSU_23_4/HB16994.JPG,15,ZSU_23_4,HB16994
data/raw/archive/Padded_imgs/ZSU_23_4/HB16995.JPG,15,ZSU_23_4,HB16995
data/raw/archive/Padded_imgs/ZSU_23_4/HB16996.JPG,15,ZSU_23_4,HB16996
data/raw/archive/Padded_imgs/ZSU_23_4/HB16997.JPG,15,ZSU_23_4,HB16997
data/raw/archive/Padded_imgs/ZSU_23_4/HB16998.JPG,15,ZSU_23_4,HB16998
data/raw/archive/Padded_imgs/ZSU_23_4/HB16999.JPG,15,ZSU_23_4,HB16999
data/raw/archive/Padded_imgs/ZSU_23_4/HB17000.JPG,17,ZSU_23_4,HB17000
data/raw/archive/Padded_imgs/ZSU_23_4/HB17001.JPG,17,ZSU_23_4,HB17001
data/raw/archive/Padded_imgs/ZSU_23_4/HB17002.JPG,17,ZSU_23_4,HB17002
data/raw/archive/Padded_imgs/ZSU_23_4/HB17003.JPG,17,ZSU_23_4,HB17003
data/raw/archive/Padded_imgs/ZSU_23_4/HB17005.JPG,17,ZSU_23_4,HB17005
data/raw/archive/Padded_imgs/ZSU_23_4/HB17006.JPG,17,ZSU_23_4,HB17006
data/raw/archive/Padded_imgs/ZSU_23_4/HB17007.JPG,17,ZSU_23_4,HB17007
data/raw/archive/Padded_imgs/ZSU_23_4/HB17008.JPG,17,ZSU_23_4,HB17008
data/raw/archive/Padded_imgs/ZSU_23_4/HB17009.JPG,17,ZSU_23_4,HB17009
data/raw/archive/Padded_imgs/ZSU_23_4/HB17011.JPG,17,ZSU_23_4,HB17011
data/raw/archive/Padded_imgs/ZSU_23_4/HB17012.JPG,17,ZSU_23_4,HB17012
data/raw/archive/Padded_imgs/ZSU_23_4/HB17013.JPG,17,ZSU_23_4,HB17013
data/raw/archive/Padded_imgs/ZSU_23_4/HB17014.JPG,17,ZSU_23_4,HB17014
data/raw/archive/Padded_imgs/ZSU_23_4/HB17015.JPG,17,ZSU_23_4,HB17015
data/raw/archive/Padded_imgs/ZSU_23_4/HB17016.JPG,17,ZSU_23_4,HB17016
data/raw/archive/Padded_imgs/ZSU_23_4/HB17017.JPG,17,ZSU_23_4,HB17017
data/raw/archive/Padded_imgs/ZSU_23_4/HB17018.JPG,17,ZSU_23_4,HB17018
data/raw/archive/Padded_imgs/ZSU_23_4/HB17019.JPG,17,ZSU_23_4,HB17019
data/raw/archive/Padded_imgs/ZSU_23_4/HB17020.JPG,17,ZSU_23_4,HB17020
data/raw/archive/Padded_imgs/ZSU_23_4/HB17021.JPG,17,ZSU_23_4,HB17021
data/raw/archive/Padded_imgs/ZSU_23_4/HB17022.JPG,17,ZSU_23_4,HB17022
data/raw/archive/Padded_imgs/ZSU_23_4/HB17023.JPG,17,ZSU_23_4,HB17023
data/raw/archive/Padded_imgs/ZSU_23_4/HB17024.JPG,17,ZSU_23_4,HB17024
data/raw/archive/Padded_imgs/ZSU_23_4/HB17025.JPG,17,ZSU_23_4,HB17025
data/raw/archive/Padded_imgs/ZSU_23_4/HB17026.JPG,17,ZSU_23_4,HB17026
data/raw/archive/Padded_imgs/ZSU_23_4/HB17027.JPG,17,ZSU_23_4,HB17027
data/raw/archive/Padded_imgs/ZSU_23_4/HB17028.JPG,17,ZSU_23_4,HB17028
data/raw/archive/Padded_imgs/ZSU_23_4/HB17029.JPG,17,ZSU_23_4,HB17029
data/raw/archive/Padded_imgs/ZSU_23_4/HB17030.JPG,17,ZSU_23_4,HB17030
data/raw/archive/Padded_imgs/ZSU_23_4/HB17031.JPG,17,ZSU_23_4,HB17031
data/raw/archive/Padded_imgs/ZSU_23_4/HB17032.JPG,17,ZSU_23_4,HB17032
data/raw/archive/Padded_imgs/ZSU_23_4/HB17034.JPG,17,ZSU_23_4,HB17034
data/raw/archive/Padded_imgs/ZSU_23_4/HB17035.JPG,17,ZSU_23_4,HB17035
data/raw/archive/Padded_imgs/ZSU_23_4/HB17037.JPG,17,ZSU_23_4,HB17037
data/raw/archive/Padded_imgs/ZSU_23_4/HB17038.JPG,17,ZSU_23_4,HB17038
data/raw/archive/Padded_imgs/ZSU_23_4/HB17040.JPG,17,ZSU_23_4,HB17040
data/raw/archive/Padded_imgs/ZSU_23_4/HB17041.JPG,17,ZSU_23_4,HB17041
data/raw/archive/Padded_imgs/ZSU_23_4/HB17043.JPG,17,ZSU_23_4,HB17043
data/raw/archive/Padded_imgs/ZSU_23_4/HB17044.JPG,17,ZSU_23_4,HB17044
data/raw/archive/Padded_imgs/ZSU_23_4/HB17045.JPG,17,ZSU_23_4,HB17045
data/raw/archive/Padded_imgs/ZSU_23_4/HB17047.JPG,17,ZSU_23_4,HB17047
data/raw/archive/Padded_imgs/ZSU_23_4/HB17048.JPG,17,ZSU_23_4,HB17048
data/raw/archive/Padded_imgs/ZSU_23_4/HB17050.JPG,17,ZSU_23_4,HB17050
data/raw/archive/Padded_imgs/ZSU_23_4/HB17051.JPG,17,ZSU_23_4,HB17051
data/raw/archive/Padded_imgs/ZSU_23_4/HB17054.JPG,17,ZSU_23_4,HB17054
data/raw/archive/Padded_imgs/ZSU_23_4/HB17056.JPG,17,ZSU_23_4,HB17056
data/raw/archive/Padded_imgs/ZSU_23_4/HB17057.JPG,17,ZSU_23_4,HB17057
data/raw/archive/Padded_imgs/ZSU_23_4/HB17059.JPG,17,ZSU_23_4,HB17059
data/raw/archive/Padded_imgs/ZSU_23_4/HB17060.JPG,17,ZSU_23_4,HB17060
data/raw/archive/Padded_imgs/ZSU_23_4/HB17065.JPG,17,ZSU_23_4,HB17065
data/raw/archive/Padded_imgs/ZSU_23_4/HB17066.JPG,17,ZSU_23_4,HB17066
data/raw/archive/Padded_imgs/ZSU_23_4/HB17071.JPG,17,ZSU_23_4,HB17071
data/raw/archive/Padded_imgs/ZSU_23_4/HB17072.JPG,17,ZSU_23_4,HB17072
data/raw/archive/Padded_imgs/ZSU_23_4/HB17074.JPG,17,ZSU_23_4,HB17074
data/raw/archive/Padded_imgs/ZSU_23_4/HB17075.JPG,17,ZSU_23_4,HB17075
data/raw/archive/Padded_imgs/ZSU_23_4/HB17077.JPG,17,ZSU_23_4,HB17077
data/raw/archive/Padded_imgs/ZSU_23_4/HB17078.JPG,17,ZSU_23_4,HB17078
data/raw/archive/Padded_imgs/ZSU_23_4/HB17080.JPG,17,ZSU_23_4,HB17080
data/raw/archive/Padded_imgs/ZSU_23_4/HB17081.JPG,17,ZSU_23_4,HB17081
data/raw/archive/Padded_imgs/ZSU_23_4/HB17084.JPG,17,ZSU_23_4,HB17084
data/raw/archive/Padded_imgs/ZSU_23_4/HB17086.JPG,17,ZSU_23_4,HB17086
data/raw/archive/Padded_imgs/ZSU_23_4/HB17087.JPG,17,ZSU_23_4,HB17087
data/raw/archive/Padded_imgs/ZSU_23_4/HB17089.JPG,17,ZSU_23_4,HB17089
data/raw/archive/Padded_imgs/ZSU_23_4/HB17090.JPG,17,ZSU_23_4,HB17090
data/raw/archive/Padded_imgs/ZSU_23_4/HB17091.JPG,17,ZSU_23_4,HB17091
data/raw/archive/Padded_imgs/ZSU_23_4/HB17093.JPG,17,ZSU_23_4,HB17093
data/raw/archive/Padded_imgs/ZSU_23_4/HB17094.JPG,17,ZSU_23_4,HB17094
data/raw/archive/Padded_imgs/ZSU_23_4/HB17099.JPG,17,ZSU_23_4,HB17099
data/raw/archive/Padded_imgs/ZSU_23_4/HB17102.JPG,17,ZSU_23_4,HB17102
data/raw/archive/Padded_imgs/ZSU_23_4/HB17103.JPG,17,ZSU_23_4,HB17103
data/raw/archive/Padded_imgs/ZSU_23_4/HB17105.JPG,17,ZSU_23_4,HB17105
data/raw/archive/Padded_imgs/ZSU_23_4/HB17106.JPG,17,ZSU_23_4,HB17106
data/raw/archive/Padded_imgs/ZSU_23_4/HB17108.JPG,17,ZSU_23_4,HB17108
data/raw/archive/Padded_imgs/ZSU_23_4/HB17109.JPG,17,ZSU_23_4,HB17109
data/raw/archive/Padded_imgs/ZSU_23_4/HB17111.JPG,17,ZSU_23_4,HB17111
data/raw/archive/Padded_imgs/ZSU_23_4/HB17112.JPG,17,ZSU_23_4,HB17112
data/raw/archive/Padded_imgs/ZSU_23_4/HB17114.JPG,17,ZSU_23_4,HB17114
data/raw/archive/Padded_imgs/ZSU_23_4/HB17115.JPG,17,ZSU_23_4,HB17115
data/raw/archive/Padded_imgs/ZSU_23_4/HB17120.JPG,17,ZSU_23_4,HB17120
data/raw/archive/Padded_imgs/ZSU_23_4/HB17121.JPG,17,ZSU_23_4,HB17121
data/raw/archive/Padded_imgs/ZSU_23_4/HB17123.JPG,17,ZSU_23_4,HB17123
data/raw/archive/Padded_imgs/ZSU_23_4/HB17124.JPG,17,ZSU_23_4,HB17124
data/raw/archive/Padded_imgs/ZSU_23_4/HB17126.JPG,17,ZSU_23_4,HB17126
data/raw/archive/Padded_imgs/ZSU_23_4/HB17143.JPG,17,ZSU_23_4,HB17143
data/raw/archive/Padded_imgs/ZSU_23_4/HB17145.JPG,17,ZSU_23_4,HB17145
data/raw/archive/Padded_imgs/ZSU_23_4/HB17149.JPG,17,ZSU_23_4,HB17149
data/raw/archive/Padded_imgs/ZSU_23_4/HB17151.JPG,17,ZSU_23_4,HB17151
data/raw/archive/Padded_imgs/ZSU_23_4/HB17152.JPG,17,ZSU_23_4,HB17152
data/raw/archive/Padded_imgs/ZSU_23_4/HB17154.JPG,17,ZSU_23_4,HB17154
data/raw/archive/Padded_imgs/ZSU_23_4/HB17155.JPG,17,ZSU_23_4,HB17155
data/raw/archive/Padded_imgs/ZSU_23_4/HB17157.JPG,17,ZSU_23_4,HB17157
data/raw/archive/Padded_imgs/ZSU_23_4/HB17158.JPG,17,ZSU_23_4,HB17158
data/raw/archive/Padded_imgs/ZSU_23_4/HB17160.JPG,17,ZSU_23_4,HB17160
data/raw/archive/Padded_imgs/ZSU_23_4/HB17161.JPG,17,ZSU_23_4,HB17161
data/raw/archive/Padded_imgs/ZSU_23_4/HB17163.JPG,17,ZSU_23_4,HB17163
data/raw/archive/Padded_imgs/ZSU_23_4/HB17164.JPG,17,ZSU_23_4,HB17164
data/raw/archive/Padded_imgs/ZSU_23_4/HB17166.JPG,17,ZSU_23_4,HB17166
data/raw/archive/Padded_imgs/ZSU_23_4/HB17167.JPG,17,ZSU_23_4,HB17167
data/raw/archive/Padded_imgs/ZSU_23_4/HB17169.JPG,17,ZSU_23_4,HB17169
data/raw/archive/Padded_imgs/ZSU_23_4/HB17170.JPG,17,ZSU_23_4,HB17170
data/raw/archive/Padded_imgs/ZSU_23_4/HB17172.JPG,17,ZSU_23_4,HB17172
data/raw/archive/Padded_imgs/ZSU_23_4/HB17173.JPG,17,ZSU_23_4,HB17173
data/raw/archive/Padded_imgs/ZSU_23_4/HB17176.JPG,17,ZSU_23_4,HB17176
data/raw/archive/Padded_imgs/ZSU_23_4/HB17178.JPG,17,ZSU_23_4,HB17178
data/raw/archive/Padded_imgs/ZSU_23_4/HB17179.JPG,17,ZSU_23_4,HB17179
data/raw/archive/Padded_imgs/ZSU_23_4/HB17181.JPG,17,ZSU_23_4,HB17181
data/raw/archive/Padded_imgs/ZSU_23_4/HB17182.JPG,17,ZSU_23_4,HB17182
data/raw/archive/Padded_imgs/ZSU_23_4/HB17184.JPG,17,ZSU_23_4,HB17184
data/raw/archive/Padded_imgs/ZSU_23_4/HB17186.JPG,17,ZSU_23_4,HB17186
data/raw/archive/Padded_imgs/ZSU_23_4/HB17188.JPG,17,ZSU_23_4,HB17188
data/raw/archive/Padded_imgs/ZSU_23_4/HB17190.JPG,17,ZSU_23_4,HB17190
data/raw/archive/Padded_imgs/ZSU_23_4/HB17191.JPG,17,ZSU_23_4,HB17191
data/raw/archive/Padded_imgs/ZSU_23_4/HB17193.JPG,17,ZSU_23_4,HB17193
data/raw/archive/Padded_imgs/ZSU_23_4/HB17195.JPG,17,ZSU_23_4,HB17195
data/raw/archive/Padded_imgs/ZSU_23_4/HB17196.JPG,17,ZSU_23_4,HB17196
data/raw/archive/Padded_imgs/ZSU_23_4/HB17198.JPG,17,ZSU_23_4,HB17198
data/raw/archive/Padded_imgs/ZSU_23_4/HB17199.JPG,17,ZSU_23_4,HB17199
data/raw/archive/Padded_imgs/ZSU_23_4/HB17201.JPG,17,ZSU_23_4,HB17201
data/raw/archive/Padded_imgs/ZSU_23_4/HB17202.JPG,17,ZSU_23_4,HB17202
data/raw/archive/Padded_imgs/ZSU_23_4/HB17204.JPG,17,ZSU_23_4,HB17204
data/raw/archive/Padded_imgs/ZSU_23_4/HB17206.JPG,17,ZSU_23_4,HB17206
data/raw/archive/Padded_imgs/ZSU_23_4/HB17209.JPG,17,ZSU_23_4,HB17209
data/raw/archive/Padded_imgs/ZSU_23_4/HB17210.JPG,17,ZSU_23_4,HB17210
data/raw/archive/Padded_imgs/ZSU_23_4/HB17212.JPG,17,ZSU_23_4,HB17212
data/raw/archive/Padded_imgs/ZSU_23_4/HB17213.JPG,17,ZSU_23_4,HB17213
data/raw/archive/Padded_imgs/ZSU_23_4/HB17215.JPG,17,ZSU_23_4,HB17215
data/raw/archive/Padded_imgs/ZSU_23_4/HB17217.JPG,17,ZSU_23_4,HB17217
data/raw/archive/Padded_imgs/ZSU_23_4/HB17221.JPG,17,ZSU_23_4,HB17221
data/raw/archive/Padded_imgs/ZSU_23_4/HB17224.JPG,17,ZSU_23_4,HB17224
data/raw/archive/Padded_imgs/ZSU_23_4/HB17226.JPG,17,ZSU_23_4,HB17226
data/raw/archive/Padded_imgs/ZSU_23_4/HB17228.JPG,17,ZSU_23_4,HB17228
data/raw/archive/Padded_imgs/ZSU_23_4/HB17229.JPG,17,ZSU_23_4,HB17229
data/raw/archive/Padded_imgs/ZSU_23_4/HB17231.JPG,17,ZSU_23_4,HB17231
data/raw/archive/Padded_imgs/ZSU_23_4/HB17232.JPG,17,ZSU_23_4,HB17232
data/raw/archive/Padded_imgs/ZSU_23_4/HB17234.JPG,17,ZSU_23_4,HB17234
data/raw/archive/Padded_imgs/ZSU_23_4/HB17235.JPG,17,ZSU_23_4,HB17235
data/raw/archive/Padded_imgs/ZSU_23_4/HB17237.JPG,17,ZSU_23_4,HB17237
data/raw/archive/Padded_imgs/ZSU_23_4/HB17239.JPG,17,ZSU_23_4,HB17239
data/raw/archive/Padded_imgs/ZSU_23_4/HB17240.JPG,17,ZSU_23_4,HB17240
data/raw/archive/Padded_imgs/ZSU_23_4/HB17242.JPG,17,ZSU_23_4,HB17242
data/raw/archive/Padded_imgs/ZSU_23_4/HB17243.JPG,17,ZSU_23_4,HB17243
data/raw/archive/Padded_imgs/ZSU_23_4/HB17245.JPG,17,ZSU_23_4,HB17245
data/raw/archive/Padded_imgs/ZSU_23_4/HB17246.JPG,17,ZSU_23_4,HB17246
data/raw/archive/Padded_imgs/ZSU_23_4/HB17249.JPG,17,ZSU_23_4,HB17249
data/raw/archive/Padded_imgs/ZSU_23_4/HB17250.JPG,17,ZSU_23_4,HB17250
data/raw/archive/Padded_imgs/ZSU_23_4/HB17252.JPG,17,ZSU_23_4,HB17252
data/raw/archive/Padded_imgs/ZSU_23_4/HB17253.JPG,17,ZSU_23_4,HB17253
data/raw/archive/Padded_imgs/ZSU_23_4/HB17254.JPG,17,ZSU_23_4,HB17254
data/raw/archive/Padded_imgs/ZSU_23_4/HB17255.JPG,17,ZSU_23_4,HB17255
data/raw/archive/Padded_imgs/ZSU_23_4/HB17256.JPG,17,ZSU_23_4,HB17256
data/raw/archive/Padded_imgs/ZSU_23_4/HB17257.JPG,17,ZSU_23_4,HB17257
data/raw/archive/Padded_imgs/ZSU_23_4/HB17258.JPG,17,ZSU_23_4,HB17258
data/raw/archive/Padded_imgs/ZSU_23_4/HB17259.JPG,17,ZSU_23_4,HB17259
data/raw/archive/Padded_imgs/ZSU_23_4/HB17260.JPG,17,ZSU_23_4,HB17260
data/raw/archive/Padded_imgs/ZSU_23_4/HB17262.JPG,17,ZSU_23_4,HB17262
data/raw/archive/Padded_imgs/ZSU_23_4/HB17271.JPG,17,ZSU_23_4,HB17271
data/raw/archive/Padded_imgs/ZSU_23_4/HB17274.JPG,17,ZSU_23_4,HB17274
data/raw/archive/Padded_imgs/ZSU_23_4/HB17276.JPG,17,ZSU_23_4,HB17276
data/raw/archive/Padded_imgs/ZSU_23_4/HB17279.JPG,17,ZSU_23_4,HB17279
data/raw/archive/Padded_imgs/ZSU_23_4/HB17281.JPG,17,ZSU_23_4,HB17281
data/raw/archive/Padded_imgs/ZSU_23_4/HB17284.JPG,17,ZSU_23_4,HB17284
data/raw/archive/Padded_imgs/ZSU_23_4/HB17287.JPG,17,ZSU_23_4,HB17287
data/raw/archive/Padded_imgs/ZSU_23_4/HB17289.JPG,17,ZSU_23_4,HB17289
data/raw/archive/Padded_imgs/ZSU_23_4/HB17292.JPG,17,ZSU_23_4,HB17292
data/raw/archive/Padded_imgs/ZSU_23_4/HB17294.JPG,17,ZSU_23_4,HB17294
data/raw/archive/Padded_imgs/ZSU_23_4/HB17297.JPG,17,ZSU_23_4,HB17297
data/raw/archive/Padded_imgs/ZSU_23_4/HB17299.JPG,17,ZSU_23_4,HB17299
data/raw/archive/Padded_imgs/ZSU_23_4/HB17302.JPG,17,ZSU_23_4,HB17302
data/raw/archive/Padded_imgs/ZSU_23_4/HB17305.JPG,17,ZSU_23_4,HB17305
data/raw/archive/Padded_imgs/ZSU_23_4/HB17307.JPG,17,ZSU_23_4,HB17307
data/raw/archive/Padded_imgs/ZSU_23_4/HB17310.JPG,17,ZSU_23_4,HB17310
data/raw/archive/Padded_imgs/ZSU_23_4/HB17315.JPG,17,ZSU_23_4,HB17315
data/raw/archive/Padded_imgs/ZSU_23_4/HB17317.JPG,17,ZSU_23_4,HB17317
data/raw/archive/Padded_imgs/ZSU_23_4/HB17320.JPG,17,ZSU_23_4,HB17320
data/raw/archive/Padded_imgs/ZSU_23_4/HB17323.JPG,17,ZSU_23_4,HB17323
data/raw/archive/Padded_imgs/ZSU_23_4/HB17325.JPG,17,ZSU_23_4,HB17325
data/raw/archive/Padded_imgs/ZSU_23_4/HB17328.JPG,17,ZSU_23_4,HB17328
data/raw/archive/Padded_imgs/ZSU_23_4/HB17331.JPG,17,ZSU_23_4,HB17331
data/raw/archive/Padded_imgs/ZSU_23_4/HB17333.JPG,17,ZSU_23_4,HB17333
data/raw/archive/Padded_imgs/ZSU_23_4/HB17336.JPG,17,ZSU_23_4,HB17336
data/raw/archive/Padded_imgs/ZSU_23_4/HB17338.JPG,17,ZSU_23_4,HB17338
data/raw/archive/Padded_imgs/ZSU_23_4/HB17341.JPG,17,ZSU_23_4,HB17341
data/raw/archive/Padded_imgs/ZSU_23_4/HB17343.JPG,17,ZSU_23_4,HB17343
data/raw/archive/Padded_imgs/ZSU_23_4/HB17346.JPG,17,ZSU_23_4,HB17346
data/raw/archive/Padded_imgs/ZSU_23_4/HB17348.JPG,17,ZSU_23_4,HB17348
data/raw/archive/Padded_imgs/ZSU_23_4/HB17351.JPG,17,ZSU_23_4,HB17351
data/raw/archive/Padded_imgs/ZSU_23_4/HB17353.JPG,17,ZSU_23_4,HB17353
data/raw/archive/Padded_imgs/ZSU_23_4/HB17356.JPG,17,ZSU_23_4,HB17356
data/raw/archive/Padded_imgs/ZSU_23_4/HB17359.JPG,17,ZSU_23_4,HB17359
data/raw/archive/Padded_imgs/ZSU_23_4/HB17361.JPG,17,ZSU_23_4,HB17361
data/raw/archive/Padded_imgs/ZSU_23_4/HB17364.JPG,17,ZSU_23_4,HB17364
data/raw/archive/Padded_imgs/ZSU_23_4/HB17366.JPG,17,ZSU_23_4,HB17366
data/raw/archive/Padded_imgs/ZSU_23_4/HB17369.JPG,17,ZSU_23_4,HB17369
data/raw/archive/Padded_imgs/ZSU_23_4/HB17372.JPG,17,ZSU_23_4,HB17372
data/raw/archive/Padded_imgs/ZSU_23_4/HB17374.JPG,17,ZSU_23_4,HB17374
data/raw/archive/Padded_imgs/ZSU_23_4/HB17377.JPG,17,ZSU_23_4,HB17377
data/raw/archive/Padded_imgs/ZSU_23_4/HB17380.JPG,17,ZSU_23_4,HB17380
data/raw/archive/Padded_imgs/ZSU_23_4/HB17382.JPG,17,ZSU_23_4,HB17382
data/raw/archive/Padded_imgs/ZSU_23_4/HB17385.JPG,17,ZSU_23_4,HB17385
data/raw/archive/Padded_imgs/ZSU_23_4/HB17387.JPG,17,ZSU_23_4,HB17387
data/raw/archive/Padded_imgs/ZSU_23_4/HB17390.JPG,17,ZSU_23_4,HB17390
data/raw/archive/Padded_imgs/ZSU_23_4/HB17393.JPG,17,ZSU_23_4,HB17393
data/raw/archive/Padded_imgs/ZSU_23_4/HB17395.JPG,17,ZSU_23_4,HB17395
data/raw/archive/Padded_imgs/ZSU_23_4/HB17398.JPG,17,ZSU_23_4,HB17398
data/raw/archive/Padded_imgs/ZSU_23_4/HB17400.JPG,17,ZSU_23_4,HB17400
data/raw/archive/Padded_imgs/ZSU_23_4/HB17406.JPG,17,ZSU_23_4,HB17406
data/raw/archive/Padded_imgs/ZSU_23_4/HB17408.JPG,17,ZSU_23_4,HB17408
data/raw/archive/Padded_imgs/ZSU_23_4/HB17411.JPG,17,ZSU_23_4,HB17411
data/raw/archive/Padded_imgs/ZSU_23_4/HB17413.JPG,17,ZSU_23_4,HB17413
data/raw/archive/Padded_imgs/ZSU_23_4/HB17416.JPG,17,ZSU_23_4,HB17416
data/raw/archive/Padded_imgs/ZSU_23_4/HB17418.JPG,17,ZSU_23_4,HB17418
data/raw/archive/Padded_imgs/ZSU_23_4/HB17421.JPG,17,ZSU_23_4,HB17421
data/raw/archive/Padded_imgs/ZSU_23_4/HB17424.JPG,17,ZSU_23_4,HB17424
data/raw/archive/Padded_imgs/ZSU_23_4/HB17426.JPG,17,ZSU_23_4,HB17426
data/raw/archive/Padded_imgs/ZSU_23_4/HB17429.JPG,17,ZSU_23_4,HB17429
data/raw/archive/Padded_imgs/ZSU_23_4/HB17431.JPG,17,ZSU_23_4,HB17431
data/raw/archive/Padded_imgs/ZSU_23_4/HB17434.JPG,17,ZSU_23_4,HB17434
data/raw/archive/Padded_imgs/ZSU_23_4/HB17436.JPG,17,ZSU_23_4,HB17436
data/raw/archive/Padded_imgs/ZSU_23_4/HB17439.JPG,17,ZSU_23_4,HB17439
data/raw/archive/Padded_imgs/ZSU_23_4/HB17441.JPG,17,ZSU_23_4,HB17441
data/raw/archive/Padded_imgs/ZSU_23_4/HB17444.JPG,17,ZSU_23_4,HB17444
data/raw/archive/Padded_imgs/ZSU_23_4/HB17446.JPG,17,ZSU_23_4,HB17446
data/raw/archive/Padded_imgs/ZSU_23_4/HB17449.JPG,17,ZSU_23_4,HB17449
data/raw/archive/Padded_imgs/ZSU_23_4/HB17451.JPG,17,ZSU_23_4,HB17451
data/raw/archive/Padded_imgs/ZSU_23_4/HB17454.JPG,17,ZSU_23_4,HB17454
data/raw/archive/Padded_imgs/ZSU_23_4/HB17456.JPG,17,ZSU_23_4,HB17456
data/raw/archive/Padded_imgs/ZSU_23_4/HB17459.JPG,17,ZSU_23_4,HB17459
data/raw/archive/Padded_imgs/ZSU_23_4/HB17462.JPG,17,ZSU_23_4,HB17462
data/raw/archive/Padded_imgs/ZSU_23_4/HB17464.JPG,17,ZSU_23_4,HB17464
data/raw/archive/Padded_imgs/ZSU_23_4/HB17467.JPG,17,ZSU_23_4,HB17467
data/raw/archive/Padded_imgs/ZSU_23_4/HB17469.JPG,17,ZSU_23_4,HB17469
data/raw/archive/Padded_imgs/ZSU_23_4/HB17472.JPG,17,ZSU_23_4,HB17472
data/raw/archive/Padded_imgs/ZSU_23_4/HB17474.JPG,17,ZSU_23_4,HB17474
data/raw/archive/Padded_imgs/ZSU_23_4/HB17477.JPG,17,ZSU_23_4,HB17477
data/raw/archive/Padded_imgs/ZSU_23_4/HB17480.JPG,17,ZSU_23_4,HB17480
data/raw/archive/Padded_imgs/ZSU_23_4/HB17482.JPG,17,ZSU_23_4,HB17482
data/raw/archive/Padded_imgs/ZSU_23_4/HB17485.JPG,17,ZSU_23_4,HB17485
data/raw/archive/Padded_imgs/ZSU_23_4/HB17487.JPG,17,ZSU_23_4,HB17487
data/raw/archive/Padded_imgs/ZSU_23_4/HB17489.JPG,17,ZSU_23_4,HB17489
data/raw/archive/Padded_imgs/ZSU_23_4/HB17492.JPG,17,ZSU_23_4,HB17492
data/raw/archive/Padded_imgs/ZSU_23_4/HB17497.JPG,17,ZSU_23_4,HB17497
data/raw/archive/Padded_imgs/ZSU_23_4/HB17499.JPG,17,ZSU_23_4,HB17499
data/raw/archive/Padded_imgs/ZSU_23_4/HB17502.JPG,17,ZSU_23_4,HB17502
data/raw/archive/Padded_imgs/ZSU_23_4/HB17504.JPG,17,ZSU_23_4,HB17504
data/raw/archive/Padded_imgs/ZSU_23_4/HB17507.JPG,17,ZSU_23_4,HB17507
data/raw/archive/Padded_imgs/ZSU_23_4/HB17509.JPG,17,ZSU_23_4,HB17509
data/raw/archive/Padded_imgs/ZSU_23_4/HB17512.JPG,17,ZSU_23_4,HB17512
data/raw/archive/Padded_imgs/ZSU_23_4/HB17515.JPG,17,ZSU_23_4,HB17515
data/raw/archive/Padded_imgs/ZSU_23_4/HB17518.JPG,17,ZSU_23_4,HB17518
data/raw/archive/Padded_imgs/ZSU_23_4/HB19377.JPG,15,ZSU_23_4,HB19377
data/raw/archive/Padded_imgs/ZSU_23_4/HB19379.JPG,15,ZSU_23_4,HB19379
data/raw/archive/Padded_imgs/ZSU_23_4/HB19381.JPG,15,ZSU_23_4,HB19381
data/raw/archive/Padded_imgs/ZSU_23_4/HB19383.JPG,15,ZSU_23_4,HB19383
data/raw/archive/Padded_imgs/ZSU_23_4/HB19389.JPG,15,ZSU_23_4,HB19389
data/raw/archive/Padded_imgs/ZSU_23_4/HB19390.JPG,15,ZSU_23_4,HB19390
data/raw/archive/Padded_imgs/ZSU_23_4/HB19394.JPG,15,ZSU_23_4,HB19394
data/raw/archive/Padded_imgs/ZSU_23_4/HB19396.JPG,15,ZSU_23_4,HB19396
data/raw/archive/Padded_imgs/ZSU_23_4/HB19398.JPG,15,ZSU_23_4,HB19398
data/raw/archive/Padded_imgs/ZSU_23_4/HB19400.JPG,15,ZSU_23_4,HB19400
data/raw/archive/Padded_imgs/ZSU_23_4/HB19402.JPG,15,ZSU_23_4,HB19402
data/raw/archive/Padded_imgs/ZSU_23_4/HB19404.JPG,15,ZSU_23_4,HB19404
data/raw/archive/Padded_imgs/ZSU_23_4/HB19406.JPG,15,ZSU_23_4,HB19406
data/raw/archive/Padded_imgs/ZSU_23_4/HB19408.JPG,15,ZSU_23_4,HB19408
data/raw/archive/Padded_imgs/ZSU_23_4/HB19410.JPG,15,ZSU_23_4,HB19410
data/raw/archive/Padded_imgs/ZSU_23_4/HB19412.JPG,15,ZSU_23_4,HB19412
data/raw/archive/Padded_imgs/ZSU_23_4/HB19414.JPG,15,ZSU_23_4,HB19414
data/raw/archive/Padded_imgs/ZSU_23_4/HB19416.JPG,15,ZSU_23_4,HB19416
data/raw/archive/Padded_imgs/ZSU_23_4/HB19418.JPG,15,ZSU_23_4,HB19418
data/raw/archive/Padded_imgs/ZSU_23_4/HB19420.JPG,15,ZSU_23_4,HB19420
data/raw/archive/Padded_imgs/ZSU_23_4/HB19422.JPG,15,ZSU_23_4,HB19422
data/raw/archive/Padded_imgs/ZSU_23_4/HB19424.JPG,15,ZSU_23_4,HB19424
data/raw/archive/Padded_imgs/ZSU_23_4/HB19426.JPG,15,ZSU_23_4,HB19426
data/raw/archive/Padded_imgs/ZSU_23_4/HB19430.JPG,15,ZSU_23_4,HB19430
data/raw/archive/Padded_imgs/ZSU_23_4/HB19432.JPG,15,ZSU_23_4,HB19432
data/raw/archive/Padded_imgs/ZSU_23_4/HB19434.JPG,15,ZSU_23_4,HB19434
data/raw/archive/Padded_imgs/ZSU_23_4/HB19436.JPG,15,ZSU_23_4,HB19436
data/raw/archive/Padded_imgs/ZSU_23_4/HB19438.JPG,15,ZSU_23_4,HB19438
data/raw/archive/Padded_imgs/ZSU_23_4/HB19440.JPG,15,ZSU_23_4,HB19440
data/raw/archive/Padded_imgs/ZSU_23_4/HB19442.JPG,15,ZSU_23_4,HB19442
data/raw/archive/Padded_imgs/ZSU_23_4/HB19444.JPG,15,ZSU_23_4,HB19444
data/raw/archive/Padded_imgs/ZSU_23_4/HB19446.JPG,15,ZSU_23_4,HB19446
data/raw/archive/Padded_imgs/ZSU_23_4/HB19448.JPG,15,ZSU_23_4,HB19448
data/raw/archive/Padded_imgs/ZSU_23_4/HB19450.JPG,15,ZSU_23_4,HB19450
data/raw/archive/Padded_imgs/ZSU_23_4/HB19454.JPG,15,ZSU_23_4,HB19454
data/raw/archive/Padded_imgs/ZSU_23_4/HB19456.JPG,15,ZSU_23_4,HB19456
data/raw/archive/Padded_imgs/ZSU_23_4/HB19458.JPG,15,ZSU_23_4,HB19458
data/raw/archive/Padded_imgs/ZSU_23_4/HB19460.JPG,15,ZSU_23_4,HB19460
data/raw/archive/Padded_imgs/ZSU_23_4/HB19462.JPG,15,ZSU_23_4,HB19462
data/raw/archive/Padded_imgs/ZSU_23_4/HB19464.JPG,15,ZSU_23_4,HB19464
data/raw/archive/Padded_imgs/ZSU_23_4/HB19466.JPG,15,ZSU_23_4,HB19466
data/raw/archive/Padded_imgs/ZSU_23_4/HB19468.JPG,15,ZSU_23_4,HB19468
data/raw/archive/Padded_imgs/ZSU_23_4/HB19470.JPG,15,ZSU_23_4,HB19470
data/raw/archive/Padded_imgs/ZSU_23_4/HB19472.JPG,15,ZSU_23_4,HB19472
data/raw/archive/Padded_imgs/ZSU_23_4/HB19474.JPG,15,ZSU_23_4,HB19474
data/raw/archive/Padded_imgs/ZSU_23_4/HB19476.JPG,15,ZSU_23_4,HB19476
data/raw/archive/Padded_imgs/ZSU_23_4/HB19478.JPG,15,ZSU_23_4,HB19478
data/raw/archive/Padded_imgs/ZSU_23_4/HB19479.JPG,15,ZSU_23_4,HB19479
data/raw/archive/Padded_imgs/ZSU_23_4/HB19481.JPG,15,ZSU_23_4,HB19481
data/raw/archive/Padded_imgs/ZSU_23_4/HB19483.JPG,15,ZSU_23_4,HB19483
data/raw/archive/Padded_imgs/ZSU_23_4/HB19487.JPG,15,ZSU_23_4,HB19487
data/raw/archive/Padded_imgs/ZSU_23_4/HB19491.JPG,15,ZSU_23_4,HB19491
data/raw/archive/Padded_imgs/ZSU_23_4/HB19495.JPG,15,ZSU_23_4,HB19495
data/raw/archive/Padded_imgs/ZSU_23_4/HB19499.JPG,15,ZSU_23_4,HB19499
data/raw/archive/Padded_imgs/ZSU_23_4/HB19501.JPG,15,ZSU_23_4,HB19501
data/raw/archive/Padded_imgs/ZSU_23_4/HB19503.JPG,15,ZSU_23_4,HB19503
data/raw/archive/Padded_imgs/ZSU_23_4/HB19505.JPG,15,ZSU_23_4,HB19505
data/raw/archive/Padded_imgs/ZSU_23_4/HB19507.JPG,15,ZSU_23_4,HB19507
data/raw/archive/Padded_imgs/ZSU_23_4/HB19508.JPG,15,ZSU_23_4,HB19508
data/raw/archive/Padded_imgs/ZSU_23_4/HB19512.JPG,15,ZSU_23_4,HB19512
data/raw/archive/Padded_imgs/ZSU_23_4/HB19514.JPG,15,ZSU_23_4,HB19514
data/raw/archive/Padded_imgs/ZSU_23_4/HB19516.JPG,15,ZSU_23_4,HB19516
data/raw/archive/Padded_imgs/ZSU_23_4/HB19518.JPG,15,ZSU_23_4,HB19518
data/raw/archive/Padded_imgs/ZSU_23_4/HB19520.JPG,15,ZSU_23_4,HB19520
data/raw/archive/Padded_imgs/ZSU_23_4/HB19522.JPG,15,ZSU_23_4,HB19522
data/raw/archive/Padded_imgs/ZSU_23_4/HB19526.JPG,15,ZSU_23_4,HB19526
data/raw/archive/Padded_imgs/ZSU_23_4/HB19528.JPG,15,ZSU_23_4,HB19528
data/raw/archive/Padded_imgs/ZSU_23_4/HB19530.JPG,15,ZSU_23_4,HB19530
data/raw/archive/Padded_imgs/ZSU_23_4/HB19534.JPG,15,ZSU_23_4,HB19534
data/raw/archive/Padded_imgs/ZSU_23_4/HB19536.JPG,15,ZSU_23_4,HB19536
data/raw/archive/Padded_imgs/ZSU_23_4/HB19538.JPG,15,ZSU_23_4,HB19538
data/raw/archive/Padded_imgs/ZSU_23_4/HB19540.JPG,15,ZSU_23_4,HB19540
data/raw/archive/Padded_imgs/ZSU_23_4/HB19542.JPG,15,ZSU_23_4,HB19542
data/raw/archive/Padded_imgs/ZSU_23_4/HB19544.JPG,15,ZSU_23_4,HB19544
data/raw/archive/Padded_imgs/ZSU_23_4/HB19545.JPG,15,ZSU_23_4,HB19545
data/raw/archive/Padded_imgs/ZSU_23_4/HB19547.JPG,15,ZSU_23_4,HB19547
data/raw/archive/Padded_imgs/ZSU_23_4/HB19549.JPG,15,ZSU_23_4,HB19549
data/raw/archive/Padded_imgs/ZSU_23_4/HB19551.JPG,15,ZSU_23_4,HB19551
data/raw/archive/Padded_imgs/ZSU_23_4/HB19553.JPG,15,ZSU_23_4,HB19553
data/raw/archive/Padded_imgs/ZSU_23_4/HB19555.JPG,15,ZSU_23_4,HB19555
data/raw/archive/Padded_imgs/ZSU_23_4/HB19557.JPG,15,ZSU_23_4,HB19557
data/raw/archive/Padded_imgs/ZSU_23_4/HB19559.JPG,15,ZSU_23_4,HB19559
data/raw/archive/Padded_imgs/ZSU_23_4/HB19561.JPG,15,ZSU_23_4,HB19561
data/raw/archive/Padded_imgs/ZSU_23_4/HB19563.JPG,15,ZSU_23_4,HB19563
data/raw/archive/Padded_imgs/ZSU_23_4/HB19567.JPG,15,ZSU_23_4,HB19567
data/raw/archive/Padded_imgs/ZSU_23_4/HB19569.JPG,15,ZSU_23_4,HB19569
data/raw/archive/Padded_imgs/ZSU_23_4/HB19571.JPG,15,ZSU_23_4,HB19571
data/raw/archive/Padded_imgs/ZSU_23_4/HB19573.JPG,15,ZSU_23_4,HB19573
data/raw/archive/Padded_imgs/ZSU_23_4/HB19575.JPG,15,ZSU_23_4,HB19575
data/raw/archive/Padded_imgs/ZSU_23_4/HB19579.JPG,15,ZSU_23_4,HB19579
data/raw/archive/Padded_imgs/ZSU_23_4/HB19581.JPG,15,ZSU_23_4,HB19581
data/raw/archive/Padded_imgs/ZSU_23_4/HB19583.JPG,15,ZSU_23_4,HB19583
data/raw/archive/Padded_imgs/ZSU_23_4/HB19780.JPG,15,ZSU_23_4,HB19780
data/raw/archive/Padded_imgs/ZSU_23_4/HB19781.JPG,15,ZSU_23_4,HB19781
data/raw/archive/Padded_imgs/ZSU_23_4/HB19782.JPG,15,ZSU_23_4,HB19782
data/raw/archive/Padded_imgs/ZSU_23_4/HB19783.JPG,15,ZSU_23_4,HB19783
data/raw/archive/Padded_imgs/ZSU_23_4/HB19784.JPG,15,ZSU_23_4,HB19784
data/raw/archive/Padded_imgs/ZSU_23_4/HB19785.JPG,15,ZSU_23_4,HB19785
data/raw/archive/Padded_imgs/ZSU_23_4/HB19786.JPG,15,ZSU_23_4,HB19786
data/raw/archive/Padded_imgs/ZSU_23_4/HB19787.JPG,15,ZSU_23_4,HB19787
data/raw/archive/Padded_imgs/ZSU_23_4/HB19788.JPG,15,ZSU_23_4,HB19788
data/raw/archive/Padded_imgs/ZSU_23_4/HB19789.JPG,15,ZSU_23_4,HB19789
data/raw/archive/Padded_imgs/ZSU_23_4/HB19790.JPG,15,ZSU_23_4,HB19790
data/raw/archive/Padded_imgs/ZSU_23_4/HB19791.JPG,15,ZSU_23_4,HB19791
data/raw/archive/Padded_imgs/ZSU_23_4/HB19792.JPG,15,ZSU_23_4,HB19792
data/raw/archive/Padded_imgs/ZSU_23_4/HB19793.JPG,15,ZSU_23_4,HB19793
data/raw/archive/Padded_imgs/ZSU_23_4/HB19794.JPG,15,ZSU_23_4,HB19794
data/raw/archive/Padded_imgs/ZSU_23_4/HB19795.JPG,15,ZSU_23_4,HB19795
data/raw/archive/Padded_imgs/ZSU_23_4/HB19797.JPG,15,ZSU_23_4,HB19797
data/raw/archive/Padded_imgs/ZSU_23_4/HB19798.JPG,15,ZSU_23_4,HB19798
data/raw/archive/Padded_imgs/ZSU_23_4/HB19799.JPG,15,ZSU_23_4,HB19799
data/raw/archive/Padded_imgs/ZSU_23_4/HB19801.JPG,15,ZSU_23_4,HB19801
data/raw/archive/Padded_imgs/ZSU_23_4/HB19803.JPG,15,ZSU_23_4,HB19803
data/raw/archive/Padded_imgs/ZSU_23_4/HB19804.JPG,15,ZSU_23_4,HB19804
data/raw/archive/Padded_imgs/ZSU_23_4/HB19805.JPG,15,ZSU_23_4,HB19805
data/raw/archive/Padded_imgs/ZSU_23_4/HB19806.JPG,15,ZSU_23_4,HB19806
data/raw/archive/Padded_imgs/ZSU_23_4/HB19807.JPG,15,ZSU_23_4,HB19807
data/raw/archive/Padded_imgs/ZSU_23_4/HB19808.JPG,15,ZSU_23_4,HB19808
data/raw/archive/Padded_imgs/ZSU_23_4/HB19809.JPG,15,ZSU_23_4,HB19809
data/raw/archive/Padded_imgs/ZSU_23_4/HB19810.JPG,15,ZSU_23_4,HB19810
data/raw/archive/Padded_imgs/ZSU_23_4/HB19811.JPG,15,ZSU_23_4,HB19811
data/raw/archive/Padded_imgs/ZSU_23_4/HB19812.JPG,15,ZSU_23_4,HB19812
data/raw/archive/Padded_imgs/ZSU_23_4/HB19813.JPG,15,ZSU_23_4,HB19813
data/raw/archive/Padded_imgs/ZSU_23_4/HB19814.JPG,15,ZSU_23_4,HB19814
data/raw/archive/Padded_imgs/ZSU_23_4/HB19816.JPG,15,ZSU_23_4,HB19816
data/raw/archive/Padded_imgs/ZSU_23_4/HB19817.JPG,17,ZSU_23_4,HB19817
data/raw/archive/Padded_imgs/ZSU_23_4/HB19818.JPG,15,ZSU_23_4,HB19818
data/raw/archive/Padded_imgs/ZSU_23_4/HB19820.JPG,15,ZSU_23_4,HB19820
data/raw/archive/Padded_imgs/ZSU_23_4/HB19821.JPG,15,ZSU_23_4,HB19821
data/raw/archive/Padded_imgs/ZSU_23_4/HB19822.JPG,15,ZSU_23_4,HB19822
data/raw/archive/Padded_imgs/ZSU_23_4/HB19823.JPG,15,ZSU_23_4,HB19823
data/raw/archive/Padded_imgs/ZSU_23_4/HB19824.JPG,15,ZSU_23_4,HB19824
data/raw/archive/Padded_imgs/ZSU_23_4/HB19825.JPG,15,ZSU_23_4,HB19825
data/raw/archive/Padded_imgs/ZSU_23_4/HB19826.JPG,15,ZSU_23_4,HB19826
data/raw/archive/Padded_imgs/ZSU_23_4/HB19827.JPG,15,ZSU_23_4,HB19827
data/raw/archive/Padded_imgs/ZSU_23_4/HB19828.JPG,15,ZSU_23_4,HB19828
data/raw/archive/Padded_imgs/ZSU_23_4/HB19829.JPG,15,ZSU_23_4,HB19829
data/raw/archive/Padded_imgs/ZSU_23_4/HB19830.JPG,15,ZSU_23_4,HB19830
data/raw/archive/Padded_imgs/ZSU_23_4/HB19831.JPG,15,ZSU_23_4,HB19831
data/raw/archive/Padded_imgs/ZSU_23_4/HB19833.JPG,15,ZSU_23_4,HB19833
data/raw/archive/Padded_imgs/ZSU_23_4/HB19834.JPG,15,ZSU_23_4,HB19834
data/raw/archive/Padded_imgs/ZSU_23_4/HB19835.JPG,15,ZSU_23_4,HB19835
data/raw/archive/Padded_imgs/ZSU_23_4/HB19836.JPG,15,ZSU_23_4,HB19836
data/raw/archive/Padded_imgs/ZSU_23_4/HB19838.JPG,15,ZSU_23_4,HB19838
data/raw/archive/Padded_imgs/ZSU_23_4/HB19839.JPG,15,ZSU_23_4,HB19839
data/raw/archive/Padded_imgs/ZSU_23_4/HB19840.JPG,15,ZSU_23_4,HB19840
data/raw/archive/Padded_imgs/ZSU_23_4/HB19841.JPG,15,ZSU_23_4,HB19841
data/raw/archive/Padded_imgs/ZSU_23_4/HB19842.JPG,15,ZSU_23_4,HB19842
data/raw/archive/Padded_imgs/ZSU_23_4/HB19843.JPG,15,ZSU_23_4,HB19843
data/raw/archive/Padded_imgs/ZSU_23_4/HB19844.JPG,15,ZSU_23_4,HB19844
data/raw/archive/Padded_imgs/ZSU_23_4/HB19845.JPG,15,ZSU_23_4,HB19845
data/raw/archive/Padded_imgs/ZSU_23_4/HB19846.JPG,15,ZSU_23_4,HB19846
data/raw/archive/Padded_imgs/ZSU_23_4/HB19847.JPG,15,ZSU_23_4,HB19847
data/raw/archive/Padded_imgs/ZSU_23_4/HB19848.JPG,15,ZSU_23_4,HB19848
data/raw/archive/Padded_imgs/ZSU_23_4/HB19849.JPG,15,ZSU_23_4,HB19849
data/raw/archive/Padded_imgs/ZSU_23_4/HB19850.JPG,15,ZSU_23_4,HB19850
data/raw/archive/Padded_imgs/ZSU_23_4/HB19851.JPG,15,ZSU_23_4,HB19851
data/raw/archive/Padded_imgs/ZSU_23_4/HB19852.JPG,15,ZSU_23_4,HB19852
data/raw/archive/Padded_imgs/ZSU_23_4/HB19853.JPG,15,ZSU_23_4,HB19853
data/raw/archive/Padded_imgs/ZSU_23_4/HB19854.JPG,15,ZSU_23_4,HB19854
data/raw/archive/Padded_imgs/ZSU_23_4/HB19855.JPG,15,ZSU_23_4,HB19855
data/raw/archive/Padded_imgs/ZSU_23_4/HB19856.JPG,15,ZSU_23_4,HB19856
data/raw/archive/Padded_imgs/ZSU_23_4/HB19857.JPG,15,ZSU_23_4,HB19857
data/raw/archive/Padded_imgs/ZSU_23_4/HB19858.JPG,15,ZSU_23_4,HB19858
data/raw/archive/Padded_imgs/ZSU_23_4/HB19859.JPG,15,ZSU_23_4,HB19859
data/raw/archive/Padded_imgs/ZSU_23_4/HB19860.JPG,15,ZSU_23_4,HB19860
data/raw/archive/Padded_imgs/ZSU_23_4/HB19861.JPG,15,ZSU_23_4,HB19861
data/raw/archive/Padded_imgs/ZSU_23_4/HB19862.JPG,15,ZSU_23_4,HB19862
data/raw/archive/Padded_imgs/ZSU_23_4/HB19863.JPG,15,ZSU_23_4,HB19863
data/raw/archive/Padded_imgs/ZSU_23_4/HB19864.JPG,15,ZSU_23_4,HB19864
data/raw/archive/Padded_imgs/ZSU_23_4/HB19865.JPG,15,ZSU_23_4,HB19865
data/raw/archive/Padded_imgs/ZSU_23_4/HB19867.JPG,15,ZSU_23_4,HB19867
data/raw/archive/Padded_imgs/ZSU_23_4/HB19868.JPG,15,ZSU_23_4,HB19868
data/raw/archive/Padded_imgs/ZSU_23_4/HB19869.JPG,15,ZSU_23_4,HB19869
data/raw/archive/Padded_imgs/ZSU_23_4/HB19871.JPG,15,ZSU_23_4,HB19871
data/raw/archive/Padded_imgs/ZSU_23_4/HB19872.JPG,15,ZSU_23_4,HB19872
data/raw/archive/Padded_imgs/ZSU_23_4/HB19873.JPG,15,ZSU_23_4,HB19873
data/raw/archive/Padded_imgs/ZSU_23_4/HB19874.JPG,15,ZSU_23_4,HB19874
data/raw/archive/Padded_imgs/ZSU_23_4/HB19875.JPG,15,ZSU_23_4,HB19875
data/raw/archive/Padded_imgs/ZSU_23_4/HB19876.JPG,15,ZSU_23_4,HB19876
data/raw/archive/Padded_imgs/ZSU_23_4/HB19877.JPG,15,ZSU_23_4,HB19877
data/raw/archive/Padded_imgs/ZSU_23_4/HB19878.JPG,15,ZSU_23_4,HB19878
data/raw/archive/Padded_imgs/ZSU_23_4/HB19879.JPG,15,ZSU_23_4,HB19879
data/raw/archive/Padded_imgs/ZSU_23_4/HB19880.JPG,15,ZSU_23_4,HB19880
data/raw/archive/Padded_imgs/ZSU_23_4/HB19881.JPG,15,ZSU_23_4,HB19881
data/raw/archive/Padded_imgs/ZSU_23_4/HB19882.JPG,15,ZSU_23_4,HB19882
data/raw/archive/Padded_imgs/ZSU_23_4/HB19883.JPG,15,ZSU_23_4,HB19883
data/raw/archive/Padded_imgs/ZSU_23_4/HB19884.JPG,15,ZSU_23_4,HB19884
data/raw/archive/Padded_imgs/ZSU_23_4/HB19885.JPG,15,ZSU_23_4,HB19885
data/raw/archive/Padded_imgs/ZSU_23_4/HB19887.JPG,15,ZSU_23_4,HB19887
data/raw/archive/Padded_imgs/ZSU_23_4/HB19888.JPG,15,ZSU_23_4,HB19888
data/raw/archive/Padded_imgs/ZSU_23_4/HB19889.JPG,15,ZSU_23_4,HB19889
data/raw/archive/Padded_imgs/ZSU_23_4/HB19890.JPG,15,ZSU_23_4,HB19890
data/raw/archive/Padded_imgs/ZSU_23_4/HB19891.JPG,15,ZSU_23_4,HB19891
data/raw/archive/Padded_imgs/ZSU_23_4/HB19892.JPG,15,ZSU_23_4,HB19892
data/raw/archive/Padded_imgs/ZSU_23_4/HB19893.JPG,15,ZSU_23_4,HB19893
data/raw/archive/Padded_imgs/ZSU_23_4/HB19894.JPG,15,ZSU_23_4,HB19894
data/raw/archive/Padded_imgs/ZSU_23_4/HB19895.JPG,15,ZSU_23_4,HB19895
data/raw/archive/Padded_imgs/ZSU_23_4/HB19896.JPG,15,ZSU_23_4,HB19896
data/raw/archive/Padded_imgs/ZSU_23_4/HB19897.JPG,15,ZSU_23_4,HB19897
data/raw/archive/Padded_imgs/ZSU_23_4/HB19898.JPG,15,ZSU_23_4,HB19898
data/raw/archive/Padded_imgs/ZSU_23_4/HB19899.JPG,15,ZSU_23_4,HB19899
data/raw/archive/Padded_imgs/ZSU_23_4/HB19901.JPG,15,ZSU_23_4,HB19901
data/raw/archive/Padded_imgs/ZSU_23_4/HB19902.JPG,15,ZSU_23_4,HB19902
data/raw/archive/Padded_imgs/ZSU_23_4/HB19903.JPG,15,ZSU_23_4,HB19903
data/raw/archive/Padded_imgs/ZSU_23_4/HB19906.JPG,15,ZSU_23_4,HB19906
data/raw/archive/Padded_imgs/ZSU_23_4/HB19907.JPG,15,ZSU_23_4,HB19907
data/raw/archive/Padded_imgs/ZSU_23_4/HB19908.JPG,15,ZSU_23_4,HB19908
data/raw/archive/Padded_imgs/ZSU_23_4/HB19909.JPG,15,ZSU_23_4,HB19909
data/raw/archive/Padded_imgs/ZSU_23_4/HB19910.JPG,15,ZSU_23_4,HB19910
data/raw/archive/Padded_imgs/ZSU_23_4/HB19911.JPG,15,ZSU_23_4,HB19911
data/raw/archive/Padded_imgs/ZSU_23_4/HB19912.JPG,15,ZSU_23_4,HB19912
data/raw/archive/Padded_imgs/ZSU_23_4/HB19913.JPG,15,ZSU_23_4,HB19913
data/raw/archive/Padded_imgs/ZSU_23_4/HB19914.JPG,15,ZSU_23_4,HB19914
data/raw/archive/Padded_imgs/ZSU_23_4/HB19915.JPG,15,ZSU_23_4,HB19915
data/raw/archive/Padded_imgs/ZSU_23_4/HB19916.JPG,15,ZSU_23_4,HB19916
data/raw/archive/Padded_imgs/ZSU_23_4/HB19917.JPG,17,ZSU_23_4,HB19917
data/raw/archive/Padded_imgs/ZSU_23_4/HB19918.JPG,15,ZSU_23_4,HB19918
data/raw/archive/Padded_imgs/ZSU_23_4/HB19919.JPG,15,ZSU_23_4,HB19919
data/raw/archive/Padded_imgs/ZSU_23_4/HB19920.JPG,15,ZSU_23_4,HB19920
data/raw/archive/Padded_imgs/ZSU_23_4/HB19923.JPG,15,ZSU_23_4,HB19923
data/raw/archive/Padded_imgs/ZSU_23_4/HB19924.JPG,15,ZSU_23_4,HB19924
data/raw/archive/Padded_imgs/ZSU_23_4/HB19925.JPG,15,ZSU_23_4,HB19925
data/raw/archive/Padded_imgs/ZSU_23_4/HB19926.JPG,15,ZSU_23_4,HB19926
data/raw/archive/Padded_imgs/ZSU_23_4/HB19927.JPG,15,ZSU_23_4,HB19927
data/raw/archive/Padded_imgs/ZSU_23_4/HB19928.JPG,15,ZSU_23_4,HB19928
data/raw/archive/Padded_imgs/ZSU_23_4/HB19929.JPG,15,ZSU_23_4,HB19929
data/raw/archive/Padded_imgs/ZSU_23_4/HB19930.JPG,15,ZSU_23_4,HB19930
data/raw/archive/Padded_imgs/ZSU_23_4/HB19931.JPG,15,ZSU_23_4,HB19931
data/raw/archive/Padded_imgs/ZSU_23_4/HB19932.JPG,15,ZSU_23_4,HB19932
data/raw/archive/Padded_imgs/ZSU_23_4/HB19933.JPG,15,ZSU_23_4,HB19933
data/raw/archive/Padded_imgs/ZSU_23_4/HB19934.JPG,15,ZSU_23_4,HB19934
data/raw/archive/Padded_imgs/ZSU_23_4/HB19935.JPG,15,ZSU_23_4,HB19935
data/raw/archive/Padded_imgs/ZSU_23_4/HB19936.JPG,15,ZSU_23_4,HB19936
data/raw/archive/Padded_imgs/ZSU_23_4/HB19938.JPG,15,ZSU_23_4,HB19938
data/raw/archive/Padded_imgs/ZSU_23_4/HB19939.JPG,15,ZSU_23_4,HB19939
data/raw/archive/Padded_imgs/ZSU_23_4/HB19941.JPG,15,ZSU_23_4,HB19941
data/raw/archive/Padded_imgs/ZSU_23_4/HB19942.JPG,15,ZSU_23_4,HB19942
data/raw/archive/Padded_imgs/ZSU_23_4/HB19943.JPG,15,ZSU_23_4,HB19943
data/raw/archive/Padded_imgs/ZSU_23_4/HB19944.JPG,15,ZSU_23_4,HB19944
data/raw/archive/Padded_imgs/ZSU_23_4/HB19945.JPG,15,ZSU_23_4,HB19945
data/raw/archive/Padded_imgs/ZSU_23_4/HB19946.JPG,15,ZSU_23_4,HB19946
data/raw/archive/Padded_imgs/ZSU_23_4/HB19947.JPG,15,ZSU_23_4,HB19947
data/raw/archive/Padded_imgs/ZSU_23_4/HB19949.JPG,15,ZSU_23_4,HB19949
data/raw/archive/Padded_imgs/ZSU_23_4/HB19950.JPG,15,ZSU_23_4,HB19950
data/raw/archive/Padded_imgs/ZSU_23_4/HB19951.JPG,15,ZSU_23_4,HB19951
data/raw/archive/Padded_imgs/ZSU_23_4/HB19952.JPG,15,ZSU_23_4,HB19952
data/raw/archive/Padded_imgs/ZSU_23_4/HB19953.JPG,15,ZSU_23_4,HB19953
data/raw/archive/Padded_imgs/ZSU_23_4/HB19954.JPG,15,ZSU_23_4,HB19954
data/raw/archive/Padded_imgs/ZSU_23_4/HB19955.JPG,15,ZSU_23_4,HB19955
data/raw/archive/Padded_imgs/ZSU_23_4/HB19957.JPG,15,ZSU_23_4,HB19957
data/raw/archive/Padded_imgs/ZSU_23_4/HB19958.JPG,15,ZSU_23_4,HB19958
data/raw/archive/Padded_imgs/ZSU_23_4/HB19959.JPG,15,ZSU_23_4,HB19959
data/raw/archive/Padded_imgs/ZSU_23_4/HB19960.JPG,15,ZSU_23_4,HB19960
data/raw/archive/Padded_imgs/ZSU_23_4/HB19961.JPG,15,ZSU_23_4,HB19961
data/raw/archive/Padded_imgs/ZSU_23_4/HB19962.JPG,15,ZSU_23_4,HB19962
data/raw/archive/Padded_imgs/ZSU_23_4/HB19963.JPG,15,ZSU_23_4,HB19963
data/raw/archive/Padded_imgs/ZSU_23_4/HB19964.JPG,15,ZSU_23_4,HB19964
data/raw/archive/Padded_imgs/ZSU_23_4/HB19965.JPG,15,ZSU_23_4,HB19965
data/raw/archive/Padded_imgs/ZSU_23_4/HB19966.JPG,15,ZSU_23_4,HB19966
data/raw/archive/Padded_imgs/ZSU_23_4/HB19967.JPG,15,ZSU_23_4,HB19967
data/raw/archive/Padded_imgs/ZSU_23_4/HB19968.JPG,15,ZSU_23_4,HB19968
data/raw/archive/Padded_imgs/ZSU_23_4/HB19969.JPG,15,ZSU_23_4,HB19969
data/raw/archive/Padded_imgs/ZSU_23_4/HB19971.JPG,15,ZSU_23_4,HB19971
data/raw/archive/Padded_imgs/ZSU_23_4/HB19972.JPG,15,ZSU_23_4,HB19972
data/raw/archive/Padded_imgs/ZSU_23_4/HB19973.JPG,15,ZSU_23_4,HB19973
data/raw/archive/Padded_imgs/ZSU_23_4/HB19975.JPG,15,ZSU_23_4,HB19975
data/raw/archive/Padded_imgs/ZSU_23_4/HB19976.JPG,15,ZSU_23_4,HB19976
data/raw/archive/Padded_imgs/ZSU_23_4/HB19977.JPG,15,ZSU_23_4,HB19977
data/raw/archive/Padded_imgs/ZSU_23_4/HB19978.JPG,15,ZSU_23_4,HB19978
data/raw/archive/Padded_imgs/ZSU_23_4/HB19979.JPG,15,ZSU_23_4,HB19979
data/raw/archive/Padded_imgs/ZSU_23_4/HB19980.JPG,15,ZSU_23_4,HB19980
data/raw/archive/Padded_imgs/ZSU_23_4/HB19981.JPG,15,ZSU_23_4,HB19981
data/raw/archive/Padded_imgs/ZSU_23_4/HB19982.JPG,15,ZSU_23_4,HB19982
data/raw/archive/Padded_imgs/ZSU_23_4/HB19983.JPG,15,ZSU_23_4,HB19983
data/raw/archive/Padded_imgs/ZSU_23_4/HB19984.JPG,15,ZSU_23_4,HB19984
data/raw/archive/Padded_imgs/ZSU_23_4/HB19986.JPG,15,ZSU_23_4,HB19986
data/raw/archive/Padded_imgs/ZSU_23_4/HB19987.JPG,15,ZSU_23_4,HB19987
data/raw/archive/Padded_imgs/ZSU_23_4/HB19988.JPG,15,ZSU_23_4,HB19988
data/raw/archive/Padded_imgs/ZSU_23_4/HB19989.JPG,15,ZSU_23_4,HB19989
data/raw/archive/Padded_imgs/ZSU_23_4/HB19990.JPG,15,ZSU_23_4,HB19990
data/raw/archive/Padded_imgs/ZSU_23_4/HB19992.JPG,15,ZSU_23_4,HB19992
data/raw/archive/Padded_imgs/ZSU_23_4/HB19993.JPG,15,ZSU_23_4,HB19993
data/raw/archive/Padded_imgs/ZSU_23_4/HB19994.JPG,15,ZSU_23_4,HB19994
data/raw/archive/Padded_imgs/ZSU_23_4/HB19995.JPG,15,ZSU_23_4,HB19995
data/raw/archive/Padded_imgs/ZSU_23_4/HB19996.JPG,15,ZSU_23_4,HB19996
data/raw/archive/Padded_imgs/ZSU_23_4/HB19997.JPG,15,ZSU_23_4,HB19997
data/raw/archive/Padded_imgs/ZSU_23_4/HB19998.JPG,15,ZSU_23_4,HB19998
data/raw/archive/Padded_imgs/ZSU_23_4/HB19999.JPG,15,ZSU_23_4,HB19999
data/raw/archive/Padded_imgs/ZSU_23_4/HB20000.JPG,15,ZSU_23_4,HB20000
data/raw/archive/Padded_imgs/ZSU_23_4/HB20001.JPG,15,ZSU_23_4,HB20001
data/raw/archive/Padded_imgs/ZSU_23_4/HB20002.JPG,15,ZSU_23_4,HB20002
data/raw/archive/Padded_imgs/ZSU_23_4/HB20007.JPG,15,ZSU_23_4,HB20007
data/raw/archive/Padded_imgs/ZSU_23_4/HB20008.JPG,15,ZSU_23_4,HB20008
data/raw/archive/Padded_imgs/ZSU_23_4/HB20009.JPG,15,ZSU_23_4,HB20009
data/raw/archive/Padded_imgs/ZSU_23_4/HB20010.JPG,15,ZSU_23_4,HB20010
data/raw/archive/Padded_imgs/ZSU_23_4/HB20011.JPG,15,ZSU_23_4,HB20011
data/raw/archive/Padded_imgs/ZSU_23_4/HB20012.JPG,15,ZSU_23_4,HB20012
data/raw/archive/Padded_imgs/ZSU_23_4/HB20013.JPG,15,ZSU_23_4,HB20013
data/raw/mstar/HB19462.JPG,15,mstar,HB19462
data/raw/mstar/HB19464.JPG,15,mstar,HB19464
data/raw/mstar/HB19466.JPG,15,mstar,HB19466
data/raw/mstar/HB19468.JPG,15,mstar,HB19468
data/raw/mstar/HB19470.JPG,15,mstar,HB19470
data/raw/Padded_imgs/2S1/HB14931.JPG,15,2S1,HB14931
data/raw/Padded_imgs/2S1/HB14932.JPG,15,2S1,HB14932
data/raw/Padded_imgs/2S1/HB14933.JPG,15,2S1,HB14933
data/raw/Padded_imgs/2S1/HB14934.JPG,15,2S1,HB14934
data/raw/Padded_imgs/2S1/HB14935.JPG,15,2S1,HB14935
data/raw/Padded_imgs/2S1/HB14936.JPG,15,2S1,HB14936
data/raw/Padded_imgs/2S1/HB14937.JPG,15,2S1,HB14937
data/raw/Padded_imgs/2S1/HB14938.JPG,15,2S1,HB14938
data/raw/Padded_imgs/2S1/HB14939.JPG,15,2S1,HB14939
data/raw/Padded_imgs/2S1/HB14940.JPG,15,2S1,HB14940
data/raw/Padded_imgs/2S1/HB14941.JPG,15,2S1,HB14941
data/raw/Padded_imgs/2S1/HB14942.JPG,15,2S1,HB14942
data/raw/Padded_imgs/2S1/HB14943.JPG,15,2S1,HB14943
data/raw/Padded_imgs/2S1/HB14944.JPG,15,2S1,HB14944
data/raw/Padded_imgs/2S1/HB14945.JPG,15,2S1,HB14945
data/raw/Padded_imgs/2S1/HB14946.JPG,15,2S1,HB14946
data/raw/Padded_imgs/2S1/HB14947.JPG,15,2S1,HB14947
data/raw/Padded_imgs/2S1/HB14948.JPG,15,2S1,HB14948
data/raw/Padded_imgs/2S1/HB14950.JPG,15,2S1,HB14950
data/raw/Padded_imgs/2S1/HB14951.JPG,15,2S1,HB14951
data/raw/Padded_imgs/2S1/HB14954.JPG,15,2S1,HB14954
data/raw/Padded_imgs/2S1/HB14955.JPG,15,2S1,HB14955
data/raw/Padded_imgs/2S1/HB14956.JPG,15,2S1,HB14956
data/raw/Padded_imgs/2S1/HB14957.JPG,15,2S1,HB14957
data/raw/Padded_imgs/2S1/HB14958.JPG,15,2S1,HB14958
data/raw/Padded_imgs/2S1/HB14959.JPG,15,2S1,HB14959
data/raw/Padded_imgs/2S1/HB14960.JPG,15,2S1,HB14960
data/raw/Padded_imgs/2S1/HB14961.JPG,15,2S1,HB14961
data/raw/Padded_imgs/2S1/HB14962.JPG,15,2S1,HB14962
data/raw/Padded_imgs/2S1/HB14963.JPG,15,2S1,HB14963
data/raw/Padded_imgs/2S1/HB14964.JPG,15,2S1,HB14964
data/raw/Padded_imgs/2S1/HB14965.JPG,15,2S1,HB14965
data/raw/Padded_imgs/2S1/HB14967.JPG,15,2S1,HB14967
data/raw/Padded_imgs/2S1/HB14968.JPG,15,2S1,HB14968
data/raw/Padded_imgs/2S1/HB14969.JPG,15,2S1,HB14969
data/raw/Padded_imgs/2S1/HB14970.JPG,15,2S1,HB14970
data/raw/Padded_imgs/2S1/HB14971.JPG,15,2S1,HB14971
data/raw/Padded_imgs/2S1/HB14972.JPG,15,2S1,HB14972
data/raw/Padded_imgs/2S1/HB14973.JPG,15,2S1,HB14973
data/raw/Padded_imgs/2S1/HB14974.JPG,15,2S1,HB14974
data/raw/Padded_imgs/2S1/HB14975.JPG,15,2S1,HB14975
data/raw/Padded_imgs/2S1/HB14976.JPG,15,2S1,HB14976
data/raw/Padded_imgs/2S1/HB14977.JPG,15,2S1,HB14977
data/raw/Padded_imgs/2S1/HB14978.JPG,15,2S1,HB14978
data/raw/Padded_imgs/2S1/HB14979.JPG,15,2S1,HB14979
data/raw/Padded_imgs/2S1/HB14980.JPG,15,2S1,HB14980
data/raw/Padded_imgs/2S1/HB14981.JPG,15,2S1,HB14981
data/raw/Padded_imgs/2S1/HB14982.JPG,15,2S1,HB14982
data/raw/Padded_imgs/2S1/HB14983.JPG,15,2S1,HB14983
data/raw/Padded_imgs/2S1/HB14984.JPG,15,2S1,HB14984
data/raw/Padded_imgs/2S1/HB14986.JPG,15,2S1,HB14986
data/raw/Padded_imgs/2S1/HB14987.JPG,15,2S1,HB14987
data/raw/Padded_imgs/2S1/HB14990.JPG,15,2S1,HB14990
data/raw/Padded_imgs/2S1/HB14991.JPG,15,2S1,HB14991
data/raw/Padded_imgs/2S1/HB14992.JPG,15,2S1,HB14992
data/raw/Padded_imgs/2S1/HB14993.JPG,15,2S1,HB14993
data/raw/Padded_imgs/2S1/HB14994.JPG,15,2S1,HB14994
data/raw/Padded_imgs/2S1/HB14995.JPG,15,2S1,HB14995
data/raw/Padded_imgs/2S1/HB14997.JPG,15,2S1,HB14997
data/raw/Padded_imgs/2S1/HB14998.JPG,15,2S1,HB14998
data/raw/Padded_imgs/2S1/HB14999.JPG,15,2S1,HB14999
data/raw/Padded_imgs/2S1/HB15000.JPG,15,2S1,HB15000
data/raw/Padded_imgs/2S1/HB15001.JPG,15,2S1,HB15001
data/raw/Padded_imgs/2S1/HB15002.JPG,15,2S1,HB15002
data/raw/Padded_imgs/2S1/HB15003.JPG,15,2S1,HB15003
data/raw/Padded_imgs/2S1/HB15004.JPG,15,2S1,HB15004
data/raw/Padded_imgs/2S1/HB15005.JPG,15,2S1,HB15005
data/raw/Padded_imgs/2S1/HB15006.JPG,15,2S1,HB15006
data/raw/Padded_imgs/2S1/HB15008.JPG,15,2S1,HB15008
data/raw/Padded_imgs/2S1/HB15009.JPG,15,2S1,HB15009
data/raw/Padded_imgs/2S1/HB15010.JPG,15,2S1,HB15010
data/raw/Padded_imgs/2S1/HB15011.JPG,15,2S1,HB15011
data/raw/Padded_imgs/2S1/HB15012.JPG,15,2S1,HB15012
data/raw/Padded_imgs/2S1/HB15013.JPG,15,2S1,HB15013
data/raw/Padded_imgs/2S1/HB15014.JPG,15,2S1,HB15014
data/raw/Padded_imgs/2S1/HB15015.JPG,15,2S1,HB15015
data/raw/Padded_imgs/2S1/HB15016.JPG,15,2S1,HB15016
data/raw/Padded_imgs/2S1/HB15017.JPG,17,2S1,HB15017
data/raw/Padded_imgs/2S1/HB15018.JPG,15,2S1,HB15018
data/raw/Padded_imgs/2S1/HB15019.JPG,15,2S1,HB15019
data/raw/Padded_imgs/2S1/HB15020.JPG,15,2S1,HB15020
data/raw/Padded_imgs/2S1/HB15021.JPG,15,2S1,HB15021
data/raw/Padded_imgs/2S1/HB15022.JPG,15,2S1,HB15022
data/raw/Padded_imgs/2S1/HB15025.JPG,15,2S1,HB15025
data/raw/Padded_imgs/2S1/HB15026.JPG,15,2S1,HB15026
data/raw/Padded_imgs/2S1/HB15027.JPG,15,2S1,HB15027
data/raw/Padded_imgs/2S1/HB15028.JPG,15,2S1,HB15028
data/raw/Padded_imgs/2S1/HB15029.JPG,15,2S1,HB15029
data/raw/Padded_imgs/2S1/HB15030.JPG,15,2S1,HB15030
data/raw/Padded_imgs/2S1/HB15031.JPG,15,2S1,HB15031
data/raw/Padded_imgs/2S1/HB15032.JPG,15,2S1,HB15032
data/raw/Padded_imgs/2S1/HB15033.JPG,15,2S1,HB15033
data/raw/Padded_imgs/2S1/HB15034.JPG,15,2S1,HB15034
data/raw/Padded_imgs/2S1/HB15036.JPG,15,2S1,HB15036
data/raw/Padded_imgs/2S1/HB15037.JPG,15,2S1,HB15037
data/raw/Padded_imgs/2S1/HB15038.JPG,15,2S1,HB15038
data/raw/Padded_imgs/2S1/HB15039.JPG,15,2S1,HB15039
data/raw/Padded_imgs/2S1/HB15041.JPG,15,2S1,HB15041
data/raw/Padded_imgs/2S1/HB15042.JPG,15,2S1,HB15042
data/raw/Padded_imgs/2S1/HB15043.JPG,15,2S1,HB15043
data/raw/Padded_imgs/2S1/HB15044.JPG,15,2S1,HB15044
data/raw/Padded_imgs/2S1/HB15045.JPG,15,2S1,HB15045
data/raw/Padded_imgs/2S1/HB15046.JPG,15,2S1,HB15046
data/raw/Padded_imgs/2S1/HB15047.JPG,15,2S1,HB15047
data/raw/Padded_imgs/2S1/HB15048.JPG,15,2S1,HB15048
data/raw/Padded_imgs/2S1/HB15049.JPG,15,2S1,HB15049
data/raw/Padded_imgs/2S1/HB15050.JPG,15,2S1,HB15050
data/raw/Padded_imgs/2S1/HB15051.JPG,15,2S1,HB15051
data/raw/Padded_imgs/2S1/HB15052.JPG,15,2S1,HB15052
data/raw/Padded_imgs/2S1/HB15054.JPG,15,2S1,HB15054
data/raw/Padded_imgs/2S1/HB15055.JPG,15,2S1,HB15055
data/raw/Padded_imgs/2S1/HB15056.JPG,15,2S1,HB15056
data/raw/Padded_imgs/2S1/HB15057.JPG,15,2S1,HB15057
data/raw/Padded_imgs/2S1/HB15060.JPG,15,2S1,HB15060
data/raw/Padded_imgs/2S1/HB15062.JPG,15,2S1,HB15062
data/raw/Padded_imgs/2S1/HB15063.JPG,15,2S1,HB15063
data/raw/Padded_imgs/2S1/HB15064.JPG,15,2S1,HB15064
data/raw/Padded_imgs/2S1/HB15065.JPG,15,2S1,HB15065
data/raw/Padded_imgs/2S1/HB15066.JPG,15,2S1,HB15066
data/raw/Padded_imgs/2S1/HB15067.JPG,15,2S1,HB15067
data/raw/Padded_imgs/2S1/HB15068.JPG,15,2S1,HB15068
data/raw/Padded_imgs/2S1/HB15069.JPG,15,2S1,HB15069
data/raw/Padded_imgs/2S1/HB15070.JPG,15,2S1,HB15070
data/raw/Padded_imgs/2S1/HB15072.JPG,15,2S1,HB15072
data/raw/Padded_imgs/2S1/HB15073.JPG,15,2S1,HB15073
data/raw/Padded_imgs/2S1/HB15074.JPG,15,2S1,HB15074
data/raw/Padded_imgs/2S1/HB15075.JPG,15,2S1,HB15075
data/raw/Padded_imgs/2S1/HB15076.JPG,15,2S1,HB15076
data/raw/Padded_imgs/2S1/HB15077.JPG,15,2S1,HB15077
data/raw/Padded_imgs/2S1/HB15078.JPG,15,2S1,HB15078
data/raw/Padded_imgs/2S1/HB15079.JPG,15,2S1,HB15079
data/raw/Padded_imgs/2S1/HB15080.JPG,15,2S1,HB15080
data/raw/Padded_imgs/2S1/HB15082.JPG,15,2S1,HB15082
data/raw/Padded_imgs/2S1/HB15083.JPG,15,2S1,HB15083
data/raw/Padded_imgs/2S1/HB15084.JPG,15,2S1,HB15084
data/raw/Padded_imgs/2S1/HB15085.JPG,15,2S1,HB15085
data/raw/Padded_imgs/2S1/HB15086.JPG,15,2S1,HB15086
data/raw/Padded_imgs/2S1/HB15087.JPG,15,2S1,HB15087
data/raw/Padded_imgs/2S1/HB15088.JPG,15,2S1,HB15088
data/raw/Padded_imgs/2S1/HB15090.JPG,15,2S1,HB15090
data/raw/Padded_imgs/2S1/HB15091.JPG,15,2S1,HB15091
data/raw/Padded_imgs/2S1/HB15092.JPG,15,2S1,HB15092
data/raw/Padded_imgs/2S1/HB15096.JPG,15,2S1,HB15096
data/raw/Padded_imgs/2S1/HB15097.JPG,15,2S1,HB15097
data/raw/Padded_imgs/2S1/HB15098.JPG,15,2S1,HB15098
data/raw/Padded_imgs/2S1/HB15100.JPG,15,2S1,HB15100
data/raw/Padded_imgs/2S1/HB15101.JPG,15,2S1,HB15101
data/raw/Padded_imgs/2S1/HB15102.JPG,15,2S1,HB15102
data/raw/Padded_imgs/2S1/HB15103.JPG,15,2S1,HB15103
data/raw/Padded_imgs/2S1/HB15104.JPG,15,2S1,HB15104
data/raw/Padded_imgs/2S1/HB15106.JPG,15,2S1,HB15106
data/raw/Padded_imgs/2S1/HB15108.JPG,15,2S1,HB15108
data/raw/Padded_imgs/2S1/HB15109.JPG,15,2S1,HB15109
data/raw/Padded_imgs/2S1/HB15111.JPG,15,2S1,HB15111
data/raw/Padded_imgs/2S1/HB15112.JPG,15,2S1,HB15112
data/raw/Padded_imgs/2S1/HB15113.JPG,15,2S1,HB15113
data/raw/Padded_imgs/2S1/HB15114.JPG,15,2S1,HB15114
data/raw/Padded_imgs/2S1/HB15115.JPG,15,2S1,HB15115
data/raw/Padded_imgs/2S1/HB15116.JPG,15,2S1,HB15116
data/raw/Padded_imgs/2S1/HB15117.JPG,17,2S1,HB15117
data/raw/Padded_imgs/2S1/HB15118.JPG,15,2S1,HB15118
data/raw/Padded_imgs/2S1/HB15119.JPG,15,2S1,HB15119
data/raw/Padded_imgs/2S1/HB15120.JPG,15,2S1,HB15120
data/raw/Padded_imgs/2S1/HB15121.JPG,15,2S1,HB15121
data/raw/Padded_imgs/2S1/HB15122.JPG,15,2S1,HB15122
data/raw/Padded_imgs/2S1/HB15123.JPG,15,2S1,HB15123
data/raw/Padded_imgs/2S1/HB15124.JPG,15,2S1,HB15124
data/raw/Padded_imgs/2S1/HB15125.JPG,15,2S1,HB15125
data/raw/Padded_imgs/2S1/HB15129.JPG,15,2S1,HB15129
data/raw/Padded_imgs/2S1/HB15130.JPG,15,2S1,HB15130
data/raw/Padded_imgs/2S1/HB15132.JPG,15,2S1,HB15132
data/raw/Padded_imgs/2S1/HB15134.JPG,15,2S1,HB15134
data/raw/Padded_imgs/2S1/HB15135.JPG,15,2S1,HB15135
data/raw/Padded_imgs/2S1/HB15136.JPG,15,2S1,HB15136
data/raw/Padded_imgs/2S1/HB15138.JPG,15,2S1,HB15138
data/raw/Padded_imgs/2S1/HB15139.JPG,15,2S1,HB15139
data/raw/Padded_imgs/2S1/HB15140.JPG,15,2S1,HB15140
data/raw/Padded_imgs/2S1/HB15141.JPG,15,2S1,HB15141
data/raw/Padded_imgs/2S1/HB15142.JPG,15,2S1,HB15142
data/raw/Padded_imgs/2S1/HB15143.JPG,15,2S1,HB15143
data/raw/Padded_imgs/2S1/HB15144.JPG,15,2S1,HB15144
data/raw/Padded_imgs/2S1/HB15145.JPG,15,2S1,HB15145
data/raw/Padded_imgs/2S1/HB15146.JPG,15,2S1,HB15146
data/raw/Padded_imgs/2S1/HB15147.JPG,15,2S1,HB15147
data/raw/Padded_imgs/2S1/HB15148.JPG,15,2S1,HB15148
data/raw/Padded_imgs/2S1/HB15150.JPG,15,2S1,HB15150
data/raw/Padded_imgs/2S1/HB15151.JPG,15,2S1,HB15151
data/raw/Padded_imgs/2S1/HB15152.JPG,15,2S1,HB15152
data/raw/Padded_imgs/2S1/HB15154.JPG,15,2S1,HB15154
data/raw/Padded_imgs/2S1/HB15156.JPG,15,2S1,HB15156
data/raw/Padded_imgs/2S1/HB15157.JPG,15,2S1,HB15157
data/raw/Padded_imgs/2S1/HB15158.JPG,15,2S1,HB15158
data/raw/Padded_imgs/2S1/HB15161.JPG,15,2S1,HB15161
data/raw/Padded_imgs/2S1/HB15162.JPG,15,2S1,HB15162
data/raw/Padded_imgs/2S1/HB15163.JPG,15,2S1,HB15163
data/raw/Padded_imgs/2S1/HB15165.JPG,15,2S1,HB15165
data/raw/Padded_imgs/2S1/HB15166.JPG,15,2S1,HB15166
data/raw/Padded_imgs/2S1/HB15168.JPG,15,2S1,HB15168
data/raw/Padded_imgs/2S1/HB15169.JPG,15,2S1,HB15169
data/raw/Padded_imgs/2S1/HB15175.JPG,17,2S1,HB15175
data/raw/Padded_imgs/2S1/HB15176.JPG,17,2S1,HB15176
data/raw/Padded_imgs/2S1/HB15177.JPG,17,2S1,HB15177
data/raw/Padded_imgs/2S1/HB15178.JPG,17,2S1,HB15178
data/raw/Padded_imgs/2S1/HB15179.JPG,17,2S1,HB15179
data/raw/Padded_imgs/2S1/HB15180.JPG,15,2S1,HB15180
data/raw/Padded_imgs/2S1/HB15181.JPG,15,2S1,HB15181
data/raw/Padded_imgs/2S1/HB15182.JPG,15,2S1,HB15182
data/raw/Padded_imgs/2S1/HB15184.JPG,15,2S1,HB15184
data/raw/Padded_imgs/2S1/HB15185.JPG,15,2S1,HB15185
data/raw/Padded_imgs/2S1/HB15186.JPG,15,2S1,HB15186
data/raw/Padded_imgs/2S1/HB15190.JPG,15,2S1,HB15190
data/raw/Padded_imgs/2S1/HB15191.JPG,15,2S1,HB15191
data/raw/Padded_imgs/2S1/HB15192.JPG,15,2S1,HB15192
data/raw/Padded_imgs/2S1/HB15193.JPG,15,2S1,HB15193
data/raw/Padded_imgs/2S1/HB15194.JPG,15,2S1,HB15194
data/raw/Padded_imgs/2S1/HB15195.JPG,15,2S1,HB15195
data/raw/Padded_imgs/2S1/HB15196.JPG,15,2S1,HB15196
data/raw/Padded_imgs/2S1/HB15197.JPG,15,2S1,HB15197
data/raw/Padded_imgs/2S1/HB15198.JPG,15,2S1,HB15198
data/raw/Padded_imgs/2S1/HB15199.JPG,15,2S1,HB15199
data/raw/Padded_imgs/2S1/HB15201.JPG,15,2S1,HB15201
data/raw/Padded_imgs/2S1/HB15202.JPG,15,2S1,HB15202
data/raw/Padded_imgs/2S1/HB15203.JPG,15,2S1,HB15203
data/raw/Padded_imgs/2S1/HB15206.JPG,15,2S1,HB15206
data/raw/Padded_imgs/2S1/HB15207.JPG,15,2S1,HB15207
data/raw/Padded_imgs/2S1/HB15208.JPG,15,2S1,HB15208
data/raw/Padded_imgs/2S1/HB15209.JPG,15,2S1,HB15209
data/raw/Padded_imgs/2S1/HB15210.JPG,15,2S1,HB15210
data/raw/Padded_imgs/2S1/HB15211.JPG,15,2S1,HB15211
data/raw/Padded_imgs/2S1/HB15212.JPG,15,2S1,HB15212
data/raw/Padded_imgs/2S1/HB15214.JPG,15,2S1,HB15214
data/raw/Padded_imgs/2S1/HB15216.JPG,15,2S1,HB15216
data/raw/Padded_imgs/2S1/HB15217.JPG,17,2S1,HB15217
data/raw/Padded_imgs/2S1/HB15218.JPG,15,2S1,HB15218
data/raw/Padded_imgs/2S1/HB15220.JPG,15,2S1,HB15220
data/raw/Padded_imgs/2S1/HB15221.JPG,15,2S1,HB15221
data/raw/Padded_imgs/2S1/HB15223.JPG,15,2S1,HB15223
data/raw/Padded_imgs/2S1/HB15224.JPG,15,2S1,HB15224
data/raw/Padded_imgs/2S1/HB15227.JPG,15,2S1,HB15227
data/raw/Padded_imgs/2S1/HB15229.JPG,15,2S1,HB15229
data/raw/Padded_imgs/2S1/HB15230.JPG,15,2S1,HB15230
data/raw/Padded_imgs/2S1/HB15231.JPG,15,2S1,HB15231
data/raw/Padded_imgs/2S1/HB15232.JPG,15,2S1,HB15232
data/raw/Padded_imgs/2S1/HB15233.JPG,15,2S1,HB15233
data/raw/Padded_imgs/2S1/HB15235.JPG,15,2S1,HB15235
data/raw/Padded_imgs/2S1/HB15236.JPG,15,2S1,HB15236
data/raw/Padded_imgs/2S1/HB15237.JPG,15,2S1,HB15237
data/raw/Padded_imgs/2S1/HB15238.JPG,15,2S1,HB15238
data/raw/Padded_imgs/2S1/HB15239.JPG,15,2S1,HB15239
data/raw/Padded_imgs/2S1/HB15240.JPG,15,2S1,HB15240
data/raw/Padded_imgs/2S1/HB15241.JPG,15,2S1,HB15241
data/raw/Padded_imgs/2S1/HB15242.JPG,15,2S1,HB15242
data/raw/Padded_imgs/2S1/HB15243.JPG,15,2S1,HB15243
data/raw/Padded_imgs/2S1/HB15244.JPG,15,2S1,HB15244
data/raw/Padded_imgs/2S1/HB15245.JPG,15,2S1,HB15245
data/raw/Padded_imgs/2S1/HB15246.JPG,15,2S1,HB15246
data/raw/Padded_imgs/2S1/HB15247.JPG,15,2S1,HB15247
data/raw/Padded_imgs/2S1/HB15248.JPG,15,2S1,HB15248
data/raw/Padded_imgs/2S1/HB15251.JPG,15,2S1,HB15251
data/raw/Padded_imgs/2S1/HB15252.JPG,15,2S1,HB15252
data/raw/Padded_imgs/2S1/HB15254.JPG,15,2S1,HB15254
data/raw/Padded_imgs/2S1/HB15255.JPG,15,2S1,HB15255
data/raw/Padded_imgs/2S1/HB15256.JPG,15,2S1,HB15256
data/raw/Padded_imgs/2S1/HB15257.JPG,15,2S1,HB15257
data/raw/Padded_imgs/2S1/HB15258.JPG,15,2S1,HB15258
data/raw/Padded_imgs/2S1/HB15259.JPG,15,2S1,HB15259
data/raw/Padded_imgs/2S1/HB15260.JPG,15,2S1,HB15260
data/raw/Padded_imgs/2S1/HB15261.JPG,15,2S1,HB15261
data/raw/Padded_imgs/2S1/HB15262.JPG,15,2S1,HB15262
data/raw/Padded_imgs/2S1/HB15263.JPG,15,2S1,HB15263
data/raw/Padded_imgs/2S1/HB15264.JPG,15,2S1,HB15264
data/raw/Padded_imgs/2S1/HB15265.JPG,15,2S1,HB15265
data/raw/Padded_imgs/2S1/HB15266.JPG,15,2S1,HB15266
data/raw/Padded_imgs/2S1/HB15267.JPG,15,2S1,HB15267
data/raw/Padded_imgs/2S1/HB15269.JPG,15,2S1,HB15269
data/raw/Padded_imgs/2S1/HB15270.JPG,15,2S1,HB15270
data/raw/Padded_imgs/2S1/HB15271.JPG,15,2S1,HB15271
data/raw/Padded_imgs/2S1/HB15273.JPG,15,2S1,HB15273
data/raw/Padded_imgs/2S1/HB15274.JPG,15,2S1,HB15274
data/raw/Padded_imgs/2S1/HB15275.JPG,15,2S1,HB15275
data/raw/Padded_imgs/2S1/HB15277.JPG,15,2S1,HB15277
data/raw/Padded_imgs/2S1/HB15279.JPG,15,2S1,HB15279
data/raw/Padded_imgs/2S1/HB15280.JPG,15,2S1,HB15280
data/raw/Padded_imgs/2S1/HB15281.JPG,15,2S1,HB15281
data/raw/Padded_imgs/2S1/HB15282.JPG,15,2S1,HB15282
data/raw/Padded_imgs/2S1/HB15285.JPG,15,2S1,HB15285
data/raw/Padded_imgs/2S1/HB15291.JPG,15,2S1,HB15291
data/raw/Padded_imgs/2S1/HB15293.JPG,15,2S1,HB15293
data/raw/Padded_imgs/2S1/HB15294.JPG,15,2S1,HB15294
data/raw/Padded_imgs/2S1/HB15295.JPG,15,2S1,HB15295
data/raw/Padded_imgs/2S1/HB15296.JPG,15,2S1,HB15296
data/raw/Padded_imgs/2S1/HB15298.JPG,15,2S1,HB15298
data/raw/Padded_imgs/2S1/HB15299.JPG,15,2S1,HB15299
data/raw/Padded_imgs/2S1/HB15300.JPG,15,2S1,HB15300
data/raw/Padded_imgs/2S1/HB15301.JPG,15,2S1,HB15301
data/raw/Padded_imgs/2S1/HB15302.JPG,15,2S1,HB15302
data/raw/Padded_imgs/2S1/HB15303.JPG,15,2S1,HB15303
data/raw/Padded_imgs/2S1/HB15304.JPG,15,2S1,HB15304
data/raw/Padded_imgs/2S1/HB15305.JPG,15,2S1,HB15305
data/raw/Padded_imgs/2S1/HB15306.JPG,15,2S1,HB15306
data/raw/Padded_imgs/2S1/HB15307.JPG,15,2S1,HB15307
data/raw/Padded_imgs/2S1/HB15308.JPG,15,2S1,HB15308
data/raw/Padded_imgs/2S1/HB15309.JPG,15,2S1,HB15309
data/raw/Padded_imgs/2S1/HB15310.JPG,15,2S1,HB15310
data/raw/Padded_imgs/2S1/HB15311.JPG,15,2S1,HB15311
data/raw/Padded_imgs/2S1/HB15313.JPG,15,2S1,HB15313
data/raw/Padded_imgs/2S1/HB15315.JPG,15,2S1,HB15315
data/raw/Padded_imgs/2S1/HB15317.JPG,17,2S1,HB15317
data/raw/Padded_imgs/2S1/HB15318.JPG,15,2S1,HB15318
data/raw/Padded_imgs/2S1/HB15319.JPG,15,2S1,HB15319
data/raw/Padded_imgs/2S1/HB15320.JPG,15,2S1,HB15320
data/raw/Padded_imgs/2S1/HB15321.JPG,15,2S1,HB15321
data/raw/Padded_imgs/2S1/HB15322.JPG,15,2S1,HB15322
data/raw/Padded_imgs/2S1/HB15323.JPG,15,2S1,HB15323
data/raw/Padded_imgs/2S1/HB15324.JPG,15,2S1,HB15324
data/raw/Padded_imgs/2S1/HB15325.JPG,15,2S1,HB15325
data/raw/Padded_imgs/2S1/HB15326.JPG,15,2S1,HB15326
data/raw/Padded_imgs/2S1/HB15327.JPG,15,2S1,HB15327
data/raw/Padded_imgs/2S1/HB15328.JPG,15,2S1,HB15328
data/raw/Padded_imgs/2S1/HB15329.JPG,15,2S1,HB15329
data/raw/Padded_imgs/2S1/HB15330.JPG,15,2S1,HB15330
data/raw/Padded_imgs/2S1/HB15332.JPG,15,2S1,HB15332
data/raw/Padded_imgs/2S1/HB15333.JPG,15,2S1,HB15333
data/raw/Padded_imgs/2S1/HB15334.JPG,15,2S1,HB15334
data/raw/Padded_imgs/2S1/HB15335.JPG,15,2S1,HB15335
data/raw/Padded_imgs/2S1/HB15337.JPG,15,2S1,HB15337
data/raw/Padded_imgs/2S1/HB15338.JPG,15,2S1,HB15338
data/raw/Padded_imgs/2S1/HB15339.JPG,15,2S1,HB15339
data/raw/Padded_imgs/2S1/HB15341.JPG,15,2S1,HB15341
data/raw/Padded_imgs/2S1/HB15342.JPG,15,2S1,HB15342
data/raw/Padded_imgs/2S1/HB15343.JPG,15,2S1,HB15343
data/raw/Padded_imgs/2S1/HB15344.JPG,15,2S1,HB15344
data/raw/Padded_imgs/2S1/HB15345.JPG,15,2S1,HB15345
data/raw/Padded_imgs/2S1/HB15348.JPG,15,2S1,HB15348
data/raw/Padded_imgs/2S1/HB15349.JPG,15,2S1,HB15349
data/raw/Padded_imgs/2S1/HB15350.JPG,15,2S1,HB15350
data/raw/Padded_imgs/2S1/HB15351.JPG,15,2S1,HB15351
data/raw/Padded_imgs/2S1/HB15352.JPG,15,2S1,HB15352
data/raw/Padded_imgs/2S1/HB15353.JPG,15,2S1,HB15353
data/raw/Padded_imgs/2S1/HB15354.JPG,15,2S1,HB15354
data/raw/Padded_imgs/2S1/HB15355.JPG,15,2S1,HB15355
data/raw/Padded_imgs/2S1/HB15356.JPG,15,2S1,HB15356
data/raw/Padded_imgs/2S1/HB15357.JPG,15,2S1,HB15357
data/raw/Padded_imgs/2S1/HB15360.JPG,15,2S1,HB15360
data/raw/Padded_imgs/2S1/HB15361.JPG,15,2S1,HB15361
data/raw/Padded_imgs/2S1/HB15362.JPG,15,2S1,HB15362
data/raw/Padded_imgs/2S1/HB15363.JPG,15,2S1,HB15363
data/raw/Padded_imgs/2S1/HB15364.JPG,15,2S1,HB15364
data/raw/Padded_imgs/2S1/HB15365.JPG,15,2S1,HB15365
data/raw/Padded_imgs/2S1/HB15366.JPG,15,2S1,HB15366
data/raw/Padded_imgs/2S1/HB15367.JPG,15,2S1,HB15367
data/raw/Padded_imgs/2S1/HB15368.JPG,15,2S1,HB15368
data/raw/Padded_imgs/2S1/HB15369.JPG,15,2S1,HB15369
data/raw/Padded_imgs/2S1/HB15370.JPG,15,2S1,HB15370
data/raw/Padded_imgs/2S1/HB15371.JPG,15,2S1,HB15371
data/raw/Padded_imgs/2S1/HB15372.JPG,15,2S1,HB15372
data/raw/Padded_imgs/2S1/HB15373.JPG,15,2S1,HB15373
data/raw/Padded_imgs/2S1/HB15374.JPG,15,2S1,HB15374
data/raw/Padded_imgs/2S1/HB15375.JPG,15,2S1,HB15375
data/raw/Padded_imgs/2S1/HB15376.JPG,15,2S1,HB15376
data/raw/Padded_imgs/2S1/HB15377.JPG,15,2S1,HB15377
data/raw/Padded_imgs/2S1/HB15378.JPG,15,2S1,HB15378
data/raw/Padded_imgs/2S1/HB15379.JPG,15,2S1,HB15379
data/raw/Padded_imgs/2S1/HB15380.JPG,15,2S1,HB15380
data/raw/Padded_imgs/2S1/HB15381.JPG,15,2S1,HB15381
data/raw/Padded_imgs/2S1/HB15382.JPG,15,2S1,HB15382
data/raw/Padded_imgs/2S1/HB15383.JPG,15,2S1,HB15383
data/raw/Padded_imgs/2S1/HB15384.JPG,15,2S1,HB15384
data/raw/Padded_imgs/2S1/HB15385.JPG,15,2S1,HB15385
data/raw/Padded_imgs/2S1/HB15386.JPG,15,2S1,HB15386
data/raw/Padded_imgs/2S1/HB15387.JPG,15,2S1,HB15387
data/raw/Padded_imgs/2S1/HB15390.JPG,15,2S1,HB15390
data/raw/Padded_imgs/2S1/HB15391.JPG,15,2S1,HB15391
data/raw/Padded_imgs/2S1/HB15392.JPG,15,2S1,HB15392
data/raw/Padded_imgs/2S1/HB15393.JPG,15,2S1,HB15393
data/raw/Padded_imgs/2S1/HB15394.JPG,15,2S1,HB15394
data/raw/Padded_imgs/2S1/HB15395.JPG,15,2S1,HB15395
data/raw/Padded_imgs/2S1/HB15396.JPG,15,2S1,HB15396
data/raw/Padded_imgs/2S1/HB15397.JPG,15,2S1,HB15397
data/raw/Padded_imgs/2S1/HB15399.JPG,15,2S1,HB15399
data/raw/Padded_imgs/2S1/HB15400.JPG,15,2S1,HB15400
data/raw/Padded_imgs/2S1/HB15401.JPG,15,2S1,HB15401
data/raw/Padded_imgs/2S1/HB15402.JPG,15,2S1,HB15402
data/raw/Padded_imgs/2S1/HB15403.JPG,15,2S1,HB15403
data/raw/Padded_imgs/2S1/HB15405.JPG,15,2S1,HB15405
data/raw/Padded_imgs/2S1/HB15406.JPG,15,2S1,HB15406
data/raw/Padded_imgs/2S1/HB15407.JPG,15,2S1,HB15407
data/raw/Padded_imgs/2S1/HB15408.JPG,15,2S1,HB15408
data/raw/Padded_imgs/2S1/HB15409.JPG,15,2S1,HB15409
data/raw/Padded_imgs/2S1/HB15410.JPG,15,2S1,HB15410
data/raw/Padded_imgs/2S1/HB15411.JPG,15,2S1,HB15411
data/raw/Padded_imgs/2S1/HB15412.JPG,15,2S1,HB15412
data/raw/Padded_imgs/2S1/HB15413.JPG,15,2S1,HB15413
data/raw/Padded_imgs/2S1/HB15414.JPG,15,2S1,HB15414
data/raw/Padded_imgs/2S1/HB15415.JPG,15,2S1,HB15415
data/raw/Padded_imgs/2S1/HB15417.JPG,17,2S1,HB15417
data/raw/Padded_imgs/2S1/HB15418.JPG,15,2S1,HB15418
data/raw/Padded_imgs/2S1/HB15419.JPG,15,2S1,HB15419
data/raw/Padded_imgs/2S1/HB15420.JPG,15,2S1,HB15420
data/raw/Padded_imgs/2S1/HB15421.JPG,15,2S1,HB15421
data/raw/Padded_imgs/2S1/HB15422.JPG,15,2S1,HB15422
data/raw/Padded_imgs/2S1/HB15423.JPG,15,2S1,HB15423
data/raw/Padded_imgs/2S1/HB15424.JPG,15,2S1,HB15424
data/raw/Padded_imgs/2S1/HB15425.JPG,15,2S1,HB15425
data/raw/Padded_imgs/2S1/HB15426.JPG,15,2S1,HB15426
data/raw/Padded_imgs/2S1/HB15427.JPG,15,2S1,HB15427
data/raw/Padded_imgs/2S1/HB15430.JPG,15,2S1,HB15430
data/raw/Padded_imgs/2S1/HB15431.JPG,15,2S1,HB15431
data/raw/Padded_imgs/2S1/HB15432.JPG,15,2S1,HB15432
data/raw/Padded_imgs/2S1/HB15434.JPG,15,2S1,HB15434
data/raw/Padded_imgs/2S1/HB15435.JPG,15,2S1,HB15435
data/raw/Padded_imgs/2S1/HB15437.JPG,15,2S1,HB15437
data/raw/Padded_imgs/2S1/HB15438.JPG,15,2S1,HB15438
data/raw/Padded_imgs/2S1/HB15439.JPG,15,2S1,HB15439
data/raw/Padded_imgs/2S1/HB15440.JPG,15,2S1,HB15440
data/raw/Padded_imgs/2S1/HB15441.JPG,15,2S1,HB15441
data/raw/Padded_imgs/2S1/HB15442.JPG,15,2S1,HB15442
data/raw/Padded_imgs/2S1/HB15444.JPG,15,2S1,HB15444
data/raw/Padded_imgs/2S1/HB15445.JPG,15,2S1,HB15445
data/raw/Padded_imgs/2S1/HB15446.JPG,15,2S1,HB15446
data/raw/Padded_imgs/2S1/HB15448.JPG,15,2S1,HB15448
data/raw/Padded_imgs/2S1/HB15449.JPG,15,2S1,HB15449
data/raw/Padded_imgs/2S1/HB15450.JPG,15,2S1,HB15450
data/raw/Padded_imgs/2S1/HB15451.JPG,15,2S1,HB15451
data/raw/Padded_imgs/2S1/HB15452.JPG,15,2S1,HB15452
data/raw/Padded_imgs/2S1/HB15453.JPG,15,2S1,HB15453
data/raw/Padded_imgs/2S1/HB15454.JPG,15,2S1,HB15454
data/raw/Padded_imgs/2S1/HB15456.JPG,15,2S1,HB15456
data/raw/Padded_imgs/2S1/HB15457.JPG,15,2S1,HB15457
data/raw/Padded_imgs/2S1/HB15459.JPG,15,2S1,HB15459
data/raw/Padded_imgs/2S1/HB15460.JPG,15,2S1,HB15460
data/raw/Padded_imgs/2S1/HB15463.JPG,15,2S1,HB15463
data/raw/Padded_imgs/2S1/HB15464.JPG,15,2S1,HB15464
data/raw/Padded_imgs/2S1/HB15465.JPG,15,2S1,HB15465
data/raw/Padded_imgs/2S1/HB15466.JPG,15,2S1,HB15466
data/raw/Padded_imgs/2S1/HB15467.JPG,15,2S1,HB15467
data/raw/Padded_imgs/2S1/HB15468.JPG,15,2S1,HB15468
data/raw/Padded_imgs/2S1/HB15469.JPG,15,2S1,HB15469
data/raw/Padded_imgs/2S1/HB15470.JPG,15,2S1,HB15470
data/raw/Padded_imgs/2S1/HB15471.JPG,15,2S1,HB15471
data/raw/Padded_imgs/2S1/HB15472.JPG,15,2S1,HB15472
data/raw/Padded_imgs/2S1/HB15473.JPG,15,2S1,HB15473
data/raw/Padded_imgs/2S1/HB15474.JPG,15,2S1,HB15474
data/raw/Padded_imgs/2S1/HB15475.JPG,15,2S1,HB15475
data/raw/Padded_imgs/2S1/HB15476.JPG,15,2S1,HB15476
data/raw/Padded_imgs/2S1/HB15477.JPG,15,2S1,HB15477
data/raw/Padded_imgs/2S1/HB15478.JPG,15,2S1,HB15478
data/raw/Padded_imgs/2S1/HB15479.JPG,15,2S1,HB15479
data/raw/Padded_imgs/2S1/HB15480.JPG,15,2S1,HB15480
data/raw/Padded_imgs/2S1/HB15481.JPG,15,2S1,HB15481
data/raw/Padded_imgs/2S1/HB15482.JPG,15,2S1,HB15482
data/raw/Padded_imgs/2S1/HB15483.JPG,15,2S1,HB15483
data/raw/Padded_imgs/2S1/HB15484.JPG,15,2S1,HB15484
data/raw/Padded_imgs/2S1/HB15485.JPG,15,2S1,HB15485
data/raw/Padded_imgs/2S1/HB15486.JPG,15,2S1,HB15486
data/raw/Padded_imgs/2S1/HB15487.JPG,15,2S1,HB15487
data/raw/Padded_imgs/2S1/HB15488.JPG,15,2S1,HB15488
data/raw/Padded_imgs/2S1/HB15490.JPG,15,2S1,HB15490
data/raw/Padded_imgs/2S1/HB15493.JPG,15,2S1,HB15493
data/raw/Padded_imgs/2S1/HB15494.JPG,15,2S1,HB15494
data/raw/Padded_imgs/2S1/HB15495.JPG,15,2S1,HB15495
data/raw/Padded_imgs/2S1/HB15496.JPG,15,2S1,HB15496
data/raw/Padded_imgs/2S1/HB15497.JPG,15,2S1,HB15497
data/raw/Padded_imgs/2S1/HB15498.JPG,15,2S1,HB15498
data/raw/Padded_imgs/2S1/HB15499.JPG,15,2S1,HB15499
data/raw/Padded_imgs/2S1/HB15500.JPG,15,2S1,HB15500
data/raw/Padded_imgs/2S1/HB15501.JPG,15,2S1,HB15501
data/raw/Padded_imgs/2S1/HB15502.JPG,15,2S1,HB15502
data/raw/Padded_imgs/2S1/HB15503.JPG,15,2S1,HB15503
data/raw/Padded_imgs/2S1/HB15504.JPG,15,2S1,HB15504
data/raw/Padded_imgs/2S1/HB15505.JPG,15,2S1,HB15505
data/raw/Padded_imgs/2S1/HB15506.JPG,15,2S1,HB15506
data/raw/Padded_imgs/2S1/HB15508.JPG,15,2S1,HB15508
data/raw/Padded_imgs/2S1/HB15509.JPG,15,2S1,HB15509
data/raw/Padded_imgs/2S1/HB15510.JPG,15,2S1,HB15510
data/raw/Padded_imgs/2S1/HB15511.JPG,15,2S1,HB15511
data/raw/Padded_imgs/2S1/HB15512.JPG,15,2S1,HB15512
data/raw/Padded_imgs/2S1/HB15514.JPG,15,2S1,HB15514
data/raw/Padded_imgs/2S1/HB15515.JPG,15,2S1,HB15515
data/raw/Padded_imgs/2S1/HB15516.JPG,15,2S1,HB15516
data/raw/Padded_imgs/2S1/HB15517.JPG,17,2S1,HB15517
data/raw/Padded_imgs/2S1/HB15518.JPG,15,2S1,HB15518
data/raw/Padded_imgs/2S1/HB15522.JPG,15,2S1,HB15522
data/raw/Padded_imgs/2S1/HB15523.JPG,15,2S1,HB15523
data/raw/Padded_imgs/2S1/HB15524.JPG,15,2S1,HB15524
data/raw/Padded_imgs/2S1/HB15525.JPG,15,2S1,HB15525
data/raw/Padded_imgs/2S1/HB15526.JPG,15,2S1,HB15526
data/raw/Padded_imgs/2S1/HB15527.JPG,15,2S1,HB15527
data/raw/Padded_imgs/2S1/HB15528.JPG,15,2S1,HB15528
data/raw/Padded_imgs/2S1/HB15529.JPG,15,2S1,HB15529
data/raw/Padded_imgs/2S1/HB15530.JPG,15,2S1,HB15530
data/raw/Padded_imgs/2S1/HB15531.JPG,15,2S1,HB15531
data/raw/Padded_imgs/2S1/HB15532.JPG,15,2S1,HB15532
data/raw/Padded_imgs/2S1/HB15533.JPG,15,2S1,HB15533
data/raw/Padded_imgs/2S1/HB15534.JPG,15,2S1,HB15534
data/raw/Padded_imgs/2S1/HB15535.JPG,15,2S1,HB15535
data/raw/Padded_imgs/2S1/HB15536.JPG,15,2S1,HB15536
data/raw/Padded_imgs/2S1/HB15537.JPG,15,2S1,HB15537
data/raw/Padded_imgs/2S1/HB15538.JPG,15,2S1,HB15538
data/raw/Padded_imgs/2S1/HB15542.JPG,15,2S1,HB15542
data/raw/Padded_imgs/2S1/HB15543.JPG,15,2S1,HB15543
data/raw/Padded_imgs/2S1/HB15544.JPG,15,2S1,HB15544
data/raw/Padded_imgs/2S1/HB15545.JPG,15,2S1,HB15545
data/raw/Padded_imgs/2S1/HB15546.JPG,15,2S1,HB15546
data/raw/Padded_imgs/2S1/HB15547.JPG,15,2S1,HB15547
data/raw/Padded_imgs/2S1/HB15550.JPG,15,2S1,HB15550
data/raw/Padded_imgs/2S1/HB15551.JPG,15,2S1,HB15551
data/raw/Padded_imgs/2S1/HB15552.JPG,15,2S1,HB15552
data/raw/Padded_imgs/2S1/HB15553.JPG,15,2S1,HB15553
data/raw/Padded_imgs/2S1/HB15554.JPG,15,2S1,HB15554
data/raw/Padded_imgs/2S1/HB15556.JPG,15,2S1,HB15556
data/raw/Padded_imgs/2S1/HB15557.JPG,15,2S1,HB15557
data/raw/Padded_imgs/2S1/HB15558.JPG,15,2S1,HB15558
data/raw/Padded_imgs/2S1/HB15559.JPG,15,2S1,HB15559
data/raw/Padded_imgs/2S1/HB15560.JPG,15,2S1,HB15560
data/raw/Padded_imgs/2S1/HB15561.JPG,15,2S1,HB15561
data/raw/Padded_imgs/2S1/HB15562.JPG,15,2S1,HB15562
data/raw/Padded_imgs/2S1/HB15563.JPG,15,2S1,HB15563
data/raw/Padded_imgs/2S1/HB15564.JPG,15,2S1,HB15564
data/raw/Padded_imgs/2S1/HB15565.JPG,15,2S1,HB15565
data/raw/Padded_imgs/2S1/HB15566.JPG,15,2S1,HB15566
data/raw/Padded_imgs/2S1/HB15567.JPG,15,2S1,HB15567
data/raw/Padded_imgs/2S1/HB15568.JPG,15,2S1,HB15568
data/raw/Padded_imgs/2S1/HB15569.JPG,15,2S1,HB15569
data/raw/Padded_imgs/2S1/HB15570.JPG,15,2S1,HB15570
data/raw/Padded_imgs/2S1/HB15572.JPG,15,2S1,HB15572
data/raw/Padded_imgs/2S1/HB15573.JPG,15,2S1,HB15573
data/raw/Padded_imgs/2S1/HB15574.JPG,15,2S1,HB15574
data/raw/Padded_imgs/2S1/HB15576.JPG,15,2S1,HB15576
data/raw/Padded_imgs/2S1/HB15577.JPG,15,2S1,HB15577
data/raw/Padded_imgs/2S1/HB15579.JPG,15,2S1,HB15579
data/raw/Padded_imgs/2S1/HB15580.JPG,15,2S1,HB15580
data/raw/Padded_imgs/2S1/HB15582.JPG,15,2S1,HB15582
data/raw/Padded_imgs/2S1/HB15583.JPG,15,2S1,HB15583
data/raw/Padded_imgs/2S1/HB15584.JPG,15,2S1,HB15584
data/raw/Padded_imgs/2S1/HB15585.JPG,15,2S1,HB15585
data/raw/Padded_imgs/2S1/HB15586.JPG,15,2S1,HB15586
data/raw/Padded_imgs/2S1/HB15587.JPG,15,2S1,HB15587
data/raw/Padded_imgs/2S1/HB15588.JPG,15,2S1,HB15588
data/raw/Padded_imgs/2S1/HB15589.JPG,15,2S1,HB15589
data/raw/Padded_imgs/2S1/HB15590.JPG,15,2S1,HB15590
data/raw/Padded_imgs/2S1/HB15591.JPG,15,2S1,HB15591
data/raw/Padded_imgs/2S1/HB15592.JPG,15,2S1,HB15592
data/raw/Padded_imgs/2S1/HB15593.JPG,15,2S1,HB15593
data/raw/Padded_imgs/2S1/HB15594.JPG,15,2S1,HB15594
data/raw/Padded_imgs/2S1/HB15595.JPG,15,2S1,HB15595
data/raw/Padded_imgs/2S1/HB15596.JPG,15,2S1,HB15596
data/raw/Padded_imgs/2S1/HB15598.JPG,15,2S1,HB15598
data/raw/Padded_imgs/2S1/HB15599.JPG,15,2S1,HB15599
data/raw/Padded_imgs/2S1/HB15600.JPG,15,2S1,HB15600
data/raw/Padded_imgs/2S1/HB15601.JPG,15,2S1,HB15601
data/raw/Padded_imgs/2S1/HB15602.JPG,15,2S1,HB15602
data/raw/Padded_imgs/2S1/HB15603.JPG,15,2S1,HB15603
data/raw/Padded_imgs/2S1/HB15606.JPG,15,2S1,HB15606
data/raw/Padded_imgs/2S1/HB15607.JPG,15,2S1,HB15607
data/raw/Padded_imgs/2S1/HB15608.JPG,15,2S1,HB15608
data/raw/Padded_imgs/2S1/HB15610.JPG,15,2S1,HB15610
data/raw/Padded_imgs/2S1/HB15611.JPG,15,2S1,HB15611
data/raw/Padded_imgs/2S1/HB15612.JPG,15,2S1,HB15612
data/raw/Padded_imgs/2S1/HB15614.JPG,15,2S1,HB15614
data/raw/Padded_imgs/2S1/HB15615.JPG,15,2S1,HB15615
data/raw/Padded_imgs/2S1/HB15616.JPG,15,2S1,HB15616
data/raw/Padded_imgs/2S1/HB16942.JPG,15,2S1,HB16942
data/raw/Padded_imgs/2S1/HB16943.JPG,15,2S1,HB16943
data/raw/Padded_imgs/2S1/HB16944.JPG,15,2S1,HB16944
data/raw/Padded_imgs/2S1/HB16945.JPG,15,2S1,HB16945
data/raw/Padded_imgs/2S1/HB16946.JPG,15,2S1,HB16946
data/raw/Padded_imgs/2S1/HB16947.JPG,15,2S1,HB16947
data/raw/Padded_imgs/2S1/HB16948.JPG,15,2S1,HB16948
data/raw/Padded_imgs/2S1/HB16949.JPG,15,2S1,HB16949
data/raw/Padded_imgs/2S1/HB16950.JPG,15,2S1,HB16950
data/raw/Padded_imgs/2S1/HB16952.JPG,15,2S1,HB16952
data/raw/Padded_imgs/2S1/HB16953.JPG,15,2S1,HB16953
data/raw/Padded_imgs/2S1/HB16954.JPG,15,2S1,HB16954
data/raw/Padded_imgs/2S1/HB16955.JPG,15,2S1,HB16955
data/raw/Padded_imgs/2S1/HB16956.JPG,15,2S1,HB16956
data/raw/Padded_imgs/2S1/HB16957.JPG,15,2S1,HB16957
data/raw/Padded_imgs/2S1/HB16958.JPG,15,2S1,HB16958
data/raw/Padded_imgs/2S1/HB16959.JPG,15,2S1,HB16959
data/raw/Padded_imgs/2S1/HB16960.JPG,15,2S1,HB16960
data/raw/Padded_imgs/2S1/HB16961.JPG,15,2S1,HB16961
data/raw/Padded_imgs/2S1/HB16962.JPG,15,2S1,HB16962
data/raw/Padded_imgs/2S1/HB16963.JPG,15,2S1,HB16963
data/raw/Padded_imgs/2S1/HB16964.JPG,15,2S1,HB16964
data/raw/Padded_imgs/2S1/HB16965.JPG,15,2S1,HB16965
data/raw/Padded_imgs/2S1/HB16966.JPG,15,2S1,HB16966
data/raw/Padded_imgs/2S1/HB16967.JPG,15,2S1,HB16967
data/raw/Padded_imgs/2S1/HB16969.JPG,15,2S1,HB16969
data/raw/Padded_imgs/2S1/HB16970.JPG,15,2S1,HB16970
data/raw/Padded_imgs/2S1/HB16971.JPG,15,2S1,HB16971
data/raw/Padded_imgs/2S1/HB16972.JPG,15,2S1,HB16972
data/raw/Padded_imgs/2S1/HB16973.JPG,15,2S1,HB16973
data/raw/Padded_imgs/2S1/HB16974.JPG,15,2S1,HB16974
data/raw/Padded_imgs/2S1/HB16975.JPG,15,2S1,HB16975
data/raw/Padded_imgs/2S1/HB16976.JPG,15,2S1,HB16976
data/raw/Padded_imgs/2S1/HB16978.JPG,15,2S1,HB16978
data/raw/Padded_imgs/2S1/HB16979.JPG,15,2S1,HB16979
data/raw/Padded_imgs/2S1/HB16980.JPG,15,2S1,HB16980
data/raw/Padded_imgs/2S1/HB16982.JPG,15,2S1,HB16982
data/raw/Padded_imgs/2S1/HB16983.JPG,15,2S1,HB16983
data/raw/Padded_imgs/2S1/HB16984.JPG,15,2S1,HB16984
data/raw/Padded_imgs/2S1/HB16985.JPG,15,2S1,HB16985
data/raw/Padded_imgs/2S1/HB16986.JPG,15,2S1,HB16986
data/raw/Padded_imgs/2S1/HB16987.JPG,15,2S1,HB16987
data/raw/Padded_imgs/2S1/HB16988.JPG,15,2S1,HB16988
data/raw/Padded_imgs/2S1/HB16989.JPG,15,2S1,HB16989
data/raw/Padded_imgs/2S1/HB16990.JPG,15,2S1,HB16990
data/raw/Padded_imgs/2S1/HB16991.JPG,15,2S1,HB16991
data/raw/Padded_imgs/2S1/HB16992.JPG,15,2S1,HB16992
data/raw/Padded_imgs/2S1/HB16993.JPG,15,2S1,HB16993
data/raw/Padded_imgs/2S1/HB16994.JPG,15,2S1,HB16994
data/raw/Padded_imgs/2S1/HB16995.JPG,15,2S1,HB16995
data/raw/Padded_imgs/2S1/HB16996.JPG,15,2S1,HB16996
data/raw/Padded_imgs/2S1/HB16997.JPG,15,2S1,HB16997
data/raw/Padded_imgs/2S1/HB16998.JPG,15,2S1,HB16998
data/raw/Padded_imgs/2S1/HB16999.JPG,15,2S1,HB16999
data/raw/Padded_imgs/2S1/HB17000.JPG,17,2S1,HB17000
data/raw/Padded_imgs/2S1/HB17001.JPG,17,2S1,HB17001
data/raw/Padded_imgs/2S1/HB17002.JPG,17,2S1,HB17002
data/raw/Padded_imgs/2S1/HB17003.JPG,17,2S1,HB17003
data/raw/Padded_imgs/2S1/HB17005.JPG,17,2S1,HB17005
data/raw/Padded_imgs/2S1/HB17006.JPG,17,2S1,HB17006
data/raw/Padded_imgs/2S1/HB17007.JPG,17,2S1,HB17007
data/raw/Padded_imgs/2S1/HB17008.JPG,17,2S1,HB17008
data/raw/Padded_imgs/2S1/HB17009.JPG,17,2S1,HB17009
data/raw/Padded_imgs/2S1/HB17011.JPG,17,2S1,HB17011
data/raw/Padded_imgs/2S1/HB17012.JPG,17,2S1,HB17012
data/raw/Padded_imgs/2S1/HB17013.JPG,17,2S1,HB17013
data/raw/Padded_imgs/2S1/HB17014.JPG,17,2S1,HB17014
data/raw/Padded_imgs/2S1/HB17015.JPG,17,2S1,HB17015
data/raw/Padded_imgs/2S1/HB17016.JPG,17,2S1,HB17016
data/raw/Padded_imgs/2S1/HB17017.JPG,17,2S1,HB17017
data/raw/Padded_imgs/2S1/HB17018.JPG,17,2S1,HB17018
data/raw/Padded_imgs/2S1/HB17019.JPG,17,2S1,HB17019
data/raw/Padded_imgs/2S1/HB17020.JPG,17,2S1,HB17020
data/raw/Padded_imgs/2S1/HB17021.JPG,17,2S1,HB17021
data/raw/Padded_imgs/2S1/HB17022.JPG,17,2S1,HB17022
data/raw/Padded_imgs/2S1/HB17023.JPG,17,2S1,HB17023
data/raw/Padded_imgs/2S1/HB17024.JPG,17,2S1,HB17024
data/raw/Padded_imgs/2S1/HB17025.JPG,17,2S1,HB17025
data/raw/Padded_imgs/2S1/HB17026.JPG,17,2S1,HB17026
data/raw/Padded_imgs/2S1/HB17027.JPG,17,2S1,HB17027
data/raw/Padded_imgs/2S1/HB17028.JPG,17,2S1,HB17028
data/raw/Padded_imgs/2S1/HB17029.JPG,17,2S1,HB17029
data/raw/Padded_imgs/2S1/HB17030.JPG,17,2S1,HB17030
data/raw/Padded_imgs/2S1/HB17031.JPG,17,2S1,HB17031
data/raw/Padded_imgs/2S1/HB17032.JPG,17,2S1,HB17032
data/raw/Padded_imgs/2S1/HB17034.JPG,17,2S1,HB17034
data/raw/Padded_imgs/2S1/HB17035.JPG,17,2S1,HB17035
data/raw/Padded_imgs/2S1/HB17037.JPG,17,2S1,HB17037
data/raw/Padded_imgs/2S1/HB17038.JPG,17,2S1,HB17038
data/raw/Padded_imgs/2S1/HB17040.JPG,17,2S1,HB17040
data/raw/Padded_imgs/2S1/HB17041.JPG,17,2S1,HB17041
data/raw/Padded_imgs/2S1/HB17043.JPG,17,2S1,HB17043
data/raw/Padded_imgs/2S1/HB17044.JPG,17,2S1,HB17044
data/raw/Padded_imgs/2S1/HB17045.JPG,17,2S1,HB17045
data/raw/Padded_imgs/2S1/HB17047.JPG,17,2S1,HB17047
data/raw/Padded_imgs/2S1/HB17048.JPG,17,2S1,HB17048
data/raw/Padded_imgs/2S1/HB17050.JPG,17,2S1,HB17050
data/raw/Padded_imgs/2S1/HB17051.JPG,17,2S1,HB17051
data/raw/Padded_imgs/2S1/HB17054.JPG,17,2S1,HB17054
data/raw/Padded_imgs/2S1/HB17056.JPG,17,2S1,HB17056
data/raw/Padded_imgs/2S1/HB17057.JPG,17,2S1,HB17057
data/raw/Padded_imgs/2S1/HB17059.JPG,17,2S1,HB17059
data/raw/Padded_imgs/2S1/HB17060.JPG,17,2S1,HB17060
data/raw/Padded_imgs/2S1/HB17065.JPG,17,2S1,HB17065
data/raw/Padded_imgs/2S1/HB17066.JPG,17,2S1,HB17066
data/raw/Padded_imgs/2S1/HB17071.JPG,17,2S1,HB17071
data/raw/Padded_imgs/2S1/HB17072.JPG,17,2S1,HB17072
data/raw/Padded_imgs/2S1/HB17074.JPG,17,2S1,HB17074
data/raw/Padded_imgs/2S1/HB17075.JPG,17,2S1,HB17075
data/raw/Padded_imgs/2S1/HB17077.JPG,17,2S1,HB17077
data/raw/Padded_imgs/2S1/HB17078.JPG,17,2S1,HB17078
data/raw/Padded_imgs/2S1/HB17080.JPG,17,2S1,HB17080
data/raw/Padded_imgs/2S1/HB17081.JPG,17,2S1,HB17081
data/raw/Padded_imgs/2S1/HB17084.JPG,17,2S1,HB17084
data/raw/Padded_imgs/2S1/HB17086.JPG,17,2S1,HB17086
data/raw/Padded_imgs/2S1/HB17087.JPG,17,2S1,HB17087
data/raw/Padded_imgs/2S1/HB17089.JPG,17,2S1,HB17089
data/raw/Padded_imgs/2S1/HB17090.JPG,17,2S1,HB17090
data/raw/Padded_imgs/2S1/HB17091.JPG,17,2S1,HB17091
data/raw/Padded_imgs/2S1/HB17093.JPG,17,2S1,HB17093
data/raw/Padded_imgs/2S1/HB17094.JPG,17,2S1,HB17094
data/raw/Padded_imgs/2S1/HB17099.JPG,17,2S1,HB17099
data/raw/Padded_imgs/2S1/HB17102.JPG,17,2S1,HB17102
data/raw/Padded_imgs/2S1/HB17103.JPG,17,2S1,HB17103
data/raw/Padded_imgs/2S1/HB17105.JPG,17,2S1,HB17105
data/raw/Padded_imgs/2S1/HB17106.JPG,17,2S1,HB17106
data/raw/Padded_imgs/2S1/HB17108.JPG,17,2S1,HB17108
data/raw/Padded_imgs/2S1/HB17109.JPG,17,2S1,HB17109
data/raw/Padded_imgs/2S1/HB17111.JPG,17,2S1,HB17111
data/raw/Padded_imgs/2S1/HB17112.JPG,17,2S1,HB17112
data/raw/Padded_imgs/2S1/HB17114.JPG,17,2S1,HB17114
data/raw/Padded_imgs/2S1/HB17115.JPG,17,2S1,HB17115
data/raw/Padded_imgs/2S1/HB17120.JPG,17,2S1,HB17120
data/raw/Padded_imgs/2S1/HB17121.JPG,17,2S1,HB17121
data/raw/Padded_imgs/2S1/HB17123.JPG,17,2S1,HB17123
data/raw/Padded_imgs/2S1/HB17124.JPG,17,2S1,HB17124
data/raw/Padded_imgs/2S1/HB17126.JPG,17,2S1,HB17126
data/raw/Padded_imgs/2S1/HB17143.JPG,17,2S1,HB17143
data/raw/Padded_imgs/2S1/HB17145.JPG,17,2S1,HB17145
data/raw/Padded_imgs/2S1/HB17149.JPG,17,2S1,HB17149
data/raw/Padded_imgs/2S1/HB17151.JPG,17,2S1,HB17151
data/raw/Padded_imgs/2S1/HB17152.JPG,17,2S1,HB17152
data/raw/Padded_imgs/2S1/HB17154.JPG,17,2S1,HB17154
data/raw/Padded_imgs/2S1/HB17155.JPG,17,2S1,HB17155
data/raw/Padded_imgs/2S1/HB17157.JPG,17,2S1,HB17157
data/raw/Padded_imgs/2S1/HB17158.JPG,17,2S1,HB17158
data/raw/Padded_imgs/2S1/HB17160.JPG,17,2S1,HB17160
data/raw/Padded_imgs/2S1/HB17161.JPG,17,2S1,HB17161
data/raw/Padded_imgs/2S1/HB17163.JPG,17,2S1,HB17163
data/raw/Padded_imgs/2S1/HB17164.JPG,17,2S1,HB17164
data/raw/Padded_imgs/2S1/HB17166.JPG,17,2S1,HB17166
data/raw/Padded_imgs/2S1/HB17167.JPG,17,2S1,HB17167
data/raw/Padded_imgs/2S1/HB17169.JPG,17,2S1,HB17169
data/raw/Padded_imgs/2S1/HB17170.JPG,17,2S1,HB17170
data/raw/Padded_imgs/2S1/HB17172.JPG,17,2S1,HB17172
data/raw/Padded_imgs/2S1/HB17173.JPG,17,2S1,HB17173
data/raw/Padded_imgs/2S1/HB17176.JPG,17,2S1,HB17176
data/raw/Padded_imgs/2S1/HB17178.JPG,17,2S1,HB17178
data/raw/Padded_imgs/2S1/HB17179.JPG,17,2S1,HB17179
data/raw/Padded_imgs/2S1/HB17181.JPG,17,2S1,HB17181
data/raw/Padded_imgs/2S1/HB17182.JPG,17,2S1,HB17182
data/raw/Padded_imgs/2S1/HB17184.JPG,17,2S1,HB17184
data/raw/Padded_imgs/2S1/HB17186.JPG,17,2S1,HB17186
data/raw/Padded_imgs/2S1/HB17188.JPG,17,2S1,HB17188
data/raw/Padded_imgs/2S1/HB17190.JPG,17,2S1,HB17190
data/raw/Padded_imgs/2S1/HB17191.JPG,17,2S1,HB17191
data/raw/Padded_imgs/2S1/HB17193.JPG,17,2S1,HB17193
data/raw/Padded_imgs/2S1/HB17195.JPG,17,2S1,HB17195
data/raw/Padded_imgs/2S1/HB17196.JPG,17,2S1,HB17196
data/raw/Padded_imgs/2S1/HB17198.JPG,17,2S1,HB17198
data/raw/Padded_imgs/2S1/HB17199.JPG,17,2S1,HB17199
data/raw/Padded_imgs/2S1/HB17201.JPG,17,2S1,HB17201
data/raw/Padded_imgs/2S1/HB17202.JPG,17,2S1,HB17202
data/raw/Padded_imgs/2S1/HB17204.JPG,17,2S1,HB17204
data/raw/Padded_imgs/2S1/HB17206.JPG,17,2S1,HB17206
data/raw/Padded_imgs/2S1/HB17209.JPG,17,2S1,HB17209
data/raw/Padded_imgs/2S1/HB17210.JPG,17,2S1,HB17210
data/raw/Padded_imgs/2S1/HB17212.JPG,17,2S1,HB17212
data/raw/Padded_imgs/2S1/HB17213.JPG,17,2S1,HB17213
data/raw/Padded_imgs/2S1/HB17215.JPG,17,2S1,HB17215
data/raw/Padded_imgs/2S1/HB17217.JPG,17,2S1,HB17217
data/raw/Padded_imgs/2S1/HB17221.JPG,17,2S1,HB17221
data/raw/Padded_imgs/2S1/HB17224.JPG,17,2S1,HB17224
data/raw/Padded_imgs/2S1/HB17226.JPG,17,2S1,HB17226
data/raw/Padded_imgs/2S1/HB17228.JPG,17,2S1,HB17228
data/raw/Padded_imgs/2S1/HB17229.JPG,17,2S1,HB17229
data/raw/Padded_imgs/2S1/HB17231.JPG,17,2S1,HB17231
data/raw/Padded_imgs/2S1/HB17232.JPG,17,2S1,HB17232
data/raw/Padded_imgs/2S1/HB17234.JPG,17,2S1,HB17234
data/raw/Padded_imgs/2S1/HB17235.JPG,17,2S1,HB17235
data/raw/Padded_imgs/2S1/HB17237.JPG,17,2S1,HB17237
data/raw/Padded_imgs/2S1/HB17239.JPG,17,2S1,HB17239
data/raw/Padded_imgs/2S1/HB17240.JPG,17,2S1,HB17240
data/raw/Padded_imgs/2S1/HB17242.JPG,17,2S1,HB17242
data/raw/Padded_imgs/2S1/HB17243.JPG,17,2S1,HB17243
data/raw/Padded_imgs/2S1/HB17245.JPG,17,2S1,HB17245
data/raw/Padded_imgs/2S1/HB17246.JPG,17,2S1,HB17246
data/raw/Padded_imgs/2S1/HB17249.JPG,17,2S1,HB17249
data/raw/Padded_imgs/2S1/HB17250.JPG,17,2S1,HB17250
data/raw/Padded_imgs/2S1/HB17252.JPG,17,2S1,HB17252
data/raw/Padded_imgs/2S1/HB17253.JPG,17,2S1,HB17253
data/raw/Padded_imgs/2S1/HB17254.JPG,17,2S1,HB17254
data/raw/Padded_imgs/2S1/HB17255.JPG,17,2S1,HB17255
data/raw/Padded_imgs/2S1/HB17256.JPG,17,2S1,HB17256
data/raw/Padded_imgs/2S1/HB17257.JPG,17,2S1,HB17257
data/raw/Padded_imgs/2S1/HB17258.JPG,17,2S1,HB17258
data/raw/Padded_imgs/2S1/HB17259.JPG,17,2S1,HB17259
data/raw/Padded_imgs/2S1/HB17260.JPG,17,2S1,HB17260
data/raw/Padded_imgs/2S1/HB17262.JPG,17,2S1,HB17262
data/raw/Padded_imgs/2S1/HB17271.JPG,17,2S1,HB17271
data/raw/Padded_imgs/2S1/HB17274.JPG,17,2S1,HB17274
data/raw/Padded_imgs/2S1/HB17276.JPG,17,2S1,HB17276
data/raw/Padded_imgs/2S1/HB17279.JPG,17,2S1,HB17279
data/raw/Padded_imgs/2S1/HB17281.JPG,17,2S1,HB17281
data/raw/Padded_imgs/2S1/HB17284.JPG,17,2S1,HB17284
data/raw/Padded_imgs/2S1/HB17287.JPG,17,2S1,HB17287
data/raw/Padded_imgs/2S1/HB17289.JPG,17,2S1,HB17289
data/raw/Padded_imgs/2S1/HB17292.JPG,17,2S1,HB17292
data/raw/Padded_imgs/2S1/HB17294.JPG,17,2S1,HB17294
data/raw/Padded_imgs/2S1/HB17297.JPG,17,2S1,HB17297
data/raw/Padded_imgs/2S1/HB17299.JPG,17,2S1,HB17299
data/raw/Padded_imgs/2S1/HB17302.JPG,17,2S1,HB17302
data/raw/Padded_imgs/2S1/HB17305.JPG,17,2S1,HB17305
data/raw/Padded_imgs/2S1/HB17307.JPG,17,2S1,HB17307
data/raw/Padded_imgs/2S1/HB17310.JPG,17,2S1,HB17310
data/raw/Padded_imgs/2S1/HB17315.JPG,17,2S1,HB17315
data/raw/Padded_imgs/2S1/HB17317.JPG,17,2S1,HB17317
data/raw/Padded_imgs/2S1/HB17320.JPG,17,2S1,HB17320
data/raw/Padded_imgs/2S1/HB17323.JPG,17,2S1,HB17323
data/raw/Padded_imgs/2S1/HB17325.JPG,17,2S1,HB17325
data/raw/Padded_imgs/2S1/HB17328.JPG,17,2S1,HB17328
data/raw/Padded_imgs/2S1/HB17331.JPG,17,2S1,HB17331
data/raw/Padded_imgs/2S1/HB17333.JPG,17,2S1,HB17333
data/raw/Padded_imgs/2S1/HB17336.JPG,17,2S1,HB17336
data/raw/Padded_imgs/2S1/HB17338.JPG,17,2S1,HB17338
data/raw/Padded_imgs/2S1/HB17341.JPG,17,2S1,HB17341
data/raw/Padded_imgs/2S1/HB17343.JPG,17,2S1,HB17343
data/raw/Padded_imgs/2S1/HB17346.JPG,17,2S1,HB17346
data/raw/Padded_imgs/2S1/HB17348.JPG,17,2S1,HB17348
data/raw/Padded_imgs/2S1/HB17351.JPG,17,2S1,HB17351
data/raw/Padded_imgs/2S1/HB17353.JPG,17,2S1,HB17353
data/raw/Padded_imgs/2S1/HB17356.JPG,17,2S1,HB17356
data/raw/Padded_imgs/2S1/HB17359.JPG,17,2S1,HB17359
data/raw/Padded_imgs/2S1/HB17361.JPG,17,2S1,HB17361
data/raw/Padded_imgs/2S1/HB17364.JPG,17,2S1,HB17364
data/raw/Padded_imgs/2S1/HB17366.JPG,17,2S1,HB17366
data/raw/Padded_imgs/2S1/HB17369.JPG,17,2S1,HB17369
data/raw/Padded_imgs/2S1/HB17372.JPG,17,2S1,HB17372
data/raw/Padded_imgs/2S1/HB17374.JPG,17,2S1,HB17374
data/raw/Padded_imgs/2S1/HB17377.JPG,17,2S1,HB17377
data/raw/Padded_imgs/2S1/HB17380.JPG,17,2S1,HB17380
data/raw/Padded_imgs/2S1/HB17382.JPG,17,2S1,HB17382
data/raw/Padded_imgs/2S1/HB17385.JPG,17,2S1,HB17385
data/raw/Padded_imgs/2S1/HB17387.JPG,17,2S1,HB17387
data/raw/Padded_imgs/2S1/HB17390.JPG,17,2S1,HB17390
data/raw/Padded_imgs/2S1/HB17393.JPG,17,2S1,HB17393
data/raw/Padded_imgs/2S1/HB17395.JPG,17,2S1,HB17395
data/raw/Padded_imgs/2S1/HB17398.JPG,17,2S1,HB17398
data/raw/Padded_imgs/2S1/HB17400.JPG,17,2S1,HB17400
data/raw/Padded_imgs/2S1/HB17406.JPG,17,2S1,HB17406
data/raw/Padded_imgs/2S1/HB17408.JPG,17,2S1,HB17408
data/raw/Padded_imgs/2S1/HB17411.JPG,17,2S1,HB17411
data/raw/Padded_imgs/2S1/HB17413.JPG,17,2S1,HB17413
data/raw/Padded_imgs/2S1/HB17416.JPG,17,2S1,HB17416
data/raw/Padded_imgs/2S1/HB17418.JPG,17,2S1,HB17418
data/raw/Padded_imgs/2S1/HB17421.JPG,17,2S1,HB17421
data/raw/Padded_imgs/2S1/HB17424.JPG,17,2S1,HB17424
data/raw/Padded_imgs/2S1/HB17426.JPG,17,2S1,HB17426
data/raw/Padded_imgs/2S1/HB17429.JPG,17,2S1,HB17429
data/raw/Padded_imgs/2S1/HB17431.JPG,17,2S1,HB17431
data/raw/Padded_imgs/2S1/HB17434.JPG,17,2S1,HB17434
data/raw/Padded_imgs/2S1/HB17436.JPG,17,2S1,HB17436
data/raw/Padded_imgs/2S1/HB17439.JPG,17,2S1,HB17439
data/raw/Padded_imgs/2S1/HB17441.JPG,17,2S1,HB17441
data/raw/Padded_imgs/2S1/HB17444.JPG,17,2S1,HB17444
data/raw/Padded_imgs/2S1/HB17446.JPG,17,2S1,HB17446
data/raw/Padded_imgs/2S1/HB17449.JPG,17,2S1,HB17449
data/raw/Padded_imgs/2S1/HB17451.JPG,17,2S1,HB17451
data/raw/Padded_imgs/2S1/HB17454.JPG,17,2S1,HB17454
data/raw/Padded_imgs/2S1/HB17456.JPG,17,2S1,HB17456
data/raw/Padded_imgs/2S1/HB17459.JPG,17,2S1,HB17459
data/raw/Padded_imgs/2S1/HB17462.JPG,17,2S1,HB17462
data/raw/Padded_imgs/2S1/HB17464.JPG,17,2S1,HB17464
data/raw/Padded_imgs/2S1/HB17467.JPG,17,2S1,HB17467
data/raw/Padded_imgs/2S1/HB17469.JPG,17,2S1,HB17469
data/raw/Padded_imgs/2S1/HB17472.JPG,17,2S1,HB17472
data/raw/Padded_imgs/2S1/HB17474.JPG,17,2S1,HB17474
data/raw/Padded_imgs/2S1/HB17477.JPG,17,2S1,HB17477
data/raw/Padded_imgs/2S1/HB17480.JPG,17,2S1,HB17480
data/raw/Padded_imgs/2S1/HB17482.JPG,17,2S1,HB17482
data/raw/Padded_imgs/2S1/HB17485.JPG,17,2S1,HB17485
data/raw/Padded_imgs/2S1/HB17487.JPG,17,2S1,HB17487
data/raw/Padded_imgs/2S1/HB17489.JPG,17,2S1,HB17489
data/raw/Padded_imgs/2S1/HB17492.JPG,17,2S1,HB17492
data/raw/Padded_imgs/2S1/HB17497.JPG,17,2S1,HB17497
data/raw/Padded_imgs/2S1/HB17499.JPG,17,2S1,HB17499
data/raw/Padded_imgs/2S1/HB17502.JPG,17,2S1,HB17502
data/raw/Padded_imgs/2S1/HB17504.JPG,17,2S1,HB17504
data/raw/Padded_imgs/2S1/HB17507.JPG,17,2S1,HB17507
data/raw/Padded_imgs/2S1/HB17509.JPG,17,2S1,HB17509
data/raw/Padded_imgs/2S1/HB17512.JPG,17,2S1,HB17512
data/raw/Padded_imgs/2S1/HB17515.JPG,17,2S1,HB17515
data/raw/Padded_imgs/2S1/HB17518.JPG,17,2S1,HB17518
data/raw/Padded_imgs/2S1/HB19377.JPG,15,2S1,HB19377
data/raw/Padded_imgs/2S1/HB19379.JPG,15,2S1,HB19379
data/raw/Padded_imgs/2S1/HB19381.JPG,15,2S1,HB19381
data/raw/Padded_imgs/2S1/HB19383.JPG,15,2S1,HB19383
data/raw/Padded_imgs/2S1/HB19389.JPG,15,2S1,HB19389
data/raw/Padded_imgs/2S1/HB19390.JPG,15,2S1,HB19390
data/raw/Padded_imgs/2S1/HB19394.JPG,15,2S1,HB19394
data/raw/Padded_imgs/2S1/HB19396.JPG,15,2S1,HB19396
data/raw/Padded_imgs/2S1/HB19398.JPG,15,2S1,HB19398
data/raw/Padded_imgs/2S1/HB19400.JPG,15,2S1,HB19400
data/raw/Padded_imgs/2S1/HB19402.JPG,15,2S1,HB19402
data/raw/Padded_imgs/2S1/HB19404.JPG,15,2S1,HB19404
data/raw/Padded_imgs/2S1/HB19406.JPG,15,2S1,HB19406
data/raw/Padded_imgs/2S1/HB19408.JPG,15,2S1,HB19408
data/raw/Padded_imgs/2S1/HB19410.JPG,15,2S1,HB19410
data/raw/Padded_imgs/2S1/HB19412.JPG,15,2S1,HB19412
data/raw/Padded_imgs/2S1/HB19414.JPG,15,2S1,HB19414
data/raw/Padded_imgs/2S1/HB19416.JPG,15,2S1,HB19416
data/raw/Padded_imgs/2S1/HB19418.JPG,15,2S1,HB19418
data/raw/Padded_imgs/2S1/HB19420.JPG,15,2S1,HB19420
data/raw/Padded_imgs/2S1/HB19422.JPG,15,2S1,HB19422
data/raw/Padded_imgs/2S1/HB19424.JPG,15,2S1,HB19424
data/raw/Padded_imgs/2S1/HB19426.JPG,15,2S1,HB19426
data/raw/Padded_imgs/2S1/HB19430.JPG,15,2S1,HB19430
data/raw/Padded_imgs/2S1/HB19432.JPG,15,2S1,HB19432
data/raw/Padded_imgs/2S1/HB19434.JPG,15,2S1,HB19434
data/raw/Padded_imgs/2S1/HB19436.JPG,15,2S1,HB19436
data/raw/Padded_imgs/2S1/HB19438.JPG,15,2S1,HB19438
data/raw/Padded_imgs/2S1/HB19440.JPG,15,2S1,HB19440
data/raw/Padded_imgs/2S1/HB19442.JPG,15,2S1,HB19442
data/raw/Padded_imgs/2S1/HB19444.JPG,15,2S1,HB19444
data/raw/Padded_imgs/2S1/HB19446.JPG,15,2S1,HB19446
data/raw/Padded_imgs/2S1/HB19448.JPG,15,2S1,HB19448
data/raw/Padded_imgs/2S1/HB19450.JPG,15,2S1,HB19450
data/raw/Padded_imgs/2S1/HB19454.JPG,15,2S1,HB19454
data/raw/Padded_imgs/2S1/HB19456.JPG,15,2S1,HB19456
data/raw/Padded_imgs/2S1/HB19458.JPG,15,2S1,HB19458
data/raw/Padded_imgs/2S1/HB19460.JPG,15,2S1,HB19460
data/raw/Padded_imgs/2S1/HB19462.JPG,15,2S1,HB19462
data/raw/Padded_imgs/2S1/HB19464.JPG,15,2S1,HB19464
data/raw/Padded_imgs/2S1/HB19466.JPG,15,2S1,HB19466
data/raw/Padded_imgs/2S1/HB19468.JPG,15,2S1,HB19468
data/raw/Padded_imgs/2S1/HB19470.JPG,15,2S1,HB19470
data/raw/Padded_imgs/2S1/HB19472.JPG,15,2S1,HB19472
data/raw/Padded_imgs/2S1/HB19474.JPG,15,2S1,HB19474
data/raw/Padded_imgs/2S1/HB19476.JPG,15,2S1,HB19476
data/raw/Padded_imgs/2S1/HB19478.JPG,15,2S1,HB19478
data/raw/Padded_imgs/2S1/HB19479.JPG,15,2S1,HB19479
data/raw/Padded_imgs/2S1/HB19481.JPG,15,2S1,HB19481
data/raw/Padded_imgs/2S1/HB19483.JPG,15,2S1,HB19483
data/raw/Padded_imgs/2S1/HB19487.JPG,15,2S1,HB19487
data/raw/Padded_imgs/2S1/HB19491.JPG,15,2S1,HB19491
data/raw/Padded_imgs/2S1/HB19495.JPG,15,2S1,HB19495
data/raw/Padded_imgs/2S1/HB19499.JPG,15,2S1,HB19499
data/raw/Padded_imgs/2S1/HB19501.JPG,15,2S1,HB19501
data/raw/Padded_imgs/2S1/HB19503.JPG,15,2S1,HB19503
data/raw/Padded_imgs/2S1/HB19505.JPG,15,2S1,HB19505
data/raw/Padded_imgs/2S1/HB19507.JPG,15,2S1,HB19507
data/raw/Padded_imgs/2S1/HB19508.JPG,15,2S1,HB19508
data/raw/Padded_imgs/2S1/HB19512.JPG,15,2S1,HB19512
data/raw/Padded_imgs/2S1/HB19514.JPG,15,2S1,HB19514
data/raw/Padded_imgs/2S1/HB19516.JPG,15,2S1,HB19516
data/raw/Padded_imgs/2S1/HB19518.JPG,15,2S1,HB19518
data/raw/Padded_imgs/2S1/HB19520.JPG,15,2S1,HB19520
data/raw/Padded_imgs/2S1/HB19522.JPG,15,2S1,HB19522
data/raw/Padded_imgs/2S1/HB19526.JPG,15,2S1,HB19526
data/raw/Padded_imgs/2S1/HB19528.JPG,15,2S1,HB19528
data/raw/Padded_imgs/2S1/HB19530.JPG,15,2S1,HB19530
data/raw/Padded_imgs/2S1/HB19534.JPG,15,2S1,HB19534
data/raw/Padded_imgs/2S1/HB19536.JPG,15,2S1,HB19536
data/raw/Padded_imgs/2S1/HB19538.JPG,15,2S1,HB19538
data/raw/Padded_imgs/2S1/HB19540.JPG,15,2S1,HB19540
data/raw/Padded_imgs/2S1/HB19542.JPG,15,2S1,HB19542
data/raw/Padded_imgs/2S1/HB19544.JPG,15,2S1,HB19544
data/raw/Padded_imgs/2S1/HB19545.JPG,15,2S1,HB19545
data/raw/Padded_imgs/2S1/HB19547.JPG,15,2S1,HB19547
data/raw/Padded_imgs/2S1/HB19549.JPG,15,2S1,HB19549
data/raw/Padded_imgs/2S1/HB19551.JPG,15,2S1,HB19551
data/raw/Padded_imgs/2S1/HB19553.JPG,15,2S1,HB19553
data/raw/Padded_imgs/2S1/HB19555.JPG,15,2S1,HB19555
data/raw/Padded_imgs/2S1/HB19557.JPG,15,2S1,HB19557
data/raw/Padded_imgs/2S1/HB19559.JPG,15,2S1,HB19559
data/raw/Padded_imgs/2S1/HB19561.JPG,15,2S1,HB19561
data/raw/Padded_imgs/2S1/HB19563.JPG,15,2S1,HB19563
data/raw/Padded_imgs/2S1/HB19567.JPG,15,2S1,HB19567
data/raw/Padded_imgs/2S1/HB19569.JPG,15,2S1,HB19569
data/raw/Padded_imgs/2S1/HB19571.JPG,15,2S1,HB19571
data/raw/Padded_imgs/2S1/HB19573.JPG,15,2S1,HB19573
data/raw/Padded_imgs/2S1/HB19575.JPG,15,2S1,HB19575
data/raw/Padded_imgs/2S1/HB19579.JPG,15,2S1,HB19579
data/raw/Padded_imgs/2S1/HB19581.JPG,15,2S1,HB19581
data/raw/Padded_imgs/2S1/HB19583.JPG,15,2S1,HB19583
data/raw/Padded_imgs/2S1/HB19780.JPG,15,2S1,HB19780
data/raw/Padded_imgs/2S1/HB19781.JPG,15,2S1,HB19781
data/raw/Padded_imgs/2S1/HB19782.JPG,15,2S1,HB19782
data/raw/Padded_imgs/2S1/HB19783.JPG,15,2S1,HB19783
data/raw/Padded_imgs/2S1/HB19784.JPG,15,2S1,HB19784
data/raw/Padded_imgs/2S1/HB19785.JPG,15,2S1,HB19785
data/raw/Padded_imgs/2S1/HB19786.JPG,15,2S1,HB19786
data/raw/Padded_imgs/2S1/HB19787.JPG,15,2S1,HB19787
data/raw/Padded_imgs/2S1/HB19788.JPG,15,2S1,HB19788
data/raw/Padded_imgs/2S1/HB19789.JPG,15,2S1,HB19789
data/raw/Padded_imgs/2S1/HB19790.JPG,15,2S1,HB19790
data/raw/Padded_imgs/2S1/HB19791.JPG,15,2S1,HB19791
data/raw/Padded_imgs/2S1/HB19792.JPG,15,2S1,HB19792
data/raw/Padded_imgs/2S1/HB19793.JPG,15,2S1,HB19793
data/raw/Padded_imgs/2S1/HB19794.JPG,15,2S1,HB19794
data/raw/Padded_imgs/2S1/HB19795.JPG,15,2S1,HB19795
data/raw/Padded_imgs/2S1/HB19797.JPG,15,2S1,HB19797
data/raw/Padded_imgs/2S1/HB19798.JPG,15,2S1,HB19798
data/raw/Padded_imgs/2S1/HB19799.JPG,15,2S1,HB19799
data/raw/Padded_imgs/2S1/HB19801.JPG,15,2S1,HB19801
data/raw/Padded_imgs/2S1/HB19803.JPG,15,2S1,HB19803
data/raw/Padded_imgs/2S1/HB19804.JPG,15,2S1,HB19804
data/raw/Padded_imgs/2S1/HB19805.JPG,15,2S1,HB19805
data/raw/Padded_imgs/2S1/HB19806.JPG,15,2S1,HB19806
data/raw/Padded_imgs/2S1/HB19807.JPG,15,2S1,HB19807
data/raw/Padded_imgs/2S1/HB19808.JPG,15,2S1,HB19808
data/raw/Padded_imgs/2S1/HB19809.JPG,15,2S1,HB19809
data/raw/Padded_imgs/2S1/HB19810.JPG,15,2S1,HB19810
data/raw/Padded_imgs/2S1/HB19811.JPG,15,2S1,HB19811
data/raw/Padded_imgs/2S1/HB19812.JPG,15,2S1,HB19812
data/raw/Padded_imgs/2S1/HB19813.JPG,15,2S1,HB19813
data/raw/Padded_imgs/2S1/HB19814.JPG,15,2S1,HB19814
data/raw/Padded_imgs/2S1/HB19816.JPG,15,2S1,HB19816
data/raw/Padded_imgs/2S1/HB19817.JPG,17,2S1,HB19817
data/raw/Padded_imgs/2S1/HB19818.JPG,15,2S1,HB19818
data/raw/Padded_imgs/2S1/HB19820.JPG,15,2S1,HB19820
data/raw/Padded_imgs/2S1/HB19821.JPG,15,2S1,HB19821
data/raw/Padded_imgs/2S1/HB19822.JPG,15,2S1,HB19822
data/raw/Padded_imgs/2S1/HB19823.JPG,15,2S1,HB19823
data/raw/Padded_imgs/2S1/HB19824.JPG,15,2S1,HB19824
data/raw/Padded_imgs/2S1/HB19825.JPG,15,2S1,HB19825
data/raw/Padded_imgs/2S1/HB19826.JPG,15,2S1,HB19826
data/raw/Padded_imgs/2S1/HB19827.JPG,15,2S1,HB19827
data/raw/Padded_imgs/2S1/HB19828.JPG,15,2S1,HB19828
data/raw/Padded_imgs/2S1/HB19829.JPG,15,2S1,HB19829
data/raw/Padded_imgs/2S1/HB19830.JPG,15,2S1,HB19830
data/raw/Padded_imgs/2S1/HB19831.JPG,15,2S1,HB19831
data/raw/Padded_imgs/2S1/HB19833.JPG,15,2S1,HB19833
data/raw/Padded_imgs/2S1/HB19834.JPG,15,2S1,HB19834
data/raw/Padded_imgs/2S1/HB19835.JPG,15,2S1,HB19835
data/raw/Padded_imgs/2S1/HB19836.JPG,15,2S1,HB19836
data/raw/Padded_imgs/2S1/HB19838.JPG,15,2S1,HB19838
data/raw/Padded_imgs/2S1/HB19839.JPG,15,2S1,HB19839
data/raw/Padded_imgs/2S1/HB19840.JPG,15,2S1,HB19840
data/raw/Padded_imgs/2S1/HB19841.JPG,15,2S1,HB19841
data/raw/Padded_imgs/2S1/HB19842.JPG,15,2S1,HB19842
data/raw/Padded_imgs/2S1/HB19843.JPG,15,2S1,HB19843
data/raw/Padded_imgs/2S1/HB19844.JPG,15,2S1,HB19844
data/raw/Padded_imgs/2S1/HB19845.JPG,15,2S1,HB19845
data/raw/Padded_imgs/2S1/HB19846.JPG,15,2S1,HB19846
data/raw/Padded_imgs/2S1/HB19847.JPG,15,2S1,HB19847
data/raw/Padded_imgs/2S1/HB19848.JPG,15,2S1,HB19848
data/raw/Padded_imgs/2S1/HB19849.JPG,15,2S1,HB19849
data/raw/Padded_imgs/2S1/HB19850.JPG,15,2S1,HB19850
data/raw/Padded_imgs/2S1/HB19851.JPG,15,2S1,HB19851
data/raw/Padded_imgs/2S1/HB19852.JPG,15,2S1,HB19852
data/raw/Padded_imgs/2S1/HB19853.JPG,15,2S1,HB19853
data/raw/Padded_imgs/2S1/HB19854.JPG,15,2S1,HB19854
data/raw/Padded_imgs/2S1/HB19855.JPG,15,2S1,HB19855
data/raw/Padded_imgs/2S1/HB19856.JPG,15,2S1,HB19856
data/raw/Padded_imgs/2S1/HB19857.JPG,15,2S1,HB19857
data/raw/Padded_imgs/2S1/HB19858.JPG,15,2S1,HB19858
data/raw/Padded_imgs/2S1/HB19859.JPG,15,2S1,HB19859
data/raw/Padded_imgs/2S1/HB19860.JPG,15,2S1,HB19860
data/raw/Padded_imgs/2S1/HB19861.JPG,15,2S1,HB19861
data/raw/Padded_imgs/2S1/HB19862.JPG,15,2S1,HB19862
data/raw/Padded_imgs/2S1/HB19863.JPG,15,2S1,HB19863
data/raw/Padded_imgs/2S1/HB19864.JPG,15,2S1,HB19864
data/raw/Padded_imgs/2S1/HB19865.JPG,15,2S1,HB19865
data/raw/Padded_imgs/2S1/HB19867.JPG,15,2S1,HB19867
data/raw/Padded_imgs/2S1/HB19868.JPG,15,2S1,HB19868
data/raw/Padded_imgs/2S1/HB19869.JPG,15,2S1,HB19869
data/raw/Padded_imgs/2S1/HB19871.JPG,15,2S1,HB19871
data/raw/Padded_imgs/2S1/HB19872.JPG,15,2S1,HB19872
data/raw/Padded_imgs/2S1/HB19873.JPG,15,2S1,HB19873
data/raw/Padded_imgs/2S1/HB19874.JPG,15,2S1,HB19874
data/raw/Padded_imgs/2S1/HB19875.JPG,15,2S1,HB19875
data/raw/Padded_imgs/2S1/HB19876.JPG,15,2S1,HB19876
data/raw/Padded_imgs/2S1/HB19877.JPG,15,2S1,HB19877
data/raw/Padded_imgs/2S1/HB19878.JPG,15,2S1,HB19878
data/raw/Padded_imgs/2S1/HB19879.JPG,15,2S1,HB19879
data/raw/Padded_imgs/2S1/HB19880.JPG,15,2S1,HB19880
data/raw/Padded_imgs/2S1/HB19881.JPG,15,2S1,HB19881
data/raw/Padded_imgs/2S1/HB19882.JPG,15,2S1,HB19882
data/raw/Padded_imgs/2S1/HB19883.JPG,15,2S1,HB19883
data/raw/Padded_imgs/2S1/HB19884.JPG,15,2S1,HB19884
data/raw/Padded_imgs/2S1/HB19885.JPG,15,2S1,HB19885
data/raw/Padded_imgs/2S1/HB19887.JPG,15,2S1,HB19887
data/raw/Padded_imgs/2S1/HB19888.JPG,15,2S1,HB19888
data/raw/Padded_imgs/2S1/HB19889.JPG,15,2S1,HB19889
data/raw/Padded_imgs/2S1/HB19890.JPG,15,2S1,HB19890
data/raw/Padded_imgs/2S1/HB19891.JPG,15,2S1,HB19891
data/raw/Padded_imgs/2S1/HB19892.JPG,15,2S1,HB19892
data/raw/Padded_imgs/2S1/HB19893.JPG,15,2S1,HB19893
data/raw/Padded_imgs/2S1/HB19894.JPG,15,2S1,HB19894
data/raw/Padded_imgs/2S1/HB19895.JPG,15,2S1,HB19895
data/raw/Padded_imgs/2S1/HB19896.JPG,15,2S1,HB19896
data/raw/Padded_imgs/2S1/HB19897.JPG,15,2S1,HB19897
data/raw/Padded_imgs/2S1/HB19898.JPG,15,2S1,HB19898
data/raw/Padded_imgs/2S1/HB19899.JPG,15,2S1,HB19899
data/raw/Padded_imgs/2S1/HB19901.JPG,15,2S1,HB19901
data/raw/Padded_imgs/2S1/HB19902.JPG,15,2S1,HB19902
data/raw/Padded_imgs/2S1/HB19903.JPG,15,2S1,HB19903
data/raw/Padded_imgs/2S1/HB19906.JPG,15,2S1,HB19906
data/raw/Padded_imgs/2S1/HB19907.JPG,15,2S1,HB19907
data/raw/Padded_imgs/2S1/HB19908.JPG,15,2S1,HB19908
data/raw/Padded_imgs/2S1/HB19909.JPG,15,2S1,HB19909
data/raw/Padded_imgs/2S1/HB19910.JPG,15,2S1,HB19910
data/raw/Padded_imgs/2S1/HB19911.JPG,15,2S1,HB19911
data/raw/Padded_imgs/2S1/HB19912.JPG,15,2S1,HB19912
data/raw/Padded_imgs/2S1/HB19913.JPG,15,2S1,HB19913
data/raw/Padded_imgs/2S1/HB19914.JPG,15,2S1,HB19914
data/raw/Padded_imgs/2S1/HB19915.JPG,15,2S1,HB19915
data/raw/Padded_imgs/2S1/HB19916.JPG,15,2S1,HB19916
data/raw/Padded_imgs/2S1/HB19917.JPG,17,2S1,HB19917
data/raw/Padded_imgs/2S1/HB19918.JPG,15,2S1,HB19918
data/raw/Padded_imgs/2S1/HB19919.JPG,15,2S1,HB19919
data/raw/Padded_imgs/2S1/HB19920.JPG,15,2S1,HB19920
data/raw/Padded_imgs/2S1/HB19923.JPG,15,2S1,HB19923
data/raw/Padded_imgs/2S1/HB19924.JPG,15,2S1,HB19924
data/raw/Padded_imgs/2S1/HB19925.JPG,15,2S1,HB19925
data/raw/Padded_imgs/2S1/HB19926.JPG,15,2S1,HB19926
data/raw/Padded_imgs/2S1/HB19927.JPG,15,2S1,HB19927
data/raw/Padded_imgs/2S1/HB19928.JPG,15,2S1,HB19928
data/raw/Padded_imgs/2S1/HB19929.JPG,15,2S1,HB19929
data/raw/Padded_imgs/2S1/HB19930.JPG,15,2S1,HB19930
data/raw/Padded_imgs/2S1/HB19931.JPG,15,2S1,HB19931
data/raw/Padded_imgs/2S1/HB19932.JPG,15,2S1,HB19932
data/raw/Padded_imgs/2S1/HB19933.JPG,15,2S1,HB19933
data/raw/Padded_imgs/2S1/HB19934.JPG,15,2S1,HB19934
data/raw/Padded_imgs/2S1/HB19935.JPG,15,2S1,HB19935
data/raw/Padded_imgs/2S1/HB19936.JPG,15,2S1,HB19936
data/raw/Padded_imgs/2S1/HB19938.JPG,15,2S1,HB19938
data/raw/Padded_imgs/2S1/HB19939.JPG,15,2S1,HB19939
data/raw/Padded_imgs/2S1/HB19941.JPG,15,2S1,HB19941
data/raw/Padded_imgs/2S1/HB19942.JPG,15,2S1,HB19942
data/raw/Padded_imgs/2S1/HB19943.JPG,15,2S1,HB19943
data/raw/Padded_imgs/2S1/HB19944.JPG,15,2S1,HB19944
data/raw/Padded_imgs/2S1/HB19945.JPG,15,2S1,HB19945
data/raw/Padded_imgs/2S1/HB19946.JPG,15,2S1,HB19946
data/raw/Padded_imgs/2S1/HB19947.JPG,15,2S1,HB19947
data/raw/Padded_imgs/2S1/HB19949.JPG,15,2S1,HB19949
data/raw/Padded_imgs/2S1/HB19950.JPG,15,2S1,HB19950
data/raw/Padded_imgs/2S1/HB19951.JPG,15,2S1,HB19951
data/raw/Padded_imgs/2S1/HB19952.JPG,15,2S1,HB19952
data/raw/Padded_imgs/2S1/HB19953.JPG,15,2S1,HB19953
data/raw/Padded_imgs/2S1/HB19954.JPG,15,2S1,HB19954
data/raw/Padded_imgs/2S1/HB19955.JPG,15,2S1,HB19955
data/raw/Padded_imgs/2S1/HB19957.JPG,15,2S1,HB19957
data/raw/Padded_imgs/2S1/HB19958.JPG,15,2S1,HB19958
data/raw/Padded_imgs/2S1/HB19959.JPG,15,2S1,HB19959
data/raw/Padded_imgs/2S1/HB19960.JPG,15,2S1,HB19960
data/raw/Padded_imgs/2S1/HB19961.JPG,15,2S1,HB19961
data/raw/Padded_imgs/2S1/HB19962.JPG,15,2S1,HB19962
data/raw/Padded_imgs/2S1/HB19963.JPG,15,2S1,HB19963
data/raw/Padded_imgs/2S1/HB19964.JPG,15,2S1,HB19964
data/raw/Padded_imgs/2S1/HB19965.JPG,15,2S1,HB19965
data/raw/Padded_imgs/2S1/HB19966.JPG,15,2S1,HB19966
data/raw/Padded_imgs/2S1/HB19967.JPG,15,2S1,HB19967
data/raw/Padded_imgs/2S1/HB19968.JPG,15,2S1,HB19968
data/raw/Padded_imgs/2S1/HB19969.JPG,15,2S1,HB19969
data/raw/Padded_imgs/2S1/HB19971.JPG,15,2S1,HB19971
data/raw/Padded_imgs/2S1/HB19972.JPG,15,2S1,HB19972
data/raw/Padded_imgs/2S1/HB19973.JPG,15,2S1,HB19973
data/raw/Padded_imgs/2S1/HB19975.JPG,15,2S1,HB19975
data/raw/Padded_imgs/2S1/HB19976.JPG,15,2S1,HB19976
data/raw/Padded_imgs/2S1/HB19977.JPG,15,2S1,HB19977
data/raw/Padded_imgs/2S1/HB19978.JPG,15,2S1,HB19978
data/raw/Padded_imgs/2S1/HB19979.JPG,15,2S1,HB19979
data/raw/Padded_imgs/2S1/HB19980.JPG,15,2S1,HB19980
data/raw/Padded_imgs/2S1/HB19981.JPG,15,2S1,HB19981
data/raw/Padded_imgs/2S1/HB19982.JPG,15,2S1,HB19982
data/raw/Padded_imgs/2S1/HB19983.JPG,15,2S1,HB19983
data/raw/Padded_imgs/2S1/HB19984.JPG,15,2S1,HB19984
data/raw/Padded_imgs/2S1/HB19986.JPG,15,2S1,HB19986
data/raw/Padded_imgs/2S1/HB19987.JPG,15,2S1,HB19987
data/raw/Padded_imgs/2S1/HB19988.JPG,15,2S1,HB19988
data/raw/Padded_imgs/2S1/HB19989.JPG,15,2S1,HB19989
data/raw/Padded_imgs/2S1/HB19990.JPG,15,2S1,HB19990
data/raw/Padded_imgs/2S1/HB19992.JPG,15,2S1,HB19992
data/raw/Padded_imgs/2S1/HB19993.JPG,15,2S1,HB19993
data/raw/Padded_imgs/2S1/HB19994.JPG,15,2S1,HB19994
data/raw/Padded_imgs/2S1/HB19995.JPG,15,2S1,HB19995
data/raw/Padded_imgs/2S1/HB19996.JPG,15,2S1,HB19996
data/raw/Padded_imgs/2S1/HB19997.JPG,15,2S1,HB19997
data/raw/Padded_imgs/2S1/HB19998.JPG,15,2S1,HB19998
data/raw/Padded_imgs/2S1/HB19999.JPG,15,2S1,HB19999
data/raw/Padded_imgs/2S1/HB20000.JPG,15,2S1,HB20000
data/raw/Padded_imgs/2S1/HB20001.JPG,15,2S1,HB20001
data/raw/Padded_imgs/2S1/HB20002.JPG,15,2S1,HB20002
data/raw/Padded_imgs/2S1/HB20007.JPG,15,2S1,HB20007
data/raw/Padded_imgs/2S1/HB20008.JPG,15,2S1,HB20008
data/raw/Padded_imgs/2S1/HB20009.JPG,15,2S1,HB20009
data/raw/Padded_imgs/2S1/HB20010.JPG,15,2S1,HB20010
data/raw/Padded_imgs/2S1/HB20011.JPG,15,2S1,HB20011
data/raw/Padded_imgs/2S1/HB20012.JPG,15,2S1,HB20012
data/raw/Padded_imgs/2S1/HB20013.JPG,15,2S1,HB20013
data/raw/Padded_imgs/BRDM_2/HB14931.JPG,15,BRDM_2,HB14931
data/raw/Padded_imgs/BRDM_2/HB14932.JPG,15,BRDM_2,HB14932
data/raw/Padded_imgs/BRDM_2/HB14933.JPG,15,BRDM_2,HB14933
data/raw/Padded_imgs/BRDM_2/HB14934.JPG,15,BRDM_2,HB14934
data/raw/Padded_imgs/BRDM_2/HB14935.JPG,15,BRDM_2,HB14935
data/raw/Padded_imgs/BRDM_2/HB14936.JPG,15,BRDM_2,HB14936
data/raw/Padded_imgs/BRDM_2/HB14937.JPG,15,BRDM_2,HB14937
data/raw/Padded_imgs/BRDM_2/HB14938.JPG,15,BRDM_2,HB14938
data/raw/Padded_imgs/BRDM_2/HB14939.JPG,15,BRDM_2,HB14939
data/raw/Padded_imgs/BRDM_2/HB14940.JPG,15,BRDM_2,HB14940
data/raw/Padded_imgs/BRDM_2/HB14941.JPG,15,BRDM_2,HB14941
data/raw/Padded_imgs/BRDM_2/HB14942.JPG,15,BRDM_2,HB14942
data/raw/Padded_imgs/BRDM_2/HB14943.JPG,15,BRDM_2,HB14943
data/raw/Padded_imgs/BRDM_2/HB14944.JPG,15,BRDM_2,HB14944
data/raw/Padded_imgs/BRDM_2/HB14945.JPG,15,BRDM_2,HB14945
data/raw/Padded_imgs/BRDM_2/HB14946.JPG,15,BRDM_2,HB14946
data/raw/Padded_imgs/BRDM_2/HB14947.JPG,15,BRDM_2,HB14947
data/raw/Padded_imgs/BRDM_2/HB14948.JPG,15,BRDM_2,HB14948
data/raw/Padded_imgs/BRDM_2/HB14950.JPG,15,BRDM_2,HB14950
data/raw/Padded_imgs/BRDM_2/HB14951.JPG,15,BRDM_2,HB14951
data/raw/Padded_imgs/BRDM_2/HB14954.JPG,15,BRDM_2,HB14954
data/raw/Padded_imgs/BRDM_2/HB14955.JPG,15,BRDM_2,HB14955
data/raw/Padded_imgs/BRDM_2/HB14956.JPG,15,BRDM_2,HB14956
data/raw/Padded_imgs/BRDM_2/HB14957.JPG,15,BRDM_2,HB14957
data/raw/Padded_imgs/BRDM_2/HB14958.JPG,15,BRDM_2,HB14958
data/raw/Padded_imgs/BRDM_2/HB14959.JPG,15,BRDM_2,HB14959
data/raw/Padded_imgs/BRDM_2/HB14960.JPG,15,BRDM_2,HB14960
data/raw/Padded_imgs/BRDM_2/HB14961.JPG,15,BRDM_2,HB14961
data/raw/Padded_imgs/BRDM_2/HB14962.JPG,15,BRDM_2,HB14962
data/raw/Padded_imgs/BRDM_2/HB14963.JPG,15,BRDM_2,HB14963
data/raw/Padded_imgs/BRDM_2/HB14964.JPG,15,BRDM_2,HB14964
data/raw/Padded_imgs/BRDM_2/HB14965.JPG,15,BRDM_2,HB14965
data/raw/Padded_imgs/BRDM_2/HB14967.JPG,15,BRDM_2,HB14967
data/raw/Padded_imgs/BRDM_2/HB14968.JPG,15,BRDM_2,HB14968
data/raw/Padded_imgs/BRDM_2/HB14969.JPG,15,BRDM_2,HB14969
data/raw/Padded_imgs/BRDM_2/HB14970.JPG,15,BRDM_2,HB14970
data/raw/Padded_imgs/BRDM_2/HB14971.JPG,15,BRDM_2,HB14971
data/raw/Padded_imgs/BRDM_2/HB14972.JPG,15,BRDM_2,HB14972
data/raw/Padded_imgs/BRDM_2/HB14973.JPG,15,BRDM_2,HB14973
data/raw/Padded_imgs/BRDM_2/HB14974.JPG,15,BRDM_2,HB14974
data/raw/Padded_imgs/BRDM_2/HB14975.JPG,15,BRDM_2,HB14975
data/raw/Padded_imgs/BRDM_2/HB14976.JPG,15,BRDM_2,HB14976
data/raw/Padded_imgs/BRDM_2/HB14977.JPG,15,BRDM_2,HB14977
data/raw/Padded_imgs/BRDM_2/HB14978.JPG,15,BRDM_2,HB14978
data/raw/Padded_imgs/BRDM_2/HB14979.JPG,15,BRDM_2,HB14979
data/raw/Padded_imgs/BRDM_2/HB14980.JPG,15,BRDM_2,HB14980
data/raw/Padded_imgs/BRDM_2/HB14981.JPG,15,BRDM_2,HB14981
data/raw/Padded_imgs/BRDM_2/HB14982.JPG,15,BRDM_2,HB14982
data/raw/Padded_imgs/BRDM_2/HB14983.JPG,15,BRDM_2,HB14983
data/raw/Padded_imgs/BRDM_2/HB14984.JPG,15,BRDM_2,HB14984
data/raw/Padded_imgs/BRDM_2/HB14986.JPG,15,BRDM_2,HB14986
data/raw/Padded_imgs/BRDM_2/HB14987.JPG,15,BRDM_2,HB14987
data/raw/Padded_imgs/BRDM_2/HB14990.JPG,15,BRDM_2,HB14990
data/raw/Padded_imgs/BRDM_2/HB14991.JPG,15,BRDM_2,HB14991
data/raw/Padded_imgs/BRDM_2/HB14992.JPG,15,BRDM_2,HB14992
data/raw/Padded_imgs/BRDM_2/HB14993.JPG,15,BRDM_2,HB14993
data/raw/Padded_imgs/BRDM_2/HB14994.JPG,15,BRDM_2,HB14994
data/raw/Padded_imgs/BRDM_2/HB14995.JPG,15,BRDM_2,HB14995
data/raw/Padded_imgs/BRDM_2/HB14997.JPG,15,BRDM_2,HB14997
data/raw/Padded_imgs/BRDM_2/HB14998.JPG,15,BRDM_2,HB14998
data/raw/Padded_imgs/BRDM_2/HB14999.JPG,15,BRDM_2,HB14999
data/raw/Padded_imgs/BRDM_2/HB15000.JPG,15,BRDM_2,HB15000
data/raw/Padded_imgs/BRDM_2/HB15001.JPG,15,BRDM_2,HB15001
data/raw/Padded_imgs/BRDM_2/HB15002.JPG,15,BRDM_2,HB15002
data/raw/Padded_imgs/BRDM_2/HB15003.JPG,15,BRDM_2,HB15003
data/raw/Padded_imgs/BRDM_2/HB15004.JPG,15,BRDM_2,HB15004
data/raw/Padded_imgs/BRDM_2/HB15005.JPG,15,BRDM_2,HB15005
data/raw/Padded_imgs/BRDM_2/HB15006.JPG,15,BRDM_2,HB15006
data/raw/Padded_imgs/BRDM_2/HB15008.JPG,15,BRDM_2,HB15008
data/raw/Padded_imgs/BRDM_2/HB15009.JPG,15,BRDM_2,HB15009
data/raw/Padded_imgs/BRDM_2/HB15010.JPG,15,BRDM_2,HB15010
data/raw/Padded_imgs/BRDM_2/HB15011.JPG,15,BRDM_2,HB15011
data/raw/Padded_imgs/BRDM_2/HB15012.JPG,15,BRDM_2,HB15012
data/raw/Padded_imgs/BRDM_2/HB15013.JPG,15,BRDM_2,HB15013
data/raw/Padded_imgs/BRDM_2/HB15014.JPG,15,BRDM_2,HB15014
data/raw/Padded_imgs/BRDM_2/HB15015.JPG,15,BRDM_2,HB15015
data/raw/Padded_imgs/BRDM_2/HB15016.JPG,15,BRDM_2,HB15016
data/raw/Padded_imgs/BRDM_2/HB15017.JPG,17,BRDM_2,HB15017
data/raw/Padded_imgs/BRDM_2/HB15018.JPG,15,BRDM_2,HB15018
data/raw/Padded_imgs/BRDM_2/HB15019.JPG,15,BRDM_2,HB15019
data/raw/Padded_imgs/BRDM_2/HB15020.JPG,15,BRDM_2,HB15020
data/raw/Padded_imgs/BRDM_2/HB15021.JPG,15,BRDM_2,HB15021
data/raw/Padded_imgs/BRDM_2/HB15022.JPG,15,BRDM_2,HB15022
data/raw/Padded_imgs/BRDM_2/HB15025.JPG,15,BRDM_2,HB15025
data/raw/Padded_imgs/BRDM_2/HB15026.JPG,15,BRDM_2,HB15026
data/raw/Padded_imgs/BRDM_2/HB15027.JPG,15,BRDM_2,HB15027
data/raw/Padded_imgs/BRDM_2/HB15028.JPG,15,BRDM_2,HB15028
data/raw/Padded_imgs/BRDM_2/HB15029.JPG,15,BRDM_2,HB15029
data/raw/Padded_imgs/BRDM_2/HB15030.JPG,15,BRDM_2,HB15030
data/raw/Padded_imgs/BRDM_2/HB15031.JPG,15,BRDM_2,HB15031
data/raw/Padded_imgs/BRDM_2/HB15032.JPG,15,BRDM_2,HB15032
data/raw/Padded_imgs/BRDM_2/HB15033.JPG,15,BRDM_2,HB15033
data/raw/Padded_imgs/BRDM_2/HB15034.JPG,15,BRDM_2,HB15034
data/raw/Padded_imgs/BRDM_2/HB15036.JPG,15,BRDM_2,HB15036
data/raw/Padded_imgs/BRDM_2/HB15037.JPG,15,BRDM_2,HB15037
data/raw/Padded_imgs/BRDM_2/HB15038.JPG,15,BRDM_2,HB15038
data/raw/Padded_imgs/BRDM_2/HB15039.JPG,15,BRDM_2,HB15039
data/raw/Padded_imgs/BRDM_2/HB15041.JPG,15,BRDM_2,HB15041
data/raw/Padded_imgs/BRDM_2/HB15042.JPG,15,BRDM_2,HB15042
data/raw/Padded_imgs/BRDM_2/HB15043.JPG,15,BRDM_2,HB15043
data/raw/Padded_imgs/BRDM_2/HB15044.JPG,15,BRDM_2,HB15044
data/raw/Padded_imgs/BRDM_2/HB15045.JPG,15,BRDM_2,HB15045
data/raw/Padded_imgs/BRDM_2/HB15046.JPG,15,BRDM_2,HB15046
data/raw/Padded_imgs/BRDM_2/HB15047.JPG,15,BRDM_2,HB15047
data/raw/Padded_imgs/BRDM_2/HB15048.JPG,15,BRDM_2,HB15048
data/raw/Padded_imgs/BRDM_2/HB15049.JPG,15,BRDM_2,HB15049
data/raw/Padded_imgs/BRDM_2/HB15050.JPG,15,BRDM_2,HB15050
data/raw/Padded_imgs/BRDM_2/HB15051.JPG,15,BRDM_2,HB15051
data/raw/Padded_imgs/BRDM_2/HB15052.JPG,15,BRDM_2,HB15052
data/raw/Padded_imgs/BRDM_2/HB15054.JPG,15,BRDM_2,HB15054
data/raw/Padded_imgs/BRDM_2/HB15055.JPG,15,BRDM_2,HB15055
data/raw/Padded_imgs/BRDM_2/HB15056.JPG,15,BRDM_2,HB15056
data/raw/Padded_imgs/BRDM_2/HB15057.JPG,15,BRDM_2,HB15057
data/raw/Padded_imgs/BRDM_2/HB15060.JPG,15,BRDM_2,HB15060
data/raw/Padded_imgs/BRDM_2/HB15062.JPG,15,BRDM_2,HB15062
data/raw/Padded_imgs/BRDM_2/HB15063.JPG,15,BRDM_2,HB15063
data/raw/Padded_imgs/BRDM_2/HB15064.JPG,15,BRDM_2,HB15064
data/raw/Padded_imgs/BRDM_2/HB15065.JPG,15,BRDM_2,HB15065
data/raw/Padded_imgs/BRDM_2/HB15066.JPG,15,BRDM_2,HB15066
data/raw/Padded_imgs/BRDM_2/HB15067.JPG,15,BRDM_2,HB15067
data/raw/Padded_imgs/BRDM_2/HB15068.JPG,15,BRDM_2,HB15068
data/raw/Padded_imgs/BRDM_2/HB15069.JPG,15,BRDM_2,HB15069
data/raw/Padded_imgs/BRDM_2/HB15070.JPG,15,BRDM_2,HB15070
data/raw/Padded_imgs/BRDM_2/HB15072.JPG,15,BRDM_2,HB15072
data/raw/Padded_imgs/BRDM_2/HB15073.JPG,15,BRDM_2,HB15073
data/raw/Padded_imgs/BRDM_2/HB15074.JPG,15,BRDM_2,HB15074
data/raw/Padded_imgs/BRDM_2/HB15075.JPG,15,BRDM_2,HB15075
data/raw/Padded_imgs/BRDM_2/HB15076.JPG,15,BRDM_2,HB15076
data/raw/Padded_imgs/BRDM_2/HB15077.JPG,15,BRDM_2,HB15077
data/raw/Padded_imgs/BRDM_2/HB15078.JPG,15,BRDM_2,HB15078
data/raw/Padded_imgs/BRDM_2/HB15079.JPG,15,BRDM_2,HB15079
data/raw/Padded_imgs/BRDM_2/HB15080.JPG,15,BRDM_2,HB15080
data/raw/Padded_imgs/BRDM_2/HB15082.JPG,15,BRDM_2,HB15082
data/raw/Padded_imgs/BRDM_2/HB15083.JPG,15,BRDM_2,HB15083
data/raw/Padded_imgs/BRDM_2/HB15084.JPG,15,BRDM_2,HB15084
data/raw/Padded_imgs/BRDM_2/HB15085.JPG,15,BRDM_2,HB15085
data/raw/Padded_imgs/BRDM_2/HB15086.JPG,15,BRDM_2,HB15086
data/raw/Padded_imgs/BRDM_2/HB15087.JPG,15,BRDM_2,HB15087
data/raw/Padded_imgs/BRDM_2/HB15088.JPG,15,BRDM_2,HB15088
data/raw/Padded_imgs/BRDM_2/HB15090.JPG,15,BRDM_2,HB15090
data/raw/Padded_imgs/BRDM_2/HB15091.JPG,15,BRDM_2,HB15091
data/raw/Padded_imgs/BRDM_2/HB15092.JPG,15,BRDM_2,HB15092
data/raw/Padded_imgs/BRDM_2/HB15096.JPG,15,BRDM_2,HB15096
data/raw/Padded_imgs/BRDM_2/HB15097.JPG,15,BRDM_2,HB15097
data/raw/Padded_imgs/BRDM_2/HB15098.JPG,15,BRDM_2,HB15098
data/raw/Padded_imgs/BRDM_2/HB15100.JPG,15,BRDM_2,HB15100
data/raw/Padded_imgs/BRDM_2/HB15101.JPG,15,BRDM_2,HB15101
data/raw/Padded_imgs/BRDM_2/HB15102.JPG,15,BRDM_2,HB15102
data/raw/Padded_imgs/BRDM_2/HB15103.JPG,15,BRDM_2,HB15103
data/raw/Padded_imgs/BRDM_2/HB15104.JPG,15,BRDM_2,HB15104
data/raw/Padded_imgs/BRDM_2/HB15106.JPG,15,BRDM_2,HB15106
data/raw/Padded_imgs/BRDM_2/HB15108.JPG,15,BRDM_2,HB15108
data/raw/Padded_imgs/BRDM_2/HB15109.JPG,15,BRDM_2,HB15109
data/raw/Padded_imgs/BRDM_2/HB15111.JPG,15,BRDM_2,HB15111
data/raw/Padded_imgs/BRDM_2/HB15112.JPG,15,BRDM_2,HB15112
data/raw/Padded_imgs/BRDM_2/HB15113.JPG,15,BRDM_2,HB15113
data/raw/Padded_imgs/BRDM_2/HB15114.JPG,15,BRDM_2,HB15114
data/raw/Padded_imgs/BRDM_2/HB15115.JPG,15,BRDM_2,HB15115
data/raw/Padded_imgs/BRDM_2/HB15116.JPG,15,BRDM_2,HB15116
data/raw/Padded_imgs/BRDM_2/HB15117.JPG,17,BRDM_2,HB15117
data/raw/Padded_imgs/BRDM_2/HB15118.JPG,15,BRDM_2,HB15118
data/raw/Padded_imgs/BRDM_2/HB15119.JPG,15,BRDM_2,HB15119
data/raw/Padded_imgs/BRDM_2/HB15120.JPG,15,BRDM_2,HB15120
data/raw/Padded_imgs/BRDM_2/HB15121.JPG,15,BRDM_2,HB15121
data/raw/Padded_imgs/BRDM_2/HB15122.JPG,15,BRDM_2,HB15122
data/raw/Padded_imgs/BRDM_2/HB15123.JPG,15,BRDM_2,HB15123
data/raw/Padded_imgs/BRDM_2/HB15124.JPG,15,BRDM_2,HB15124
data/raw/Padded_imgs/BRDM_2/HB15125.JPG,15,BRDM_2,HB15125
data/raw/Padded_imgs/BRDM_2/HB15129.JPG,15,BRDM_2,HB15129
data/raw/Padded_imgs/BRDM_2/HB15130.JPG,15,BRDM_2,HB15130
data/raw/Padded_imgs/BRDM_2/HB15132.JPG,15,BRDM_2,HB15132
data/raw/Padded_imgs/BRDM_2/HB15134.JPG,15,BRDM_2,HB15134
data/raw/Padded_imgs/BRDM_2/HB15135.JPG,15,BRDM_2,HB15135
data/raw/Padded_imgs/BRDM_2/HB15136.JPG,15,BRDM_2,HB15136
data/raw/Padded_imgs/BRDM_2/HB15138.JPG,15,BRDM_2,HB15138
data/raw/Padded_imgs/BRDM_2/HB15139.JPG,15,BRDM_2,HB15139
data/raw/Padded_imgs/BRDM_2/HB15140.JPG,15,BRDM_2,HB15140
data/raw/Padded_imgs/BRDM_2/HB15141.JPG,15,BRDM_2,HB15141
data/raw/Padded_imgs/BRDM_2/HB15142.JPG,15,BRDM_2,HB15142
data/raw/Padded_imgs/BRDM_2/HB15143.JPG,15,BRDM_2,HB15143
data/raw/Padded_imgs/BRDM_2/HB15144.JPG,15,BRDM_2,HB15144
data/raw/Padded_imgs/BRDM_2/HB15145.JPG,15,BRDM_2,HB15145
data/raw/Padded_imgs/BRDM_2/HB15146.JPG,15,BRDM_2,HB15146
data/raw/Padded_imgs/BRDM_2/HB15147.JPG,15,BRDM_2,HB15147
data/raw/Padded_imgs/BRDM_2/HB15148.JPG,15,BRDM_2,HB15148
data/raw/Padded_imgs/BRDM_2/HB15150.JPG,15,BRDM_2,HB15150
data/raw/Padded_imgs/BRDM_2/HB15151.JPG,15,BRDM_2,HB15151
data/raw/Padded_imgs/BRDM_2/HB15152.JPG,15,BRDM_2,HB15152
data/raw/Padded_imgs/BRDM_2/HB15154.JPG,15,BRDM_2,HB15154
data/raw/Padded_imgs/BRDM_2/HB15156.JPG,15,BRDM_2,HB15156
data/raw/Padded_imgs/BRDM_2/HB15157.JPG,15,BRDM_2,HB15157
data/raw/Padded_imgs/BRDM_2/HB15158.JPG,15,BRDM_2,HB15158
data/raw/Padded_imgs/BRDM_2/HB15161.JPG,15,BRDM_2,HB15161
data/raw/Padded_imgs/BRDM_2/HB15162.JPG,15,BRDM_2,HB15162
data/raw/Padded_imgs/BRDM_2/HB15163.JPG,15,BRDM_2,HB15163
data/raw/Padded_imgs/BRDM_2/HB15165.JPG,15,BRDM_2,HB15165
data/raw/Padded_imgs/BRDM_2/HB15166.JPG,15,BRDM_2,HB15166
data/raw/Padded_imgs/BRDM_2/HB15168.JPG,15,BRDM_2,HB15168
data/raw/Padded_imgs/BRDM_2/HB15169.JPG,15,BRDM_2,HB15169
data/raw/Padded_imgs/BRDM_2/HB15175.JPG,17,BRDM_2,HB15175
data/raw/Padded_imgs/BRDM_2/HB15176.JPG,17,BRDM_2,HB15176
data/raw/Padded_imgs/BRDM_2/HB15177.JPG,17,BRDM_2,HB15177
data/raw/Padded_imgs/BRDM_2/HB15178.JPG,17,BRDM_2,HB15178
data/raw/Padded_imgs/BRDM_2/HB15179.JPG,17,BRDM_2,HB15179
data/raw/Padded_imgs/BRDM_2/HB15180.JPG,15,BRDM_2,HB15180
data/raw/Padded_imgs/BRDM_2/HB15181.JPG,15,BRDM_2,HB15181
data/raw/Padded_imgs/BRDM_2/HB15182.JPG,15,BRDM_2,HB15182
data/raw/Padded_imgs/BRDM_2/HB15184.JPG,15,BRDM_2,HB15184
data/raw/Padded_imgs/BRDM_2/HB15185.JPG,15,BRDM_2,HB15185
data/raw/Padded_imgs/BRDM_2/HB15186.JPG,15,BRDM_2,HB15186
data/raw/Padded_imgs/BRDM_2/HB15190.JPG,15,BRDM_2,HB15190
data/raw/Padded_imgs/BRDM_2/HB15191.JPG,15,BRDM_2,HB15191
data/raw/Padded_imgs/BRDM_2/HB15192.JPG,15,BRDM_2,HB15192
data/raw/Padded_imgs/BRDM_2/HB15193.JPG,15,BRDM_2,HB15193
data/raw/Padded_imgs/BRDM_2/HB15194.JPG,15,BRDM_2,HB15194
data/raw/Padded_imgs/BRDM_2/HB15195.JPG,15,BRDM_2,HB15195
data/raw/Padded_imgs/BRDM_2/HB15196.JPG,15,BRDM_2,HB15196
data/raw/Padded_imgs/BRDM_2/HB15197.JPG,15,BRDM_2,HB15197
data/raw/Padded_imgs/BRDM_2/HB15198.JPG,15,BRDM_2,HB15198
data/raw/Padded_imgs/BRDM_2/HB15199.JPG,15,BRDM_2,HB15199
data/raw/Padded_imgs/BRDM_2/HB15201.JPG,15,BRDM_2,HB15201
data/raw/Padded_imgs/BRDM_2/HB15202.JPG,15,BRDM_2,HB15202
data/raw/Padded_imgs/BRDM_2/HB15203.JPG,15,BRDM_2,HB15203
data/raw/Padded_imgs/BRDM_2/HB15206.JPG,15,BRDM_2,HB15206
data/raw/Padded_imgs/BRDM_2/HB15207.JPG,15,BRDM_2,HB15207
data/raw/Padded_imgs/BRDM_2/HB15208.JPG,15,BRDM_2,HB15208
data/raw/Padded_imgs/BRDM_2/HB15209.JPG,15,BRDM_2,HB15209
data/raw/Padded_imgs/BRDM_2/HB15210.JPG,15,BRDM_2,HB15210
data/raw/Padded_imgs/BRDM_2/HB15211.JPG,15,BRDM_2,HB15211
data/raw/Padded_imgs/BRDM_2/HB15212.JPG,15,BRDM_2,HB15212
data/raw/Padded_imgs/BRDM_2/HB15214.JPG,15,BRDM_2,HB15214
data/raw/Padded_imgs/BRDM_2/HB15216.JPG,15,BRDM_2,HB15216
data/raw/Padded_imgs/BRDM_2/HB15217.JPG,17,BRDM_2,HB15217
data/raw/Padded_imgs/BRDM_2/HB15218.JPG,15,BRDM_2,HB15218
data/raw/Padded_imgs/BRDM_2/HB15220.JPG,15,BRDM_2,HB15220
data/raw/Padded_imgs/BRDM_2/HB15221.JPG,15,BRDM_2,HB15221
data/raw/Padded_imgs/BRDM_2/HB15223.JPG,15,BRDM_2,HB15223
data/raw/Padded_imgs/BRDM_2/HB15224.JPG,15,BRDM_2,HB15224
data/raw/Padded_imgs/BRDM_2/HB15227.JPG,15,BRDM_2,HB15227
data/raw/Padded_imgs/BRDM_2/HB15229.JPG,15,BRDM_2,HB15229
data/raw/Padded_imgs/BRDM_2/HB15230.JPG,15,BRDM_2,HB15230
data/raw/Padded_imgs/BRDM_2/HB15231.JPG,15,BRDM_2,HB15231
data/raw/Padded_imgs/BRDM_2/HB15232.JPG,15,BRDM_2,HB15232
data/raw/Padded_imgs/BRDM_2/HB15233.JPG,15,BRDM_2,HB15233
data/raw/Padded_imgs/BRDM_2/HB15235.JPG,15,BRDM_2,HB15235
data/raw/Padded_imgs/BRDM_2/HB15236.JPG,15,BRDM_2,HB15236
data/raw/Padded_imgs/BRDM_2/HB15237.JPG,15,BRDM_2,HB15237
data/raw/Padded_imgs/BRDM_2/HB15238.JPG,15,BRDM_2,HB15238
data/raw/Padded_imgs/BRDM_2/HB15239.JPG,15,BRDM_2,HB15239
data/raw/Padded_imgs/BRDM_2/HB15240.JPG,15,BRDM_2,HB15240
data/raw/Padded_imgs/BRDM_2/HB15241.JPG,15,BRDM_2,HB15241
data/raw/Padded_imgs/BRDM_2/HB15242.JPG,15,BRDM_2,HB15242
data/raw/Padded_imgs/BRDM_2/HB15243.JPG,15,BRDM_2,HB15243
data/raw/Padded_imgs/BRDM_2/HB15244.JPG,15,BRDM_2,HB15244
data/raw/Padded_imgs/BRDM_2/HB15245.JPG,15,BRDM_2,HB15245
data/raw/Padded_imgs/BRDM_2/HB15246.JPG,15,BRDM_2,HB15246
data/raw/Padded_imgs/BRDM_2/HB15247.JPG,15,BRDM_2,HB15247
data/raw/Padded_imgs/BRDM_2/HB15248.JPG,15,BRDM_2,HB15248
data/raw/Padded_imgs/BRDM_2/HB15251.JPG,15,BRDM_2,HB15251
data/raw/Padded_imgs/BRDM_2/HB15252.JPG,15,BRDM_2,HB15252
data/raw/Padded_imgs/BRDM_2/HB15254.JPG,15,BRDM_2,HB15254
data/raw/Padded_imgs/BRDM_2/HB15255.JPG,15,BRDM_2,HB15255
data/raw/Padded_imgs/BRDM_2/HB15256.JPG,15,BRDM_2,HB15256
data/raw/Padded_imgs/BRDM_2/HB15257.JPG,15,BRDM_2,HB15257
data/raw/Padded_imgs/BRDM_2/HB15258.JPG,15,BRDM_2,HB15258
data/raw/Padded_imgs/BRDM_2/HB15259.JPG,15,BRDM_2,HB15259
data/raw/Padded_imgs/BRDM_2/HB15260.JPG,15,BRDM_2,HB15260
data/raw/Padded_imgs/BRDM_2/HB15261.JPG,15,BRDM_2,HB15261
data/raw/Padded_imgs/BRDM_2/HB15262.JPG,15,BRDM_2,HB15262
data/raw/Padded_imgs/BRDM_2/HB15263.JPG,15,BRDM_2,HB15263
data/raw/Padded_imgs/BRDM_2/HB15264.JPG,15,BRDM_2,HB15264
data/raw/Padded_imgs/BRDM_2/HB15265.JPG,15,BRDM_2,HB15265
data/raw/Padded_imgs/BRDM_2/HB15266.JPG,15,BRDM_2,HB15266
data/raw/Padded_imgs/BRDM_2/HB15267.JPG,15,BRDM_2,HB15267
data/raw/Padded_imgs/BRDM_2/HB15269.JPG,15,BRDM_2,HB15269
data/raw/Padded_imgs/BRDM_2/HB15270.JPG,15,BRDM_2,HB15270
data/raw/Padded_imgs/BRDM_2/HB15271.JPG,15,BRDM_2,HB15271
data/raw/Padded_imgs/BRDM_2/HB15273.JPG,15,BRDM_2,HB15273
data/raw/Padded_imgs/BRDM_2/HB15274.JPG,15,BRDM_2,HB15274
data/raw/Padded_imgs/BRDM_2/HB15275.JPG,15,BRDM_2,HB15275
data/raw/Padded_imgs/BRDM_2/HB15277.JPG,15,BRDM_2,HB15277
data/raw/Padded_imgs/BRDM_2/HB15279.JPG,15,BRDM_2,HB15279
data/raw/Padded_imgs/BRDM_2/HB15280.JPG,15,BRDM_2,HB15280
data/raw/Padded_imgs/BRDM_2/HB15281.JPG,15,BRDM_2,HB15281
data/raw/Padded_imgs/BRDM_2/HB15282.JPG,15,BRDM_2,HB15282
data/raw/Padded_imgs/BRDM_2/HB15285.JPG,15,BRDM_2,HB15285
data/raw/Padded_imgs/BRDM_2/HB15291.JPG,15,BRDM_2,HB15291
data/raw/Padded_imgs/BRDM_2/HB15293.JPG,15,BRDM_2,HB15293
data/raw/Padded_imgs/BRDM_2/HB15294.JPG,15,BRDM_2,HB15294
data/raw/Padded_imgs/BRDM_2/HB15295.JPG,15,BRDM_2,HB15295
data/raw/Padded_imgs/BRDM_2/HB15296.JPG,15,BRDM_2,HB15296
data/raw/Padded_imgs/BRDM_2/HB15298.JPG,15,BRDM_2,HB15298
data/raw/Padded_imgs/BRDM_2/HB15299.JPG,15,BRDM_2,HB15299
data/raw/Padded_imgs/BRDM_2/HB15300.JPG,15,BRDM_2,HB15300
data/raw/Padded_imgs/BRDM_2/HB15301.JPG,15,BRDM_2,HB15301
data/raw/Padded_imgs/BRDM_2/HB15302.JPG,15,BRDM_2,HB15302
data/raw/Padded_imgs/BRDM_2/HB15303.JPG,15,BRDM_2,HB15303
data/raw/Padded_imgs/BRDM_2/HB15304.JPG,15,BRDM_2,HB15304
data/raw/Padded_imgs/BRDM_2/HB15305.JPG,15,BRDM_2,HB15305
data/raw/Padded_imgs/BRDM_2/HB15306.JPG,15,BRDM_2,HB15306
data/raw/Padded_imgs/BRDM_2/HB15307.JPG,15,BRDM_2,HB15307
data/raw/Padded_imgs/BRDM_2/HB15308.JPG,15,BRDM_2,HB15308
data/raw/Padded_imgs/BRDM_2/HB15309.JPG,15,BRDM_2,HB15309
data/raw/Padded_imgs/BRDM_2/HB15310.JPG,15,BRDM_2,HB15310
data/raw/Padded_imgs/BRDM_2/HB15311.JPG,15,BRDM_2,HB15311
data/raw/Padded_imgs/BRDM_2/HB15313.JPG,15,BRDM_2,HB15313
data/raw/Padded_imgs/BRDM_2/HB15315.JPG,15,BRDM_2,HB15315
data/raw/Padded_imgs/BRDM_2/HB15317.JPG,17,BRDM_2,HB15317
data/raw/Padded_imgs/BRDM_2/HB15318.JPG,15,BRDM_2,HB15318
data/raw/Padded_imgs/BRDM_2/HB15319.JPG,15,BRDM_2,HB15319
data/raw/Padded_imgs/BRDM_2/HB15320.JPG,15,BRDM_2,HB15320
data/raw/Padded_imgs/BRDM_2/HB15321.JPG,15,BRDM_2,HB15321
data/raw/Padded_imgs/BRDM_2/HB15322.JPG,15,BRDM_2,HB15322
data/raw/Padded_imgs/BRDM_2/HB15323.JPG,15,BRDM_2,HB15323
data/raw/Padded_imgs/BRDM_2/HB15324.JPG,15,BRDM_2,HB15324
data/raw/Padded_imgs/BRDM_2/HB15325.JPG,15,BRDM_2,HB15325
data/raw/Padded_imgs/BRDM_2/HB15326.JPG,15,BRDM_2,HB15326
data/raw/Padded_imgs/BRDM_2/HB15327.JPG,15,BRDM_2,HB15327
data/raw/Padded_imgs/BRDM_2/HB15328.JPG,15,BRDM_2,HB15328
data/raw/Padded_imgs/BRDM_2/HB15329.JPG,15,BRDM_2,HB15329
data/raw/Padded_imgs/BRDM_2/HB15330.JPG,15,BRDM_2,HB15330
data/raw/Padded_imgs/BRDM_2/HB15332.JPG,15,BRDM_2,HB15332
data/raw/Padded_imgs/BRDM_2/HB15333.JPG,15,BRDM_2,HB15333
data/raw/Padded_imgs/BRDM_2/HB15334.JPG,15,BRDM_2,HB15334
data/raw/Padded_imgs/BRDM_2/HB15335.JPG,15,BRDM_2,HB15335
data/raw/Padded_imgs/BRDM_2/HB15337.JPG,15,BRDM_2,HB15337
data/raw/Padded_imgs/BRDM_2/HB15338.JPG,15,BRDM_2,HB15338
data/raw/Padded_imgs/BRDM_2/HB15339.JPG,15,BRDM_2,HB15339
data/raw/Padded_imgs/BRDM_2/HB15341.JPG,15,BRDM_2,HB15341
data/raw/Padded_imgs/BRDM_2/HB15342.JPG,15,BRDM_2,HB15342
data/raw/Padded_imgs/BRDM_2/HB15343.JPG,15,BRDM_2,HB15343
data/raw/Padded_imgs/BRDM_2/HB15344.JPG,15,BRDM_2,HB15344
data/raw/Padded_imgs/BRDM_2/HB15345.JPG,15,BRDM_2,HB15345
data/raw/Padded_imgs/BRDM_2/HB15348.JPG,15,BRDM_2,HB15348
data/raw/Padded_imgs/BRDM_2/HB15349.JPG,15,BRDM_2,HB15349
data/raw/Padded_imgs/BRDM_2/HB15350.JPG,15,BRDM_2,HB15350
data/raw/Padded_imgs/BRDM_2/HB15351.JPG,15,BRDM_2,HB15351
data/raw/Padded_imgs/BRDM_2/HB15352.JPG,15,BRDM_2,HB15352
data/raw/Padded_imgs/BRDM_2/HB15353.JPG,15,BRDM_2,HB15353
data/raw/Padded_imgs/BRDM_2/HB15354.JPG,15,BRDM_2,HB15354
data/raw/Padded_imgs/BRDM_2/HB15355.JPG,15,BRDM_2,HB15355
data/raw/Padded_imgs/BRDM_2/HB15356.JPG,15,BRDM_2,HB15356
data/raw/Padded_imgs/BRDM_2/HB15357.JPG,15,BRDM_2,HB15357
data/raw/Padded_imgs/BRDM_2/HB15360.JPG,15,BRDM_2,HB15360
data/raw/Padded_imgs/BRDM_2/HB15361.JPG,15,BRDM_2,HB15361
data/raw/Padded_imgs/BRDM_2/HB15362.JPG,15,BRDM_2,HB15362
data/raw/Padded_imgs/BRDM_2/HB15363.JPG,15,BRDM_2,HB15363
data/raw/Padded_imgs/BRDM_2/HB15364.JPG,15,BRDM_2,HB15364
data/raw/Padded_imgs/BRDM_2/HB15365.JPG,15,BRDM_2,HB15365
data/raw/Padded_imgs/BRDM_2/HB15366.JPG,15,BRDM_2,HB15366
data/raw/Padded_imgs/BRDM_2/HB15367.JPG,15,BRDM_2,HB15367
data/raw/Padded_imgs/BRDM_2/HB15368.JPG,15,BRDM_2,HB15368
data/raw/Padded_imgs/BRDM_2/HB15369.JPG,15,BRDM_2,HB15369
data/raw/Padded_imgs/BRDM_2/HB15370.JPG,15,BRDM_2,HB15370
data/raw/Padded_imgs/BRDM_2/HB15371.JPG,15,BRDM_2,HB15371
data/raw/Padded_imgs/BRDM_2/HB15372.JPG,15,BRDM_2,HB15372
data/raw/Padded_imgs/BRDM_2/HB15373.JPG,15,BRDM_2,HB15373
data/raw/Padded_imgs/BRDM_2/HB15374.JPG,15,BRDM_2,HB15374
data/raw/Padded_imgs/BRDM_2/HB15375.JPG,15,BRDM_2,HB15375
data/raw/Padded_imgs/BRDM_2/HB15376.JPG,15,BRDM_2,HB15376
data/raw/Padded_imgs/BRDM_2/HB15377.JPG,15,BRDM_2,HB15377
data/raw/Padded_imgs/BRDM_2/HB15378.JPG,15,BRDM_2,HB15378
data/raw/Padded_imgs/BRDM_2/HB15379.JPG,15,BRDM_2,HB15379
data/raw/Padded_imgs/BRDM_2/HB15380.JPG,15,BRDM_2,HB15380
data/raw/Padded_imgs/BRDM_2/HB15381.JPG,15,BRDM_2,HB15381
data/raw/Padded_imgs/BRDM_2/HB15382.JPG,15,BRDM_2,HB15382
data/raw/Padded_imgs/BRDM_2/HB15383.JPG,15,BRDM_2,HB15383
data/raw/Padded_imgs/BRDM_2/HB15384.JPG,15,BRDM_2,HB15384
data/raw/Padded_imgs/BRDM_2/HB15385.JPG,15,BRDM_2,HB15385
data/raw/Padded_imgs/BRDM_2/HB15386.JPG,15,BRDM_2,HB15386
data/raw/Padded_imgs/BRDM_2/HB15387.JPG,15,BRDM_2,HB15387
data/raw/Padded_imgs/BRDM_2/HB15390.JPG,15,BRDM_2,HB15390
data/raw/Padded_imgs/BRDM_2/HB15391.JPG,15,BRDM_2,HB15391
data/raw/Padded_imgs/BRDM_2/HB15392.JPG,15,BRDM_2,HB15392
data/raw/Padded_imgs/BRDM_2/HB15393.JPG,15,BRDM_2,HB15393
data/raw/Padded_imgs/BRDM_2/HB15394.JPG,15,BRDM_2,HB15394
data/raw/Padded_imgs/BRDM_2/HB15395.JPG,15,BRDM_2,HB15395
data/raw/Padded_imgs/BRDM_2/HB15396.JPG,15,BRDM_2,HB15396
data/raw/Padded_imgs/BRDM_2/HB15397.JPG,15,BRDM_2,HB15397
data/raw/Padded_imgs/BRDM_2/HB15399.JPG,15,BRDM_2,HB15399
data/raw/Padded_imgs/BRDM_2/HB15400.JPG,15,BRDM_2,HB15400
data/raw/Padded_imgs/BRDM_2/HB15401.JPG,15,BRDM_2,HB15401
data/raw/Padded_imgs/BRDM_2/HB15402.JPG,15,BRDM_2,HB15402
data/raw/Padded_imgs/BRDM_2/HB15403.JPG,15,BRDM_2,HB15403
data/raw/Padded_imgs/BRDM_2/HB15405.JPG,15,BRDM_2,HB15405
data/raw/Padded_imgs/BRDM_2/HB15406.JPG,15,BRDM_2,HB15406
data/raw/Padded_imgs/BRDM_2/HB15407.JPG,15,BRDM_2,HB15407
data/raw/Padded_imgs/BRDM_2/HB15408.JPG,15,BRDM_2,HB15408
data/raw/Padded_imgs/BRDM_2/HB15409.JPG,15,BRDM_2,HB15409
data/raw/Padded_imgs/BRDM_2/HB15410.JPG,15,BRDM_2,HB15410
data/raw/Padded_imgs/BRDM_2/HB15411.JPG,15,BRDM_2,HB15411
data/raw/Padded_imgs/BRDM_2/HB15412.JPG,15,BRDM_2,HB15412
data/raw/Padded_imgs/BRDM_2/HB15413.JPG,15,BRDM_2,HB15413
data/raw/Padded_imgs/BRDM_2/HB15414.JPG,15,BRDM_2,HB15414
data/raw/Padded_imgs/BRDM_2/HB15415.JPG,15,BRDM_2,HB15415
data/raw/Padded_imgs/BRDM_2/HB15417.JPG,17,BRDM_2,HB15417
data/raw/Padded_imgs/BRDM_2/HB15418.JPG,15,BRDM_2,HB15418
data/raw/Padded_imgs/BRDM_2/HB15419.JPG,15,BRDM_2,HB15419
data/raw/Padded_imgs/BRDM_2/HB15420.JPG,15,BRDM_2,HB15420
data/raw/Padded_imgs/BRDM_2/HB15421.JPG,15,BRDM_2,HB15421
data/raw/Padded_imgs/BRDM_2/HB15423.JPG,15,BRDM_2,HB15423
data/raw/Padded_imgs/BRDM_2/HB15424.JPG,15,BRDM_2,HB15424
data/raw/Padded_imgs/BRDM_2/HB15425.JPG,15,BRDM_2,HB15425
data/raw/Padded_imgs/BRDM_2/HB15426.JPG,15,BRDM_2,HB15426
data/raw/Padded_imgs/BRDM_2/HB15427.JPG,15,BRDM_2,HB15427
data/raw/Padded_imgs/BRDM_2/HB15430.JPG,15,BRDM_2,HB15430
data/raw/Padded_imgs/BRDM_2/HB15431.JPG,15,BRDM_2,HB15431
data/raw/Padded_imgs/BRDM_2/HB15432.JPG,15,BRDM_2,HB15432
data/raw/Padded_imgs/BRDM_2/HB15434.JPG,15,BRDM_2,HB15434
data/raw/Padded_imgs/BRDM_2/HB15435.JPG,15,BRDM_2,HB15435
data/raw/Padded_imgs/BRDM_2/HB15437.JPG,15,BRDM_2,HB15437
data/raw/Padded_imgs/BRDM_2/HB15438.JPG,15,BRDM_2,HB15438
data/raw/Padded_imgs/BRDM_2/HB15439.JPG,15,BRDM_2,HB15439
data/raw/Padded_imgs/BRDM_2/HB15440.JPG,15,BRDM_2,HB15440
data/raw/Padded_imgs/BRDM_2/HB15441.JPG,15,BRDM_2,HB15441
data/raw/Padded_imgs/BRDM_2/HB15442.JPG,15,BRDM_2,HB15442
data/raw/Padded_imgs/BRDM_2/HB15444.JPG,15,BRDM_2,HB15444
data/raw/Padded_imgs/BRDM_2/HB15445.JPG,15,BRDM_2,HB15445
data/raw/Padded_imgs/BRDM_2/HB15446.JPG,15,BRDM_2,HB15446
data/raw/Padded_imgs/BRDM_2/HB15448.JPG,15,BRDM_2,HB15448
data/raw/Padded_imgs/BRDM_2/HB15449.JPG,15,BRDM_2,HB15449
data/raw/Padded_imgs/BRDM_2/HB15450.JPG,15,BRDM_2,HB15450
data/raw/Padded_imgs/BRDM_2/HB15451.JPG,15,BRDM_2,HB15451
data/raw/Padded_imgs/BRDM_2/HB15452.JPG,15,BRDM_2,HB15452
data/raw/Padded_imgs/BRDM_2/HB15453.JPG,15,BRDM_2,HB15453
data/raw/Padded_imgs/BRDM_2/HB15454.JPG,15,BRDM_2,HB15454
data/raw/Padded_imgs/BRDM_2/HB15456.JPG,15,BRDM_2,HB15456
data/raw/Padded_imgs/BRDM_2/HB15457.JPG,15,BRDM_2,HB15457
data/raw/Padded_imgs/BRDM_2/HB15459.JPG,15,BRDM_2,HB15459
data/raw/Padded_imgs/BRDM_2/HB15460.JPG,15,BRDM_2,HB15460
data/raw/Padded_imgs/BRDM_2/HB15463.JPG,15,BRDM_2,HB15463
data/raw/Padded_imgs/BRDM_2/HB15464.JPG,15,BRDM_2,HB15464
data/raw/Padded_imgs/BRDM_2/HB15465.JPG,15,BRDM_2,HB15465
data/raw/Padded_imgs/BRDM_2/HB15466.JPG,15,BRDM_2,HB15466
data/raw/Padded_imgs/BRDM_2/HB15467.JPG,15,BRDM_2,HB15467
data/raw/Padded_imgs/BRDM_2/HB15468.JPG,15,BRDM_2,HB15468
data/raw/Padded_imgs/BRDM_2/HB15469.JPG,15,BRDM_2,HB15469
data/raw/Padded_imgs/BRDM_2/HB15470.JPG,15,BRDM_2,HB15470
data/raw/Padded_imgs/BRDM_2/HB15471.JPG,15,BRDM_2,HB15471
data/raw/Padded_imgs/BRDM_2/HB15472.JPG,15,BRDM_2,HB15472
data/raw/Padded_imgs/BRDM_2/HB15473.JPG,15,BRDM_2,HB15473
data/raw/Padded_imgs/BRDM_2/HB15474.JPG,15,BRDM_2,HB15474
data/raw/Padded_imgs/BRDM_2/HB15475.JPG,15,BRDM_2,HB15475
data/raw/Padded_imgs/BRDM_2/HB15476.JPG,15,BRDM_2,HB15476
data/raw/Padded_imgs/BRDM_2/HB15477.JPG,15,BRDM_2,HB15477
data/raw/Padded_imgs/BRDM_2/HB15478.JPG,15,BRDM_2,HB15478
data/raw/Padded_imgs/BRDM_2/HB15479.JPG,15,BRDM_2,HB15479
data/raw/Padded_imgs/BRDM_2/HB15480.JPG,15,BRDM_2,HB15480
data/raw/Padded_imgs/BRDM_2/HB15481.JPG,15,BRDM_2,HB15481
data/raw/Padded_imgs/BRDM_2/HB15482.JPG,15,BRDM_2,HB15482
data/raw/Padded_imgs/BRDM_2/HB15483.JPG,15,BRDM_2,HB15483
data/raw/Padded_imgs/BRDM_2/HB15484.JPG,15,BRDM_2,HB15484
data/raw/Padded_imgs/BRDM_2/HB15485.JPG,15,BRDM_2,HB15485
data/raw/Padded_imgs/BRDM_2/HB15486.JPG,15,BRDM_2,HB15486
data/raw/Padded_imgs/BRDM_2/HB15487.JPG,15,BRDM_2,HB15487
data/raw/Padded_imgs/BRDM_2/HB15488.JPG,15,BRDM_2,HB15488
data/raw/Padded_imgs/BRDM_2/HB15490.JPG,15,BRDM_2,HB15490
data/raw/Padded_imgs/BRDM_2/HB15493.JPG,15,BRDM_2,HB15493
data/raw/Padded_imgs/BRDM_2/HB15494.JPG,15,BRDM_2,HB15494
data/raw/Padded_imgs/BRDM_2/HB15495.JPG,15,BRDM_2,HB15495
data/raw/Padded_imgs/BRDM_2/HB15496.JPG,15,BRDM_2,HB15496
data/raw/Padded_imgs/BRDM_2/HB15497.JPG,15,BRDM_2,HB15497
data/raw/Padded_imgs/BRDM_2/HB15498.JPG,15,BRDM_2,HB15498
data/raw/Padded_imgs/BRDM_2/HB15499.JPG,15,BRDM_2,HB15499
data/raw/Padded_imgs/BRDM_2/HB15500.JPG,15,BRDM_2,HB15500
data/raw/Padded_imgs/BRDM_2/HB15501.JPG,15,BRDM_2,HB15501
data/raw/Padded_imgs/BRDM_2/HB15502.JPG,15,BRDM_2,HB15502
data/raw/Padded_imgs/BRDM_2/HB15503.JPG,15,BRDM_2,HB15503
data/raw/Padded_imgs/BRDM_2/HB15504.JPG,15,BRDM_2,HB15504
data/raw/Padded_imgs/BRDM_2/HB15505.JPG,15,BRDM_2,HB15505
data/raw/Padded_imgs/BRDM_2/HB15506.JPG,15,BRDM_2,HB15506
data/raw/Padded_imgs/BRDM_2/HB15508.JPG,15,BRDM_2,HB15508
data/raw/Padded_imgs/BRDM_2/HB15509.JPG,15,BRDM_2,HB15509
data/raw/Padded_imgs/BRDM_2/HB15510.JPG,15,BRDM_2,HB15510
data/raw/Padded_imgs/BRDM_2/HB15511.JPG,15,BRDM_2,HB15511
data/raw/Padded_imgs/BRDM_2/HB15512.JPG,15,BRDM_2,HB15512
data/raw/Padded_imgs/BRDM_2/HB15514.JPG,15,BRDM_2,HB15514
data/raw/Padded_imgs/BRDM_2/HB15515.JPG,15,BRDM_2,HB15515
data/raw/Padded_imgs/BRDM_2/HB15516.JPG,15,BRDM_2,HB15516
data/raw/Padded_imgs/BRDM_2/HB15517.JPG,17,BRDM_2,HB15517
data/raw/Padded_imgs/BRDM_2/HB15518.JPG,15,BRDM_2,HB15518
data/raw/Padded_imgs/BRDM_2/HB15522.JPG,15,BRDM_2,HB15522
data/raw/Padded_imgs/BRDM_2/HB15523.JPG,15,BRDM_2,HB15523
data/raw/Padded_imgs/BRDM_2/HB15524.JPG,15,BRDM_2,HB15524
data/raw/Padded_imgs/BRDM_2/HB15525.JPG,15,BRDM_2,HB15525
data/raw/Padded_imgs/BRDM_2/HB15526.JPG,15,BRDM_2,HB15526
data/raw/Padded_imgs/BRDM_2/HB15527.JPG,15,BRDM_2,HB15527
data/raw/Padded_imgs/BRDM_2/HB15528.JPG,15,BRDM_2,HB15528
data/raw/Padded_imgs/BRDM_2/HB15529.JPG,15,BRDM_2,HB15529
data/raw/Padded_imgs/BRDM_2/HB15530.JPG,15,BRDM_2,HB15530
data/raw/Padded_imgs/BRDM_2/HB15531.JPG,15,BRDM_2,HB15531
data/raw/Padded_imgs/BRDM_2/HB15532.JPG,15,BRDM_2,HB15532
data/raw/Padded_imgs/BRDM_2/HB15533.JPG,15,BRDM_2,HB15533
data/raw/Padded_imgs/BRDM_2/HB15534.JPG,15,BRDM_2,HB15534
data/raw/Padded_imgs/BRDM_2/HB15535.JPG,15,BRDM_2,HB15535
data/raw/Padded_imgs/BRDM_2/HB15536.JPG,15,BRDM_2,HB15536
data/raw/Padded_imgs/BRDM_2/HB15537.JPG,15,BRDM_2,HB15537
data/raw/Padded_imgs/BRDM_2/HB15538.JPG,15,BRDM_2,HB15538
data/raw/Padded_imgs/BRDM_2/HB15542.JPG,15,BRDM_2,HB15542
data/raw/Padded_imgs/BRDM_2/HB15543.JPG,15,BRDM_2,HB15543
data/raw/Padded_imgs/BRDM_2/HB15544.JPG,15,BRDM_2,HB15544
data/raw/Padded_imgs/BRDM_2/HB15545.JPG,15,BRDM_2,HB15545
data/raw/Padded_imgs/BRDM_2/HB15546.JPG,15,BRDM_2,HB15546
data/raw/Padded_imgs/BRDM_2/HB15547.JPG,15,BRDM_2,HB15547
data/raw/Padded_imgs/BRDM_2/HB15550.JPG,15,BRDM_2,HB15550
data/raw/Padded_imgs/BRDM_2/HB15551.JPG,15,BRDM_2,HB15551
data/raw/Padded_imgs/BRDM_2/HB15552.JPG,15,BRDM_2,HB15552
data/raw/Padded_imgs/BRDM_2/HB15553.JPG,15,BRDM_2,HB15553
data/raw/Padded_imgs/BRDM_2/HB15554.JPG,15,BRDM_2,HB15554
data/raw/Padded_imgs/BRDM_2/HB15556.JPG,15,BRDM_2,HB15556
data/raw/Padded_imgs/BRDM_2/HB15557.JPG,15,BRDM_2,HB15557
data/raw/Padded_imgs/BRDM_2/HB15558.JPG,15,BRDM_2,HB15558
data/raw/Padded_imgs/BRDM_2/HB15559.JPG,15,BRDM_2,HB15559
data/raw/Padded_imgs/BRDM_2/HB15560.JPG,15,BRDM_2,HB15560
data/raw/Padded_imgs/BRDM_2/HB15561.JPG,15,BRDM_2,HB15561
data/raw/Padded_imgs/BRDM_2/HB15562.JPG,15,BRDM_2,HB15562
data/raw/Padded_imgs/BRDM_2/HB15563.JPG,15,BRDM_2,HB15563
data/raw/Padded_imgs/BRDM_2/HB15564.JPG,15,BRDM_2,HB15564
data/raw/Padded_imgs/BRDM_2/HB15565.JPG,15,BRDM_2,HB15565
data/raw/Padded_imgs/BRDM_2/HB15566.JPG,15,BRDM_2,HB15566
data/raw/Padded_imgs/BRDM_2/HB15567.JPG,15,BRDM_2,HB15567
data/raw/Padded_imgs/BRDM_2/HB15568.JPG,15,BRDM_2,HB15568
data/raw/Padded_imgs/BRDM_2/HB15569.JPG,15,BRDM_2,HB15569
data/raw/Padded_imgs/BRDM_2/HB15570.JPG,15,BRDM_2,HB15570
data/raw/Padded_imgs/BRDM_2/HB15572.JPG,15,BRDM_2,HB15572
data/raw/Padded_imgs/BRDM_2/HB15573.JPG,15,BRDM_2,HB15573
data/raw/Padded_imgs/BRDM_2/HB15574.JPG,15,BRDM_2,HB15574
data/raw/Padded_imgs/BRDM_2/HB15576.JPG,15,BRDM_2,HB15576
data/raw/Padded_imgs/BRDM_2/HB15577.JPG,15,BRDM_2,HB15577
data/raw/Padded_imgs/BRDM_2/HB15579.JPG,15,BRDM_2,HB15579
data/raw/Padded_imgs/BRDM_2/HB15580.JPG,15,BRDM_2,HB15580
data/raw/Padded_imgs/BRDM_2/HB15582.JPG,15,BRDM_2,HB15582
data/raw/Padded_imgs/BRDM_2/HB15583.JPG,15,BRDM_2,HB15583
data/raw/Padded_imgs/BRDM_2/HB15584.JPG,15,BRDM_2,HB15584
data/raw/Padded_imgs/BRDM_2/HB15585.JPG,15,BRDM_2,HB15585
data/raw/Padded_imgs/BRDM_2/HB15586.JPG,15,BRDM_2,HB15586
data/raw/Padded_imgs/BRDM_2/HB15587.JPG,15,BRDM_2,HB15587
data/raw/Padded_imgs/BRDM_2/HB15588.JPG,15,BRDM_2,HB15588
data/raw/Padded_imgs/BRDM_2/HB15589.JPG,15,BRDM_2,HB15589
data/raw/Padded_imgs/BRDM_2/HB15590.JPG,15,BRDM_2,HB15590
data/raw/Padded_imgs/BRDM_2/HB15591.JPG,15,BRDM_2,HB15591
data/raw/Padded_imgs/BRDM_2/HB15592.JPG,15,BRDM_2,HB15592
data/raw/Padded_imgs/BRDM_2/HB15593.JPG,15,BRDM_2,HB15593
data/raw/Padded_imgs/BRDM_2/HB15594.JPG,15,BRDM_2,HB15594
data/raw/Padded_imgs/BRDM_2/HB15595.JPG,15,BRDM_2,HB15595
data/raw/Padded_imgs/BRDM_2/HB15596.JPG,15,BRDM_2,HB15596
data/raw/Padded_imgs/BRDM_2/HB15598.JPG,15,BRDM_2,HB15598
data/raw/Padded_imgs/BRDM_2/HB15599.JPG,15,BRDM_2,HB15599
data/raw/Padded_imgs/BRDM_2/HB15600.JPG,15,BRDM_2,HB15600
data/raw/Padded_imgs/BRDM_2/HB15601.JPG,15,BRDM_2,HB15601
data/raw/Padded_imgs/BRDM_2/HB15602.JPG,15,BRDM_2,HB15602
data/raw/Padded_imgs/BRDM_2/HB15603.JPG,15,BRDM_2,HB15603
data/raw/Padded_imgs/BRDM_2/HB15606.JPG,15,BRDM_2,HB15606
data/raw/Padded_imgs/BRDM_2/HB15607.JPG,15,BRDM_2,HB15607
data/raw/Padded_imgs/BRDM_2/HB15608.JPG,15,BRDM_2,HB15608
data/raw/Padded_imgs/BRDM_2/HB15610.JPG,15,BRDM_2,HB15610
data/raw/Padded_imgs/BRDM_2/HB15611.JPG,15,BRDM_2,HB15611
data/raw/Padded_imgs/BRDM_2/HB15612.JPG,15,BRDM_2,HB15612
data/raw/Padded_imgs/BRDM_2/HB15614.JPG,15,BRDM_2,HB15614
data/raw/Padded_imgs/BRDM_2/HB15615.JPG,15,BRDM_2,HB15615
data/raw/Padded_imgs/BRDM_2/HB15616.JPG,15,BRDM_2,HB15616
data/raw/Padded_imgs/BRDM_2/HB15696.JPG,15,BRDM_2,HB15696
data/raw/Padded_imgs/BRDM_2/HB15697.JPG,15,BRDM_2,HB15697
data/raw/Padded_imgs/BRDM_2/HB15698.JPG,15,BRDM_2,HB15698
data/raw/Padded_imgs/BRDM_2/HB15699.JPG,15,BRDM_2,HB15699
data/raw/Padded_imgs/BRDM_2/HB15701.JPG,15,BRDM_2,HB15701
data/raw/Padded_imgs/BRDM_2/HB15702.JPG,15,BRDM_2,HB15702
data/raw/Padded_imgs/BRDM_2/HB15703.JPG,15,BRDM_2,HB15703
data/raw/Padded_imgs/BRDM_2/HB15704.JPG,15,BRDM_2,HB15704
data/raw/Padded_imgs/BRDM_2/HB15705.JPG,15,BRDM_2,HB15705
data/raw/Padded_imgs/BRDM_2/HB15706.JPG,15,BRDM_2,HB15706
data/raw/Padded_imgs/BRDM_2/HB15707.JPG,15,BRDM_2,HB15707
data/raw/Padded_imgs/BRDM_2/HB15710.JPG,15,BRDM_2,HB15710
data/raw/Padded_imgs/BRDM_2/HB15711.JPG,15,BRDM_2,HB15711
data/raw/Padded_imgs/BRDM_2/HB15712.JPG,15,BRDM_2,HB15712
data/raw/Padded_imgs/BRDM_2/HB15713.JPG,15,BRDM_2,HB15713
data/raw/Padded_imgs/BRDM_2/HB15714.JPG,15,BRDM_2,HB15714
data/raw/Padded_imgs/BRDM_2/HB15715.JPG,15,BRDM_2,HB15715
data/raw/Padded_imgs/BRDM_2/HB15716.JPG,15,BRDM_2,HB15716
data/raw/Padded_imgs/BRDM_2/HB15717.JPG,17,BRDM_2,HB15717
data/raw/Padded_imgs/BRDM_2/HB15718.JPG,15,BRDM_2,HB15718
data/raw/Padded_imgs/BRDM_2/HB15719.JPG,15,BRDM_2,HB15719
data/raw/Padded_imgs/BRDM_2/HB15731.JPG,15,BRDM_2,HB15731
data/raw/Padded_imgs/BRDM_2/HB15732.JPG,15,BRDM_2,HB15732
data/raw/Padded_imgs/BRDM_2/HB15733.JPG,15,BRDM_2,HB15733
data/raw/Padded_imgs/BRDM_2/HB15734.JPG,15,BRDM_2,HB15734
data/raw/Padded_imgs/BRDM_2/HB15735.JPG,15,BRDM_2,HB15735
data/raw/Padded_imgs/BRDM_2/HB15736.JPG,15,BRDM_2,HB15736
data/raw/Padded_imgs/BRDM_2/HB15737.JPG,15,BRDM_2,HB15737
data/raw/Padded_imgs/BRDM_2/HB15738.JPG,15,BRDM_2,HB15738
data/raw/Padded_imgs/BRDM_2/HB15739.JPG,15,BRDM_2,HB15739
data/raw/Padded_imgs/BRDM_2/HB15740.JPG,15,BRDM_2,HB15740
data/raw/Padded_imgs/BRDM_2/HB15741.JPG,15,BRDM_2,HB15741
data/raw/Padded_imgs/BRDM_2/HB15742.JPG,15,BRDM_2,HB15742
data/raw/Padded_imgs/BRDM_2/HB15743.JPG,15,BRDM_2,HB15743
data/raw/Padded_imgs/BRDM_2/HB15744.JPG,15,BRDM_2,HB15744
data/raw/Padded_imgs/BRDM_2/HB15745.JPG,15,BRDM_2,HB15745
data/raw/Padded_imgs/BRDM_2/HB15746.JPG,15,BRDM_2,HB15746
data/raw/Padded_imgs/BRDM_2/HB15747.JPG,15,BRDM_2,HB15747
data/raw/Padded_imgs/BRDM_2/HB15748.JPG,15,BRDM_2,HB15748
data/raw/Padded_imgs/BRDM_2/HB15749.JPG,15,BRDM_2,HB15749
data/raw/Padded_imgs/BRDM_2/HB15750.JPG,15,BRDM_2,HB15750
data/raw/Padded_imgs/BRDM_2/HB15751.JPG,15,BRDM_2,HB15751
data/raw/Padded_imgs/BRDM_2/HB15752.JPG,15,BRDM_2,HB15752
data/raw/Padded_imgs/BRDM_2/HB15753.JPG,15,BRDM_2,HB15753
data/raw/Padded_imgs/BRDM_2/HB15754.JPG,15,BRDM_2,HB15754
data/raw/Padded_imgs/BRDM_2/HB15755.JPG,15,BRDM_2,HB15755
data/raw/Padded_imgs/BRDM_2/HB15757.JPG,15,BRDM_2,HB15757
data/raw/Padded_imgs/BRDM_2/HB15758.JPG,15,BRDM_2,HB15758
data/raw/Padded_imgs/BRDM_2/HB15759.JPG,15,BRDM_2,HB15759
data/raw/Padded_imgs/BRDM_2/HB15760.JPG,15,BRDM_2,HB15760
data/raw/Padded_imgs/BRDM_2/HB15761.JPG,15,BRDM_2,HB15761
data/raw/Padded_imgs/BRDM_2/HB15762.JPG,15,BRDM_2,HB15762
data/raw/Padded_imgs/BRDM_2/HB15763.JPG,15,BRDM_2,HB15763
data/raw/Padded_imgs/BRDM_2/HB15776.JPG,15,BRDM_2,HB15776
data/raw/Padded_imgs/BRDM_2/HB15777.JPG,15,BRDM_2,HB15777
data/raw/Padded_imgs/BRDM_2/HB15778.JPG,15,BRDM_2,HB15778
data/raw/Padded_imgs/BRDM_2/HB15779.JPG,15,BRDM_2,HB15779
data/raw/Padded_imgs/BRDM_2/HB15780.JPG,15,BRDM_2,HB15780
data/raw/Padded_imgs/BRDM_2/HB15781.JPG,15,BRDM_2,HB15781
data/raw/Padded_imgs/BRDM_2/HB15782.JPG,15,BRDM_2,HB15782
data/raw/Padded_imgs/BRDM_2/HB15784.JPG,15,BRDM_2,HB15784
data/raw/Padded_imgs/BRDM_2/HB15785.JPG,15,BRDM_2,HB15785
data/raw/Padded_imgs/BRDM_2/HB15786.JPG,15,BRDM_2,HB15786
data/raw/Padded_imgs/BRDM_2/HB15787.JPG,15,BRDM_2,HB15787
data/raw/Padded_imgs/BRDM_2/HB15788.JPG,15,BRDM_2,HB15788
data/raw/Padded_imgs/BRDM_2/HB15789.JPG,15,BRDM_2,HB15789
data/raw/Padded_imgs/BRDM_2/HB15790.JPG,15,BRDM_2,HB15790
data/raw/Padded_imgs/BRDM_2/HB15791.JPG,15,BRDM_2,HB15791
data/raw/Padded_imgs/BRDM_2/HB15792.JPG,15,BRDM_2,HB15792
data/raw/Padded_imgs/BRDM_2/HB15793.JPG,15,BRDM_2,HB15793
data/raw/Padded_imgs/BRDM_2/HB15794.JPG,15,BRDM_2,HB15794
data/raw/Padded_imgs/BRDM_2/HB15795.JPG,15,BRDM_2,HB15795
data/raw/Padded_imgs/BRDM_2/HB15796.JPG,15,BRDM_2,HB15796
data/raw/Padded_imgs/BRDM_2/HB15797.JPG,15,BRDM_2,HB15797
data/raw/Padded_imgs/BRDM_2/HB15798.JPG,15,BRDM_2,HB15798
data/raw/Padded_imgs/BRDM_2/HB15799.JPG,15,BRDM_2,HB15799
data/raw/Padded_imgs/BRDM_2/HB15800.JPG,15,BRDM_2,HB15800
data/raw/Padded_imgs/BRDM_2/HB15801.JPG,15,BRDM_2,HB15801
data/raw/Padded_imgs/BRDM_2/HB15802.JPG,15,BRDM_2,HB15802
data/raw/Padded_imgs/BRDM_2/HB15803.JPG,15,BRDM_2,HB15803
data/raw/Padded_imgs/BRDM_2/HB15804.JPG,15,BRDM_2,HB15804
data/raw/Padded_imgs/BRDM_2/HB15805.JPG,15,BRDM_2,HB15805
data/raw/Padded_imgs/BRDM_2/HB15806.JPG,15,BRDM_2,HB15806
data/raw/Padded_imgs/BRDM_2/HB15807.JPG,15,BRDM_2,HB15807
data/raw/Padded_imgs/BRDM_2/HB15819.JPG,15,BRDM_2,HB15819
data/raw/Padded_imgs/BRDM_2/HB15820.JPG,15,BRDM_2,HB15820
data/raw/Padded_imgs/BRDM_2/HB15821.JPG,15,BRDM_2,HB15821
data/raw/Padded_imgs/BRDM_2/HB15822.JPG,15,BRDM_2,HB15822
data/raw/Padded_imgs/BRDM_2/HB15823.JPG,15,BRDM_2,HB15823
data/raw/Padded_imgs/BRDM_2/HB15824.JPG,15,BRDM_2,HB15824
data/raw/Padded_imgs/BRDM_2/HB15825.JPG,15,BRDM_2,HB15825
data/raw/Padded_imgs/BRDM_2/HB15827.JPG,15,BRDM_2,HB15827
data/raw/Padded_imgs/BRDM_2/HB15828.JPG,15,BRDM_2,HB15828
data/raw/Padded_imgs/BRDM_2/HB15829.JPG,15,BRDM_2,HB15829
data/raw/Padded_imgs/BRDM_2/HB15830.JPG,15,BRDM_2,HB15830
data/raw/Padded_imgs/BRDM_2/HB15831.JPG,15,BRDM_2,HB15831
data/raw/Padded_imgs/BRDM_2/HB15832.JPG,15,BRDM_2,HB15832
data/raw/Padded_imgs/BRDM_2/HB15833.JPG,15,BRDM_2,HB15833
data/raw/Padded_imgs/BRDM_2/HB15834.JPG,15,BRDM_2,HB15834
data/raw/Padded_imgs/BRDM_2/HB15835.JPG,15,BRDM_2,HB15835
data/raw/Padded_imgs/BRDM_2/HB15836.JPG,15,BRDM_2,HB15836
data/raw/Padded_imgs/BRDM_2/HB15838.JPG,15,BRDM_2,HB15838
data/raw/Padded_imgs/BRDM_2/HB15840.JPG,15,BRDM_2,HB15840
data/raw/Padded_imgs/BRDM_2/HB15841.JPG,15,BRDM_2,HB15841
data/raw/Padded_imgs/BRDM_2/HB15842.JPG,15,BRDM_2,HB15842
data/raw/Padded_imgs/BRDM_2/HB15843.JPG,15,BRDM_2,HB15843
data/raw/Padded_imgs/BRDM_2/HB15844.JPG,15,BRDM_2,HB15844
data/raw/Padded_imgs/BRDM_2/HB15845.JPG,15,BRDM_2,HB15845
data/raw/Padded_imgs/BRDM_2/HB15846.JPG,15,BRDM_2,HB15846
data/raw/Padded_imgs/BRDM_2/HB15847.JPG,15,BRDM_2,HB15847
data/raw/Padded_imgs/BRDM_2/HB15848.JPG,15,BRDM_2,HB15848
data/raw/Padded_imgs/BRDM_2/HB15849.JPG,15,BRDM_2,HB15849
data/raw/Padded_imgs/BRDM_2/HB15850.JPG,15,BRDM_2,HB15850
data/raw/Padded_imgs/BRDM_2/HB15851.JPG,15,BRDM_2,HB15851
data/raw/Padded_imgs/BRDM_2/HB15862.JPG,15,BRDM_2,HB15862
data/raw/Padded_imgs/BRDM_2/HB15863.JPG,15,BRDM_2,HB15863
data/raw/Padded_imgs/BRDM_2/HB15864.JPG,15,BRDM_2,HB15864
data/raw/Padded_imgs/BRDM_2/HB15865.JPG,15,BRDM_2,HB15865
data/raw/Padded_imgs/BRDM_2/HB15866.JPG,15,BRDM_2,HB15866
data/raw/Padded_imgs/BRDM_2/HB15867.JPG,15,BRDM_2,HB15867
data/raw/Padded_imgs/BRDM_2/HB15868.JPG,15,BRDM_2,HB15868
data/raw/Padded_imgs/BRDM_2/HB15869.JPG,15,BRDM_2,HB15869
data/raw/Padded_imgs/BRDM_2/HB15870.JPG,15,BRDM_2,HB15870
data/raw/Padded_imgs/BRDM_2/HB15871.JPG,15,BRDM_2,HB15871
data/raw/Padded_imgs/BRDM_2/HB15872.JPG,15,BRDM_2,HB15872
data/raw/Padded_imgs/BRDM_2/HB15873.JPG,15,BRDM_2,HB15873
data/raw/Padded_imgs/BRDM_2/HB15874.JPG,15,BRDM_2,HB15874
data/raw/Padded_imgs/BRDM_2/HB15875.JPG,15,BRDM_2,HB15875
data/raw/Padded_imgs/BRDM_2/HB15876.JPG,15,BRDM_2,HB15876
data/raw/Padded_imgs/BRDM_2/HB15877.JPG,15,BRDM_2,HB15877
data/raw/Padded_imgs/BRDM_2/HB15879.JPG,15,BRDM_2,HB15879
data/raw/Padded_imgs/BRDM_2/HB15880.JPG,15,BRDM_2,HB15880
data/raw/Padded_imgs/BRDM_2/HB15881.JPG,15,BRDM_2,HB15881
data/raw/Padded_imgs/BRDM_2/HB15882.JPG,15,BRDM_2,HB15882
data/raw/Padded_imgs/BRDM_2/HB15883.JPG,15,BRDM_2,HB15883
data/raw/Padded_imgs/BRDM_2/HB15884.JPG,15,BRDM_2,HB15884
data/raw/Padded_imgs/BRDM_2/HB15885.JPG,15,BRDM_2,HB15885
data/raw/Padded_imgs/BRDM_2/HB15886.JPG,15,BRDM_2,HB15886
data/raw/Padded_imgs/BRDM_2/HB15887.JPG,15,BRDM_2,HB15887
data/raw/Padded_imgs/BRDM_2/HB15888.JPG,15,BRDM_2,HB15888
data/raw/Padded_imgs/BRDM_2/HB15889.JPG,15,BRDM_2,HB15889
data/raw/Padded_imgs/BRDM_2/HB15890.JPG,15,BRDM_2,HB15890
data/raw/Padded_imgs/BRDM_2/HB15891.JPG,15,BRDM_2,HB15891
data/raw/Padded_imgs/BRDM_2/HB15892.JPG,15,BRDM_2,HB15892
data/raw/Padded_imgs/BRDM_2/HB15893.JPG,15,BRDM_2,HB15893
data/raw/Padded_imgs/BRDM_2/HB15894.JPG,15,BRDM_2,HB15894
data/raw/Padded_imgs/BRDM_2/HB15895.JPG,15,BRDM_2,HB15895
data/raw/Padded_imgs/BRDM_2/HB15896.JPG,15,BRDM_2,HB15896
data/raw/Padded_imgs/BRDM_2/HB15897.JPG,15,BRDM_2,HB15897
data/raw/Padded_imgs/BRDM_2/HB15898.JPG,15,BRDM_2,HB15898
data/raw/Padded_imgs/BRDM_2/HB15899.JPG,15,BRDM_2,HB15899
data/raw/Padded_imgs/BRDM_2/HB15900.JPG,15,BRDM_2,HB15900
data/raw/Padded_imgs/BRDM_2/HB15901.JPG,15,BRDM_2,HB15901
data/raw/Padded_imgs/BRDM_2/HB15902.JPG,15,BRDM_2,HB15902
data/raw/Padded_imgs/BRDM_2/HB15903.JPG,15,BRDM_2,HB15903
data/raw/Padded_imgs/BRDM_2/HB15917.JPG,17,BRDM_2,HB15917
data/raw/Padded_imgs/BRDM_2/HB15918.JPG,15,BRDM_2,HB15918
data/raw/Padded_imgs/BRDM_2/HB15919.JPG,15,BRDM_2,HB15919
data/raw/Padded_imgs/BRDM_2/HB15920.JPG,15,BRDM_2,HB15920
data/raw/Padded_imgs/BRDM_2/HB15921.JPG,15,BRDM_2,HB15921
data/raw/Padded_imgs/BRDM_2/HB15922.JPG,15,BRDM_2,HB15922
data/raw/Padded_imgs/BRDM_2/HB15923.JPG,15,BRDM_2,HB15923
data/raw/Padded_imgs/BRDM_2/HB15924.JPG,15,BRDM_2,HB15924
data/raw/Padded_imgs/BRDM_2/HB15925.JPG,15,BRDM_2,HB15925
data/raw/Padded_imgs/BRDM_2/HB15926.JPG,15,BRDM_2,HB15926
data/raw/Padded_imgs/BRDM_2/HB15927.JPG,15,BRDM_2,HB15927
data/raw/Padded_imgs/BRDM_2/HB15928.JPG,15,BRDM_2,HB15928
data/raw/Padded_imgs/BRDM_2/HB15929.JPG,15,BRDM_2,HB15929
data/raw/Padded_imgs/BRDM_2/HB15930.JPG,15,BRDM_2,HB15930
data/raw/Padded_imgs/BRDM_2/HB15931.JPG,15,BRDM_2,HB15931
data/raw/Padded_imgs/BRDM_2/HB15932.JPG,15,BRDM_2,HB15932
data/raw/Padded_imgs/BRDM_2/HB15933.JPG,15,BRDM_2,HB15933
data/raw/Padded_imgs/BRDM_2/HB15934.JPG,15,BRDM_2,HB15934
data/raw/Padded_imgs/BRDM_2/HB15935.JPG,15,BRDM_2,HB15935
data/raw/Padded_imgs/BRDM_2/HB15936.JPG,15,BRDM_2,HB15936
data/raw/Padded_imgs/BRDM_2/HB15937.JPG,15,BRDM_2,HB15937
data/raw/Padded_imgs/BRDM_2/HB15938.JPG,15,BRDM_2,HB15938
data/raw/Padded_imgs/BRDM_2/HB15939.JPG,15,BRDM_2,HB15939
data/raw/Padded_imgs/BRDM_2/HB15940.JPG,15,BRDM_2,HB15940
data/raw/Padded_imgs/BRDM_2/HB15941.JPG,15,BRDM_2,HB15941
data/raw/Padded_imgs/BRDM_2/HB15942.JPG,15,BRDM_2,HB15942
data/raw/Padded_imgs/BRDM_2/HB15943.JPG,15,BRDM_2,HB15943
data/raw/Padded_imgs/BRDM_2/HB15944.JPG,15,BRDM_2,HB15944
data/raw/Padded_imgs/BRDM_2/HB15945.JPG,15,BRDM_2,HB15945
data/raw/Padded_imgs/BRDM_2/HB15946.JPG,15,BRDM_2,HB15946
data/raw/Padded_imgs/BRDM_2/HB15947.JPG,15,BRDM_2,HB15947
data/raw/Padded_imgs/BRDM_2/HB15963.JPG,15,BRDM_2,HB15963
data/raw/Padded_imgs/BRDM_2/HB15964.JPG,15,BRDM_2,HB15964
data/raw/Padded_imgs/BRDM_2/HB15965.JPG,15,BRDM_2,HB15965
data/raw/Padded_imgs/BRDM_2/HB15966.JPG,15,BRDM_2,HB15966
data/raw/Padded_imgs/BRDM_2/HB15967.JPG,15,BRDM_2,HB15967
data/raw/Padded_imgs/BRDM_2/HB15968.JPG,15,BRDM_2,HB15968
data/raw/Padded_imgs/BRDM_2/HB15969.JPG,15,BRDM_2,HB15969
data/raw/Padded_imgs/BRDM_2/HB15970.JPG,15,BRDM_2,HB15970
data/raw/Padded_imgs/BRDM_2/HB15971.JPG,15,BRDM_2,HB15971
data/raw/Padded_imgs/BRDM_2/HB15972.JPG,15,BRDM_2,HB15972
data/raw/Padded_imgs/BRDM_2/HB15973.JPG,15,BRDM_2,HB15973
data/raw/Padded_imgs/BRDM_2/HB15974.JPG,15,BRDM_2,HB15974
data/raw/Padded_imgs/BRDM_2/HB15975.JPG,15,BRDM_2,HB15975
data/raw/Padded_imgs/BRDM_2/HB15976.JPG,15,BRDM_2,HB15976
data/raw/Padded_imgs/BRDM_2/HB15977.JPG,15,BRDM_2,HB15977
data/raw/Padded_imgs/BRDM_2/HB15978.JPG,15,BRDM_2,HB15978
data/raw/Padded_imgs/BRDM_2/HB15979.JPG,15,BRDM_2,HB15979
data/raw/Padded_imgs/BRDM_2/HB15980.JPG,15,BRDM_2,HB15980
data/raw/Padded_imgs/BRDM_2/HB15981.JPG,15,BRDM_2,HB15981
data/raw/Padded_imgs/BRDM_2/HB15982.JPG,15,BRDM_2,HB15982
data/raw/Padded_imgs/BRDM_2/HB15983.JPG,15,BRDM_2,HB15983
data/raw/Padded_imgs/BRDM_2/HB15984.JPG,15,BRDM_2,HB15984
data/raw/Padded_imgs/BRDM_2/HB15985.JPG,15,BRDM_2,HB15985
data/raw/Padded_imgs/BRDM_2/HB15986.JPG,15,BRDM_2,HB15986
data/raw/Padded_imgs/BRDM_2/HB15987.JPG,15,BRDM_2,HB15987
data/raw/Padded_imgs/BRDM_2/HB15988.JPG,15,BRDM_2,HB15988
data/raw/Padded_imgs/BRDM_2/HB15989.JPG,15,BRDM_2,HB15989
data/raw/Padded_imgs/BRDM_2/HB15990.JPG,15,BRDM_2,HB15990
data/raw/Padded_imgs/BRDM_2/HB15991.JPG,15,BRDM_2,HB15991
data/raw/Padded_imgs/BRDM_2/HB15992.JPG,15,BRDM_2,HB15992
data/raw/Padded_imgs/BRDM_2/HB15993.JPG,15,BRDM_2,HB15993
data/raw/Padded_imgs/BRDM_2/HB15994.JPG,15,BRDM_2,HB15994
data/raw/Padded_imgs/BRDM_2/HB15995.JPG,15,BRDM_2,HB15995
data/raw/Padded_imgs/BRDM_2/HB15996.JPG,15,BRDM_2,HB15996
data/raw/Padded_imgs/BRDM_2/HB15997.JPG,15,BRDM_2,HB15997
data/raw/Padded_imgs/BRDM_2/HB15998.JPG,15,BRDM_2,HB15998
data/raw/Padded_imgs/BRDM_2/HB15999.JPG,15,BRDM_2,HB15999
data/raw/Padded_imgs/BRDM_2/HB16000.JPG,15,BRDM_2,HB16000
data/raw/Padded_imgs/BRDM_2/HB16014.JPG,15,BRDM_2,HB16014
data/raw/Padded_imgs/BRDM_2/HB16015.JPG,15,BRDM_2,HB16015
data/raw/Padded_imgs/BRDM_2/HB16016.JPG,15,BRDM_2,HB16016
data/raw/Padded_imgs/BRDM_2/HB16017.JPG,17,BRDM_2,HB16017
data/raw/Padded_imgs/BRDM_2/HB16018.JPG,15,BRDM_2,HB16018
data/raw/Padded_imgs/BRDM_2/HB16019.JPG,15,BRDM_2,HB16019
data/raw/Padded_imgs/BRDM_2/HB16020.JPG,15,BRDM_2,HB16020
data/raw/Padded_imgs/BRDM_2/HB16021.JPG,15,BRDM_2,HB16021
data/raw/Padded_imgs/BRDM_2/HB16022.JPG,15,BRDM_2,HB16022
data/raw/Padded_imgs/BRDM_2/HB16023.JPG,15,BRDM_2,HB16023
data/raw/Padded_imgs/BRDM_2/HB16024.JPG,15,BRDM_2,HB16024
data/raw/Padded_imgs/BRDM_2/HB16025.JPG,15,BRDM_2,HB16025
data/raw/Padded_imgs/BRDM_2/HB16026.JPG,15,BRDM_2,HB16026
data/raw/Padded_imgs/BRDM_2/HB16027.JPG,15,BRDM_2,HB16027
data/raw/Padded_imgs/BRDM_2/HB16028.JPG,15,BRDM_2,HB16028
data/raw/Padded_imgs/BRDM_2/HB16029.JPG,15,BRDM_2,HB16029
data/raw/Padded_imgs/BRDM_2/HB16030.JPG,15,BRDM_2,HB16030
data/raw/Padded_imgs/BRDM_2/HB16031.JPG,15,BRDM_2,HB16031
data/raw/Padded_imgs/BRDM_2/HB16032.JPG,15,BRDM_2,HB16032
data/raw/Padded_imgs/BRDM_2/HB16033.JPG,15,BRDM_2,HB16033
data/raw/Padded_imgs/BRDM_2/HB16034.JPG,15,BRDM_2,HB16034
data/raw/Padded_imgs/BRDM_2/HB16035.JPG,15,BRDM_2,HB16035
data/raw/Padded_imgs/BRDM_2/HB16036.JPG,15,BRDM_2,HB16036
data/raw/Padded_imgs/BRDM_2/HB16038.JPG,15,BRDM_2,HB16038
data/raw/Padded_imgs/BRDM_2/HB16039.JPG,15,BRDM_2,HB16039
data/raw/Padded_imgs/BRDM_2/HB16040.JPG,15,BRDM_2,HB16040
data/raw/Padded_imgs/BRDM_2/HB16041.JPG,15,BRDM_2,HB16041
data/raw/Padded_imgs/BRDM_2/HB16042.JPG,15,BRDM_2,HB16042
data/raw/Padded_imgs/BRDM_2/HB16043.JPG,15,BRDM_2,HB16043
data/raw/Padded_imgs/BRDM_2/HB16942.JPG,15,BRDM_2,HB16942
data/raw/Padded_imgs/BRDM_2/HB16943.JPG,15,BRDM_2,HB16943
data/raw/Padded_imgs/BRDM_2/HB16944.JPG,15,BRDM_2,HB16944
data/raw/Padded_imgs/BRDM_2/HB16945.JPG,15,BRDM_2,HB16945
data/raw/Padded_imgs/BRDM_2/HB16946.JPG,15,BRDM_2,HB16946
data/raw/Padded_imgs/BRDM_2/HB16947.JPG,15,BRDM_2,HB16947
data/raw/Padded_imgs/BRDM_2/HB16948.JPG,15,BRDM_2,HB16948
data/raw/Padded_imgs/BRDM_2/HB16949.JPG,15,BRDM_2,HB16949
data/raw/Padded_imgs/BRDM_2/HB16950.JPG,15,BRDM_2,HB16950
data/raw/Padded_imgs/BRDM_2/HB16952.JPG,15,BRDM_2,HB16952
data/raw/Padded_imgs/BRDM_2/HB16953.JPG,15,BRDM_2,HB16953
data/raw/Padded_imgs/BRDM_2/HB16954.JPG,15,BRDM_2,HB16954
data/raw/Padded_imgs/BRDM_2/HB16955.JPG,15,BRDM_2,HB16955
data/raw/Padded_imgs/BRDM_2/HB16956.JPG,15,BRDM_2,HB16956
data/raw/Padded_imgs/BRDM_2/HB16957.JPG,15,BRDM_2,HB16957
data/raw/Padded_imgs/BRDM_2/HB16958.JPG,15,BRDM_2,HB16958
data/raw/Padded_imgs/BRDM_2/HB16959.JPG,15,BRDM_2,HB16959
data/raw/Padded_imgs/BRDM_2/HB16960.JPG,15,BRDM_2,HB16960
data/raw/Padded_imgs/BRDM_2/HB16961.JPG,15,BRDM_2,HB16961
data/raw/Padded_imgs/BRDM_2/HB16962.JPG,15,BRDM_2,HB16962
data/raw/Padded_imgs/BRDM_2/HB16963.JPG,15,BRDM_2,HB16963
data/raw/Padded_imgs/BRDM_2/HB16964.JPG,15,BRDM_2,HB16964
data/raw/Padded_imgs/BRDM_2/HB16965.JPG,15,BRDM_2,HB16965
data/raw/Padded_imgs/BRDM_2/HB16966.JPG,15,BRDM_2,HB16966
data/raw/Padded_imgs/BRDM_2/HB16967.JPG,15,BRDM_2,HB16967
data/raw/Padded_imgs/BRDM_2/HB16969.JPG,15,BRDM_2,HB16969
data/raw/Padded_imgs/BRDM_2/HB16970.JPG,15,BRDM_2,HB16970
data/raw/Padded_imgs/BRDM_2/HB16971.JPG,15,BRDM_2,HB16971
data/raw/Padded_imgs/BRDM_2/HB16972.JPG,15,BRDM_2,HB16972
data/raw/Padded_imgs/BRDM_2/HB16973.JPG,15,BRDM_2,HB16973
data/raw/Padded_imgs/BRDM_2/HB16974.JPG,15,BRDM_2,HB16974
data/raw/Padded_imgs/BRDM_2/HB16975.JPG,15,BRDM_2,HB16975
data/raw/Padded_imgs/BRDM_2/HB16976.JPG,15,BRDM_2,HB16976
data/raw/Padded_imgs/BRDM_2/HB16978.JPG,15,BRDM_2,HB16978
data/raw/Padded_imgs/BRDM_2/HB16979.JPG,15,BRDM_2,HB16979
data/raw/Padded_imgs/BRDM_2/HB16980.JPG,15,BRDM_2,HB16980
data/raw/Padded_imgs/BRDM_2/HB16982.JPG,15,BRDM_2,HB16982
data/raw/Padded_imgs/BRDM_2/HB16983.JPG,15,BRDM_2,HB16983
data/raw/Padded_imgs/BRDM_2/HB16984.JPG,15,BRDM_2,HB16984
data/raw/Padded_imgs/BRDM_2/HB16985.JPG,15,BRDM_2,HB16985
data/raw/Padded_imgs/BRDM_2/HB16986.JPG,15,BRDM_2,HB16986
data/raw/Padded_imgs/BRDM_2/HB16987.JPG,15,BRDM_2,HB16987
data/raw/Padded_imgs/BRDM_2/HB16988.JPG,15,BRDM_2,HB16988
data/raw/Padded_imgs/BRDM_2/HB16989.JPG,15,BRDM_2,HB16989
data/raw/Padded_imgs/BRDM_2/HB16990.JPG,15,BRDM_2,HB16990
data/raw/Padded_imgs/BRDM_2/HB16991.JPG,15,BRDM_2,HB16991
data/raw/Padded_imgs/BRDM_2/HB16992.JPG,15,BRDM_2,HB16992
data/raw/Padded_imgs/BRDM_2/HB16993.JPG,15,BRDM_2,HB16993
data/raw/Padded_imgs/BRDM_2/HB16994.JPG,15,BRDM_2,HB16994
data/raw/Padded_imgs/BRDM_2/HB16995.JPG,15,BRDM_2,HB16995
data/raw/Padded_imgs/BRDM_2/HB16996.JPG,15,BRDM_2,HB16996
data/raw/Padded_imgs/BRDM_2/HB16997.JPG,15,BRDM_2,HB16997
data/raw/Padded_imgs/BRDM_2/HB16998.JPG,15,BRDM_2,HB16998
data/raw/Padded_imgs/BRDM_2/HB16999.JPG,15,BRDM_2,HB16999
data/raw/Padded_imgs/BRDM_2/HB17000.JPG,17,BRDM_2,HB17000
data/raw/Padded_imgs/BRDM_2/HB17001.JPG,17,BRDM_2,HB17001
data/raw/Padded_imgs/BRDM_2/HB17002.JPG,17,BRDM_2,HB17002
data/raw/Padded_imgs/BRDM_2/HB17003.JPG,17,BRDM_2,HB17003
data/raw/Padded_imgs/BRDM_2/HB17005.JPG,17,BRDM_2,HB17005
data/raw/Padded_imgs/BRDM_2/HB17006.JPG,17,BRDM_2,HB17006
data/raw/Padded_imgs/BRDM_2/HB17007.JPG,17,BRDM_2,HB17007
data/raw/Padded_imgs/BRDM_2/HB17008.JPG,17,BRDM_2,HB17008
data/raw/Padded_imgs/BRDM_2/HB17009.JPG,17,BRDM_2,HB17009
data/raw/Padded_imgs/BRDM_2/HB17011.JPG,17,BRDM_2,HB17011
data/raw/Padded_imgs/BRDM_2/HB17012.JPG,17,BRDM_2,HB17012
data/raw/Padded_imgs/BRDM_2/HB17013.JPG,17,BRDM_2,HB17013
data/raw/Padded_imgs/BRDM_2/HB17014.JPG,17,BRDM_2,HB17014
data/raw/Padded_imgs/BRDM_2/HB17015.JPG,17,BRDM_2,HB17015
data/raw/Padded_imgs/BRDM_2/HB17016.JPG,17,BRDM_2,HB17016
data/raw/Padded_imgs/BRDM_2/HB17017.JPG,17,BRDM_2,HB17017
data/raw/Padded_imgs/BRDM_2/HB17018.JPG,17,BRDM_2,HB17018
data/raw/Padded_imgs/BRDM_2/HB17019.JPG,17,BRDM_2,HB17019
data/raw/Padded_imgs/BRDM_2/HB17020.JPG,17,BRDM_2,HB17020
data/raw/Padded_imgs/BRDM_2/HB17021.JPG,17,BRDM_2,HB17021
data/raw/Padded_imgs/BRDM_2/HB17022.JPG,17,BRDM_2,HB17022
data/raw/Padded_imgs/BRDM_2/HB17023.JPG,17,BRDM_2,HB17023
data/raw/Padded_imgs/BRDM_2/HB17024.JPG,17,BRDM_2,HB17024
data/raw/Padded_imgs/BRDM_2/HB17025.JPG,17,BRDM_2,HB17025
data/raw/Padded_imgs/BRDM_2/HB17026.JPG,17,BRDM_2,HB17026
data/raw/Padded_imgs/BRDM_2/HB17027.JPG,17,BRDM_2,HB17027
data/raw/Padded_imgs/BRDM_2/HB17028.JPG,17,BRDM_2,HB17028
data/raw/Padded_imgs/BRDM_2/HB17029.JPG,17,BRDM_2,HB17029
data/raw/Padded_imgs/BRDM_2/HB17030.JPG,17,BRDM_2,HB17030
data/raw/Padded_imgs/BRDM_2/HB17031.JPG,17,BRDM_2,HB17031
data/raw/Padded_imgs/BRDM_2/HB17032.JPG,17,BRDM_2,HB17032
data/raw/Padded_imgs/BRDM_2/HB17034.JPG,17,BRDM_2,HB17034
data/raw/Padded_imgs/BRDM_2/HB17035.JPG,17,BRDM_2,HB17035
data/raw/Padded_imgs/BRDM_2/HB17037.JPG,17,BRDM_2,HB17037
data/raw/Padded_imgs/BRDM_2/HB17038.JPG,17,BRDM_2,HB17038
data/raw/Padded_imgs/BRDM_2/HB17040.JPG,17,BRDM_2,HB17040
data/raw/Padded_imgs/BRDM_2/HB17041.JPG,17,BRDM_2,HB17041
data/raw/Padded_imgs/BRDM_2/HB17043.JPG,17,BRDM_2,HB17043
data/raw/Padded_imgs/BRDM_2/HB17044.JPG,17,BRDM_2,HB17044
data/raw/Padded_imgs/BRDM_2/HB17045.JPG,17,BRDM_2,HB17045
data/raw/Padded_imgs/BRDM_2/HB17047.JPG,17,BRDM_2,HB17047
data/raw/Padded_imgs/BRDM_2/HB17048.JPG,17,BRDM_2,HB17048
data/raw/Padded_imgs/BRDM_2/HB17050.JPG,17,BRDM_2,HB17050
data/raw/Padded_imgs/BRDM_2/HB17051.JPG,17,BRDM_2,HB17051
data/raw/Padded_imgs/BRDM_2/HB17054.JPG,17,BRDM_2,HB17054
data/raw/Padded_imgs/BRDM_2/HB17056.JPG,17,BRDM_2,HB17056
data/raw/Padded_imgs/BRDM_2/HB17057.JPG,17,BRDM_2,HB17057
data/raw/Padded_imgs/BRDM_2/HB17059.JPG,17,BRDM_2,HB17059
data/raw/Padded_imgs/BRDM_2/HB17060.JPG,17,BRDM_2,HB17060
data/raw/Padded_imgs/BRDM_2/HB17065.JPG,17,BRDM_2,HB17065
data/raw/Padded_imgs/BRDM_2/HB17066.JPG,17,BRDM_2,HB17066
data/raw/Padded_imgs/BRDM_2/HB17071.JPG,17,BRDM_2,HB17071
data/raw/Padded_imgs/BRDM_2/HB17072.JPG,17,BRDM_2,HB17072
data/raw/Padded_imgs/BRDM_2/HB17074.JPG,17,BRDM_2,HB17074
data/raw/Padded_imgs/BRDM_2/HB17075.JPG,17,BRDM_2,HB17075
data/raw/Padded_imgs/BRDM_2/HB17077.JPG,17,BRDM_2,HB17077
data/raw/Padded_imgs/BRDM_2/HB17078.JPG,17,BRDM_2,HB17078
data/raw/Padded_imgs/BRDM_2/HB17080.JPG,17,BRDM_2,HB17080
data/raw/Padded_imgs/BRDM_2/HB17081.JPG,17,BRDM_2,HB17081
data/raw/Padded_imgs/BRDM_2/HB17084.JPG,17,BRDM_2,HB17084
data/raw/Padded_imgs/BRDM_2/HB17086.JPG,17,BRDM_2,HB17086
data/raw/Padded_imgs/BRDM_2/HB17087.JPG,17,BRDM_2,HB17087
data/raw/Padded_imgs/BRDM_2/HB17089.JPG,17,BRDM_2,HB17089
data/raw/Padded_imgs/BRDM_2/HB17090.JPG,17,BRDM_2,HB17090
data/raw/Padded_imgs/BRDM_2/HB17091.JPG,17,BRDM_2,HB17091
data/raw/Padded_imgs/BRDM_2/HB17093.JPG,17,BRDM_2,HB17093
data/raw/Padded_imgs/BRDM_2/HB17094.JPG,17,BRDM_2,HB17094
data/raw/Padded_imgs/BRDM_2/HB17099.JPG,17,BRDM_2,HB17099
data/raw/Padded_imgs/BRDM_2/HB17102.JPG,17,BRDM_2,HB17102
data/raw/Padded_imgs/BRDM_2/HB17103.JPG,17,BRDM_2,HB17103
data/raw/Padded_imgs/BRDM_2/HB17105.JPG,17,BRDM_2,HB17105
data/raw/Padded_imgs/BRDM_2/HB17106.JPG,17,BRDM_2,HB17106
data/raw/Padded_imgs/BRDM_2/HB17108.JPG,17,BRDM_2,HB17108
data/raw/Padded_imgs/BRDM_2/HB17109.JPG,17,BRDM_2,HB17109
data/raw/Padded_imgs/BRDM_2/HB17111.JPG,17,BRDM_2,HB17111
data/raw/Padded_imgs/BRDM_2/HB17112.JPG,17,BRDM_2,HB17112
data/raw/Padded_imgs/BRDM_2/HB17114.JPG,17,BRDM_2,HB17114
data/raw/Padded_imgs/BRDM_2/HB17115.JPG,17,BRDM_2,HB17115
data/raw/Padded_imgs/BRDM_2/HB17120.JPG,17,BRDM_2,HB17120
data/raw/Padded_imgs/BRDM_2/HB17121.JPG,17,BRDM_2,HB17121
data/raw/Padded_imgs/BRDM_2/HB17123.JPG,17,BRDM_2,HB17123
data/raw/Padded_imgs/BRDM_2/HB17124.JPG,17,BRDM_2,HB17124
data/raw/Padded_imgs/BRDM_2/HB17126.JPG,17,BRDM_2,HB17126
data/raw/Padded_imgs/BRDM_2/HB17143.JPG,17,BRDM_2,HB17143
data/raw/Padded_imgs/BRDM_2/HB17145.JPG,17,BRDM_2,HB17145
data/raw/Padded_imgs/BRDM_2/HB17149.JPG,17,BRDM_2,HB17149
data/raw/Padded_imgs/BRDM_2/HB17151.JPG,17,BRDM_2,HB17151
data/raw/Padded_imgs/BRDM_2/HB17152.JPG,17,BRDM_2,HB17152
data/raw/Padded_imgs/BRDM_2/HB17154.JPG,17,BRDM_2,HB17154
data/raw/Padded_imgs/BRDM_2/HB17155.JPG,17,BRDM_2,HB17155
data/raw/Padded_imgs/BRDM_2/HB17157.JPG,17,BRDM_2,HB17157
data/raw/Padded_imgs/BRDM_2/HB17158.JPG,17,BRDM_2,HB17158
data/raw/Padded_imgs/BRDM_2/HB17160.JPG,17,BRDM_2,HB17160
data/raw/Padded_imgs/BRDM_2/HB17161.JPG,17,BRDM_2,HB17161
data/raw/Padded_imgs/BRDM_2/HB17163.JPG,17,BRDM_2,HB17163
data/raw/Padded_imgs/BRDM_2/HB17164.JPG,17,BRDM_2,HB17164
data/raw/Padded_imgs/BRDM_2/HB17166.JPG,17,BRDM_2,HB17166
data/raw/Padded_imgs/BRDM_2/HB17167.JPG,17,BRDM_2,HB17167
data/raw/Padded_imgs/BRDM_2/HB17169.JPG,17,BRDM_2,HB17169
data/raw/Padded_imgs/BRDM_2/HB17170.JPG,17,BRDM_2,HB17170
data/raw/Padded_imgs/BRDM_2/HB17172.JPG,17,BRDM_2,HB17172
data/raw/Padded_imgs/BRDM_2/HB17173.JPG,17,BRDM_2,HB17173
data/raw/Padded_imgs/BRDM_2/HB17176.JPG,17,BRDM_2,HB17176
data/raw/Padded_imgs/BRDM_2/HB17178.JPG,17,BRDM_2,HB17178
data/raw/Padded_imgs/BRDM_2/HB17179.JPG,17,BRDM_2,HB17179
data/raw/Padded_imgs/BRDM_2/HB17181.JPG,17,BRDM_2,HB17181
data/raw/Padded_imgs/BRDM_2/HB17182.JPG,17,BRDM_2,HB17182
data/raw/Padded_imgs/BRDM_2/HB17184.JPG,17,BRDM_2,HB17184
data/raw/Padded_imgs/BRDM_2/HB17186.JPG,17,BRDM_2,HB17186
data/raw/Padded_imgs/BRDM_2/HB17188.JPG,17,BRDM_2,HB17188
data/raw/Padded_imgs/BRDM_2/HB17190.JPG,17,BRDM_2,HB17190
data/raw/Padded_imgs/BRDM_2/HB17191.JPG,17,BRDM_2,HB17191
data/raw/Padded_imgs/BRDM_2/HB17193.JPG,17,BRDM_2,HB17193
data/raw/Padded_imgs/BRDM_2/HB17195.JPG,17,BRDM_2,HB17195
data/raw/Padded_imgs/BRDM_2/HB17196.JPG,17,BRDM_2,HB17196
data/raw/Padded_imgs/BRDM_2/HB17198.JPG,17,BRDM_2,HB17198
data/raw/Padded_imgs/BRDM_2/HB17199.JPG,17,BRDM_2,HB17199
data/raw/Padded_imgs/BRDM_2/HB17201.JPG,17,BRDM_2,HB17201
data/raw/Padded_imgs/BRDM_2/HB17202.JPG,17,BRDM_2,HB17202
data/raw/Padded_imgs/BRDM_2/HB17204.JPG,17,BRDM_2,HB17204
data/raw/Padded_imgs/BRDM_2/HB17206.JPG,17,BRDM_2,HB17206
data/raw/Padded_imgs/BRDM_2/HB17209.JPG,17,BRDM_2,HB17209
data/raw/Padded_imgs/BRDM_2/HB17210.JPG,17,BRDM_2,HB17210
data/raw/Padded_imgs/BRDM_2/HB17212.JPG,17,BRDM_2,HB17212
data/raw/Padded_imgs/BRDM_2/HB17213.JPG,17,BRDM_2,HB17213
data/raw/Padded_imgs/BRDM_2/HB17215.JPG,17,BRDM_2,HB17215
data/raw/Padded_imgs/BRDM_2/HB17217.JPG,17,BRDM_2,HB17217
data/raw/Padded_imgs/BRDM_2/HB17221.JPG,17,BRDM_2,HB17221
data/raw/Padded_imgs/BRDM_2/HB17224.JPG,17,BRDM_2,HB17224
data/raw/Padded_imgs/BRDM_2/HB17226.JPG,17,BRDM_2,HB17226
data/raw/Padded_imgs/BRDM_2/HB17228.JPG,17,BRDM_2,HB17228
data/raw/Padded_imgs/BRDM_2/HB17229.JPG,17,BRDM_2,HB17229
data/raw/Padded_imgs/BRDM_2/HB17231.JPG,17,BRDM_2,HB17231
data/raw/Padded_imgs/BRDM_2/HB17232.JPG,17,BRDM_2,HB17232
data/raw/Padded_imgs/BRDM_2/HB17234.JPG,17,BRDM_2,HB17234
data/raw/Padded_imgs/BRDM_2/HB17235.JPG,17,BRDM_2,HB17235
data/raw/Padded_imgs/BRDM_2/HB17237.JPG,17,BRDM_2,HB17237
data/raw/Padded_imgs/BRDM_2/HB17239.JPG,17,BRDM_2,HB17239
data/raw/Padded_imgs/BRDM_2/HB17240.JPG,17,BRDM_2,HB17240
data/raw/Padded_imgs/BRDM_2/HB17242.JPG,17,BRDM_2,HB17242
data/raw/Padded_imgs/BRDM_2/HB17243.JPG,17,BRDM_2,HB17243
data/raw/Padded_imgs/BRDM_2/HB17245.JPG,17,BRDM_2,HB17245
data/raw/Padded_imgs/BRDM_2/HB17246.JPG,17,BRDM_2,HB17246
data/raw/Padded_imgs/BRDM_2/HB17249.JPG,17,BRDM_2,HB17249
data/raw/Padded_imgs/BRDM_2/HB17250.JPG,17,BRDM_2,HB17250
data/raw/Padded_imgs/BRDM_2/HB17252.JPG,17,BRDM_2,HB17252
data/raw/Padded_imgs/BRDM_2/HB17253.JPG,17,BRDM_2,HB17253
data/raw/Padded_imgs/BRDM_2/HB17254.JPG,17,BRDM_2,HB17254
data/raw/Padded_imgs/BRDM_2/HB17255.JPG,17,BRDM_2,HB17255
data/raw/Padded_imgs/BRDM_2/HB17256.JPG,17,BRDM_2,HB17256
data/raw/Padded_imgs/BRDM_2/HB17257.JPG,17,BRDM_2,HB17257
data/raw/Padded_imgs/BRDM_2/HB17258.JPG,17,BRDM_2,HB17258
data/raw/Padded_imgs/BRDM_2/HB17259.JPG,17,BRDM_2,HB17259
data/raw/Padded_imgs/BRDM_2/HB17260.JPG,17,BRDM_2,HB17260
data/raw/Padded_imgs/BRDM_2/HB17262.JPG,17,BRDM_2,HB17262
data/raw/Padded_imgs/BRDM_2/HB17271.JPG,17,BRDM_2,HB17271
data/raw/Padded_imgs/BRDM_2/HB17274.JPG,17,BRDM_2,HB17274
data/raw/Padded_imgs/BRDM_2/HB17276.JPG,17,BRDM_2,HB17276
data/raw/Padded_imgs/BRDM_2/HB17279.JPG,17,BRDM_2,HB17279
data/raw/Padded_imgs/BRDM_2/HB17281.JPG,17,BRDM_2,HB17281
data/raw/Padded_imgs/BRDM_2/HB17284.JPG,17,BRDM_2,HB17284
data/raw/Padded_imgs/BRDM_2/HB17287.JPG,17,BRDM_2,HB17287
data/raw/Padded_imgs/BRDM_2/HB17289.JPG,17,BRDM_2,HB17289
data/raw/Padded_imgs/BRDM_2/HB17292.JPG,17,BRDM_2,HB17292
data/raw/Padded_imgs/BRDM_2/HB17294.JPG,17,BRDM_2,HB17294
data/raw/Padded_imgs/BRDM_2/HB17297.JPG,17,BRDM_2,HB17297
data/raw/Padded_imgs/BRDM_2/HB17299.JPG,17,BRDM_2,HB17299
data/raw/Padded_imgs/BRDM_2/HB17302.JPG,17,BRDM_2,HB17302
data/raw/Padded_imgs/BRDM_2/HB17305.JPG,17,BRDM_2,HB17305
data/raw/Padded_imgs/BRDM_2/HB17307.JPG,17,BRDM_2,HB17307
data/raw/Padded_imgs/BRDM_2/HB17310.JPG,17,BRDM_2,HB17310
data/raw/Padded_imgs/BRDM_2/HB17315.JPG,17,BRDM_2,HB17315
data/raw/Padded_imgs/BRDM_2/HB17317.JPG,17,BRDM_2,HB17317
data/raw/Padded_imgs/BRDM_2/HB17320.JPG,17,BRDM_2,HB17320
data/raw/Padded_imgs/BRDM_2/HB17323.JPG,17,BRDM_2,HB17323
data/raw/Padded_imgs/BRDM_2/HB17325.JPG,17,BRDM_2,HB17325
data/raw/Padded_imgs/BRDM_2/HB17328.JPG,17,BRDM_2,HB17328
data/raw/Padded_imgs/BRDM_2/HB17331.JPG,17,BRDM_2,HB17331
data/raw/Padded_imgs/BRDM_2/HB17333.JPG,17,BRDM_2,HB17333
data/raw/Padded_imgs/BRDM_2/HB17336.JPG,17,BRDM_2,HB17336
data/raw/Padded_imgs/BRDM_2/HB17338.JPG,17,BRDM_2,HB17338
data/raw/Padded_imgs/BRDM_2/HB17341.JPG,17,BRDM_2,HB17341
data/raw/Padded_imgs/BRDM_2/HB17343.JPG,17,BRDM_2,HB17343
data/raw/Padded_imgs/BRDM_2/HB17346.JPG,17,BRDM_2,HB17346
data/raw/Padded_imgs/BRDM_2/HB17348.JPG,17,BRDM_2,HB17348
data/raw/Padded_imgs/BRDM_2/HB17351.JPG,17,BRDM_2,HB17351
data/raw/Padded_imgs/BRDM_2/HB17353.JPG,17,BRDM_2,HB17353
data/raw/Padded_imgs/BRDM_2/HB17356.JPG,17,BRDM_2,HB17356
data/raw/Padded_imgs/BRDM_2/HB17359.JPG,17,BRDM_2,HB17359
data/raw/Padded_imgs/BRDM_2/HB17361.JPG,17,BRDM_2,HB17361
data/raw/Padded_imgs/BRDM_2/HB17364.JPG,17,BRDM_2,HB17364
data/raw/Padded_imgs/BRDM_2/HB17366.JPG,17,BRDM_2,HB17366
data/raw/Padded_imgs/BRDM_2/HB17369.JPG,17,BRDM_2,HB17369
data/raw/Padded_imgs/BRDM_2/HB17372.JPG,17,BRDM_2,HB17372
data/raw/Padded_imgs/BRDM_2/HB17374.JPG,17,BRDM_2,HB17374
data/raw/Padded_imgs/BRDM_2/HB17377.JPG,17,BRDM_2,HB17377
data/raw/Padded_imgs/BRDM_2/HB17380.JPG,17,BRDM_2,HB17380
data/raw/Padded_imgs/BRDM_2/HB17382.JPG,17,BRDM_2,HB17382
data/raw/Padded_imgs/BRDM_2/HB17385.JPG,17,BRDM_2,HB17385
data/raw/Padded_imgs/BRDM_2/HB17387.JPG,17,BRDM_2,HB17387
data/raw/Padded_imgs/BRDM_2/HB17390.JPG,17,BRDM_2,HB17390
data/raw/Padded_imgs/BRDM_2/HB17393.JPG,17,BRDM_2,HB17393
data/raw/Padded_imgs/BRDM_2/HB17395.JPG,17,BRDM_2,HB17395
data/raw/Padded_imgs/BRDM_2/HB17398.JPG,17,BRDM_2,HB17398
data/raw/Padded_imgs/BRDM_2/HB17400.JPG,17,BRDM_2,HB17400
data/raw/Padded_imgs/BRDM_2/HB17406.JPG,17,BRDM_2,HB17406
data/raw/Padded_imgs/BRDM_2/HB17408.JPG,17,BRDM_2,HB17408
data/raw/Padded_imgs/BRDM_2/HB17411.JPG,17,BRDM_2,HB17411
data/raw/Padded_imgs/BRDM_2/HB17413.JPG,17,BRDM_2,HB17413
data/raw/Padded_imgs/BRDM_2/HB17416.JPG,17,BRDM_2,HB17416
data/raw/Padded_imgs/BRDM_2/HB17418.JPG,17,BRDM_2,HB17418
data/raw/Padded_imgs/BRDM_2/HB17421.JPG,17,BRDM_2,HB17421
data/raw/Padded_imgs/BRDM_2/HB17424.JPG,17,BRDM_2,HB17424
data/raw/Padded_imgs/BRDM_2/HB17426.JPG,17,BRDM_2,HB17426
data/raw/Padded_imgs/BRDM_2/HB17429.JPG,17,BRDM_2,HB17429
data/raw/Padded_imgs/BRDM_2/HB17431.JPG,17,BRDM_2,HB17431
data/raw/Padded_imgs/BRDM_2/HB17434.JPG,17,BRDM_2,HB17434
data/raw/Padded_imgs/BRDM_2/HB17436.JPG,17,BRDM_2,HB17436
data/raw/Padded_imgs/BRDM_2/HB17439.JPG,17,BRDM_2,HB17439
data/raw/Padded_imgs/BRDM_2/HB17441.JPG,17,BRDM_2,HB17441
data/raw/Padded_imgs/BRDM_2/HB17444.JPG,17,BRDM_2,HB17444
data/raw/Padded_imgs/BRDM_2/HB17446.JPG,17,BRDM_2,HB17446
data/raw/Padded_imgs/BRDM_2/HB17449.JPG,17,BRDM_2,HB17449
data/raw/Padded_imgs/BRDM_2/HB17451.JPG,17,BRDM_2,HB17451
data/raw/Padded_imgs/BRDM_2/HB17454.JPG,17,BRDM_2,HB17454
data/raw/Padded_imgs/BRDM_2/HB17456.JPG,17,BRDM_2,HB17456
data/raw/Padded_imgs/BRDM_2/HB17459.JPG,17,BRDM_2,HB17459
data/raw/Padded_imgs/BRDM_2/HB17462.JPG,17,BRDM_2,HB17462
data/raw/Padded_imgs/BRDM_2/HB17464.JPG,17,BRDM_2,HB17464
data/raw/Padded_imgs/BRDM_2/HB17467.JPG,17,BRDM_2,HB17467
data/raw/Padded_imgs/BRDM_2/HB17469.JPG,17,BRDM_2,HB17469
data/raw/Padded_imgs/BRDM_2/HB17472.JPG,17,BRDM_2,HB17472
data/raw/Padded_imgs/BRDM_2/HB17474.JPG,17,BRDM_2,HB17474
data/raw/Padded_imgs/BRDM_2/HB17477.JPG,17,BRDM_2,HB17477
data/raw/Padded_imgs/BRDM_2/HB17480.JPG,17,BRDM_2,HB17480
data/raw/Padded_imgs/BRDM_2/HB17482.JPG,17,BRDM_2,HB17482
data/raw/Padded_imgs/BRDM_2/HB17485.JPG,17,BRDM_2,HB17485
data/raw/Padded_imgs/BRDM_2/HB17487.JPG,17,BRDM_2,HB17487
data/raw/Padded_imgs/BRDM_2/HB17489.JPG,17,BRDM_2,HB17489
data/raw/Padded_imgs/BRDM_2/HB17492.JPG,17,BRDM_2,HB17492
data/raw/Padded_imgs/BRDM_2/HB17497.JPG,17,BRDM_2,HB17497
data/raw/Padded_imgs/BRDM_2/HB17499.JPG,17,BRDM_2,HB17499
data/raw/Padded_imgs/BRDM_2/HB17502.JPG,17,BRDM_2,HB17502
data/raw/Padded_imgs/BRDM_2/HB17504.JPG,17,BRDM_2,HB17504
data/raw/Padded_imgs/BRDM_2/HB17507.JPG,17,BRDM_2,HB17507
data/raw/Padded_imgs/BRDM_2/HB17509.JPG,17,BRDM_2,HB17509
data/raw/Padded_imgs/BRDM_2/HB17512.JPG,17,BRDM_2,HB17512
data/raw/Padded_imgs/BRDM_2/HB17515.JPG,17,BRDM_2,HB17515
data/raw/Padded_imgs/BRDM_2/HB17518.JPG,17,BRDM_2,HB17518
data/raw/Padded_imgs/BRDM_2/HB19377.JPG,15,BRDM_2,HB19377
data/raw/Padded_imgs/BRDM_2/HB19379.JPG,15,BRDM_2,HB19379
data/raw/Padded_imgs/BRDM_2/HB19381.JPG,15,BRDM_2,HB19381
data/raw/Padded_imgs/BRDM_2/HB19383.JPG,15,BRDM_2,HB19383
data/raw/Padded_imgs/BRDM_2/HB19389.JPG,15,BRDM_2,HB19389
data/raw/Padded_imgs/BRDM_2/HB19390.JPG,15,BRDM_2,HB19390
data/raw/Padded_imgs/BRDM_2/HB19394.JPG,15,BRDM_2,HB19394
data/raw/Padded_imgs/BRDM_2/HB19396.JPG,15,BRDM_2,HB19396
data/raw/Padded_imgs/BRDM_2/HB19398.JPG,15,BRDM_2,HB19398
data/raw/Padded_imgs/BRDM_2/HB19400.JPG,15,BRDM_2,HB19400
data/raw/Padded_imgs/BRDM_2/HB19402.JPG,15,BRDM_2,HB19402
data/raw/Padded_imgs/BRDM_2/HB19404.JPG,15,BRDM_2,HB19404
data/raw/Padded_imgs/BRDM_2/HB19406.JPG,15,BRDM_2,HB19406
data/raw/Padded_imgs/BRDM_2/HB19408.JPG,15,BRDM_2,HB19408
data/raw/Padded_imgs/BRDM_2/HB19410.JPG,15,BRDM_2,HB19410
data/raw/Padded_imgs/BRDM_2/HB19412.JPG,15,BRDM_2,HB19412
data/raw/Padded_imgs/BRDM_2/HB19414.JPG,15,BRDM_2,HB19414
data/raw/Padded_imgs/BRDM_2/HB19416.JPG,15,BRDM_2,HB19416
data/raw/Padded_imgs/BRDM_2/HB19418.JPG,15,BRDM_2,HB19418
data/raw/Padded_imgs/BRDM_2/HB19420.JPG,15,BRDM_2,HB19420
data/raw/Padded_imgs/BRDM_2/HB19422.JPG,15,BRDM_2,HB19422
data/raw/Padded_imgs/BRDM_2/HB19424.JPG,15,BRDM_2,HB19424
data/raw/Padded_imgs/BRDM_2/HB19426.JPG,15,BRDM_2,HB19426
data/raw/Padded_imgs/BRDM_2/HB19430.JPG,15,BRDM_2,HB19430
data/raw/Padded_imgs/BRDM_2/HB19432.JPG,15,BRDM_2,HB19432
data/raw/Padded_imgs/BRDM_2/HB19434.JPG,15,BRDM_2,HB19434
data/raw/Padded_imgs/BRDM_2/HB19436.JPG,15,BRDM_2,HB19436
data/raw/Padded_imgs/BRDM_2/HB19438.JPG,15,BRDM_2,HB19438
data/raw/Padded_imgs/BRDM_2/HB19440.JPG,15,BRDM_2,HB19440
data/raw/Padded_imgs/BRDM_2/HB19442.JPG,15,BRDM_2,HB19442
data/raw/Padded_imgs/BRDM_2/HB19444.JPG,15,BRDM_2,HB19444
data/raw/Padded_imgs/BRDM_2/HB19446.JPG,15,BRDM_2,HB19446
data/raw/Padded_imgs/BRDM_2/HB19448.JPG,15,BRDM_2,HB19448
data/raw/Padded_imgs/BRDM_2/HB19450.JPG,15,BRDM_2,HB19450
data/raw/Padded_imgs/BRDM_2/HB19454.JPG,15,BRDM_2,HB19454
data/raw/Padded_imgs/BRDM_2/HB19456.JPG,15,BRDM_2,HB19456
data/raw/Padded_imgs/BRDM_2/HB19458.JPG,15,BRDM_2,HB19458
data/raw/Padded_imgs/BRDM_2/HB19460.JPG,15,BRDM_2,HB19460
data/raw/Padded_imgs/BRDM_2/HB19462.JPG,15,BRDM_2,HB19462
data/raw/Padded_imgs/BRDM_2/HB19464.JPG,15,BRDM_2,HB19464
data/raw/Padded_imgs/BRDM_2/HB19466.JPG,15,BRDM_2,HB19466
data/raw/Padded_imgs/BRDM_2/HB19468.JPG,15,BRDM_2,HB19468
data/raw/Padded_imgs/BRDM_2/HB19470.JPG,15,BRDM_2,HB19470
data/raw/Padded_imgs/BRDM_2/HB19472.JPG,15,BRDM_2,HB19472
data/raw/Padded_imgs/BRDM_2/HB19474.JPG,15,BRDM_2,HB19474
data/raw/Padded_imgs/BRDM_2/HB19476.JPG,15,BRDM_2,HB19476
data/raw/Padded_imgs/BRDM_2/HB19478.JPG,15,BRDM_2,HB19478
data/raw/Padded_imgs/BRDM_2/HB19479.JPG,15,BRDM_2,HB19479
data/raw/Padded_imgs/BRDM_2/HB19481.JPG,15,BRDM_2,HB19481
data/raw/Padded_imgs/BRDM_2/HB19483.JPG,15,BRDM_2,HB19483
data/raw/Padded_imgs/BRDM_2/HB19487.JPG,15,BRDM_2,HB19487
data/raw/Padded_imgs/BRDM_2/HB19491.JPG,15,BRDM_2,HB19491
data/raw/Padded_imgs/BRDM_2/HB19495.JPG,15,BRDM_2,HB19495
data/raw/Padded_imgs/BRDM_2/HB19499.JPG,15,BRDM_2,HB19499
data/raw/Padded_imgs/BRDM_2/HB19501.JPG,15,BRDM_2,HB19501
data/raw/Padded_imgs/BRDM_2/HB19503.JPG,15,BRDM_2,HB19503
data/raw/Padded_imgs/BRDM_2/HB19505.JPG,15,BRDM_2,HB19505
data/raw/Padded_imgs/BRDM_2/HB19507.JPG,15,BRDM_2,HB19507
data/raw/Padded_imgs/BRDM_2/HB19508.JPG,15,BRDM_2,HB19508
data/raw/Padded_imgs/BRDM_2/HB19512.JPG,15,BRDM_2,HB19512
data/raw/Padded_imgs/BRDM_2/HB19514.JPG,15,BRDM_2,HB19514
data/raw/Padded_imgs/BRDM_2/HB19516.JPG,15,BRDM_2,HB19516
data/raw/Padded_imgs/BRDM_2/HB19518.JPG,15,BRDM_2,HB19518
data/raw/Padded_imgs/BRDM_2/HB19520.JPG,15,BRDM_2,HB19520
data/raw/Padded_imgs/BRDM_2/HB19522.JPG,15,BRDM_2,HB19522
data/raw/Padded_imgs/BRDM_2/HB19526.JPG,15,BRDM_2,HB19526
data/raw/Padded_imgs/BRDM_2/HB19528.JPG,15,BRDM_2,HB19528
data/raw/Padded_imgs/BRDM_2/HB19530.JPG,15,BRDM_2,HB19530
data/raw/Padded_imgs/BRDM_2/HB19534.JPG,15,BRDM_2,HB19534
data/raw/Padded_imgs/BRDM_2/HB19536.JPG,15,BRDM_2,HB19536
data/raw/Padded_imgs/BRDM_2/HB19538.JPG,15,BRDM_2,HB19538
data/raw/Padded_imgs/BRDM_2/HB19540.JPG,15,BRDM_2,HB19540
data/raw/Padded_imgs/BRDM_2/HB19542.JPG,15,BRDM_2,HB19542
data/raw/Padded_imgs/BRDM_2/HB19544.JPG,15,BRDM_2,HB19544
data/raw/Padded_imgs/BRDM_2/HB19545.JPG,15,BRDM_2,HB19545
data/raw/Padded_imgs/BRDM_2/HB19547.JPG,15,BRDM_2,HB19547
data/raw/Padded_imgs/BRDM_2/HB19549.JPG,15,BRDM_2,HB19549
data/raw/Padded_imgs/BRDM_2/HB19551.JPG,15,BRDM_2,HB19551
data/raw/Padded_imgs/BRDM_2/HB19553.JPG,15,BRDM_2,HB19553
data/raw/Padded_imgs/BRDM_2/HB19555.JPG,15,BRDM_2,HB19555
data/raw/Padded_imgs/BRDM_2/HB19557.JPG,15,BRDM_2,HB19557
data/raw/Padded_imgs/BRDM_2/HB19559.JPG,15,BRDM_2,HB19559
data/raw/Padded_imgs/BRDM_2/HB19561.JPG,15,BRDM_2,HB19561
data/raw/Padded_imgs/BRDM_2/HB19563.JPG,15,BRDM_2,HB19563
data/raw/Padded_imgs/BRDM_2/HB19567.JPG,15,BRDM_2,HB19567
data/raw/Padded_imgs/BRDM_2/HB19569.JPG,15,BRDM_2,HB19569
data/raw/Padded_imgs/BRDM_2/HB19571.JPG,15,BRDM_2,HB19571
data/raw/Padded_imgs/BRDM_2/HB19573.JPG,15,BRDM_2,HB19573
data/raw/Padded_imgs/BRDM_2/HB19575.JPG,15,BRDM_2,HB19575
data/raw/Padded_imgs/BRDM_2/HB19579.JPG,15,BRDM_2,HB19579
data/raw/Padded_imgs/BRDM_2/HB19581.JPG,15,BRDM_2,HB19581
data/raw/Padded_imgs/BRDM_2/HB19583.JPG,15,BRDM_2,HB19583
data/raw/Padded_imgs/BRDM_2/HB19780.JPG,15,BRDM_2,HB19780
data/raw/Padded_imgs/BRDM_2/HB19781.JPG,15,BRDM_2,HB19781
data/raw/Padded_imgs/BRDM_2/HB19782.JPG,15,BRDM_2,HB19782
data/raw/Padded_imgs/BRDM_2/HB19783.JPG,15,BRDM_2,HB19783
data/raw/Padded_imgs/BRDM_2/HB19784.JPG,15,BRDM_2,HB19784
data/raw/Padded_imgs/BRDM_2/HB19785.JPG,15,BRDM_2,HB19785
data/raw/Padded_imgs/BRDM_2/HB19786.JPG,15,BRDM_2,HB19786
data/raw/Padded_imgs/BRDM_2/HB19787.JPG,15,BRDM_2,HB19787
data/raw/Padded_imgs/BRDM_2/HB19788.JPG,15,BRDM_2,HB19788
data/raw/Padded_imgs/BRDM_2/HB19789.JPG,15,BRDM_2,HB19789
data/raw/Padded_imgs/BRDM_2/HB19790.JPG,15,BRDM_2,HB19790
data/raw/Padded_imgs/BRDM_2/HB19791.JPG,15,BRDM_2,HB19791
data/raw/Padded_imgs/BRDM_2/HB19792.JPG,15,BRDM_2,HB19792
data/raw/Padded_imgs/BRDM_2/HB19793.JPG,15,BRDM_2,HB19793
data/raw/Padded_imgs/BRDM_2/HB19794.JPG,15,BRDM_2,HB19794
data/raw/Padded_imgs/BRDM_2/HB19795.JPG,15,BRDM_2,HB19795
data/raw/Padded_imgs/BRDM_2/HB19797.JPG,15,BRDM_2,HB19797
data/raw/Padded_imgs/BRDM_2/HB19798.JPG,15,BRDM_2,HB19798
data/raw/Padded_imgs/BRDM_2/HB19799.JPG,15,BRDM_2,HB19799
data/raw/Padded_imgs/BRDM_2/HB19801.JPG,15,BRDM_2,HB19801
data/raw/Padded_imgs/BRDM_2/HB19803.JPG,15,BRDM_2,HB19803
data/raw/Padded_imgs/BRDM_2/HB19804.JPG,15,BRDM_2,HB19804
data/raw/Padded_imgs/BRDM_2/HB19805.JPG,15,BRDM_2,HB19805
data/raw/Padded_imgs/BRDM_2/HB19806.JPG,15,BRDM_2,HB19806
data/raw/Padded_imgs/BRDM_2/HB19807.JPG,15,BRDM_2,HB19807
data/raw/Padded_imgs/BRDM_2/HB19808.JPG,15,BRDM_2,HB19808
data/raw/Padded_imgs/BRDM_2/HB19809.JPG,15,BRDM_2,HB19809
data/raw/Padded_imgs/BRDM_2/HB19810.JPG,15,BRDM_2,HB19810
data/raw/Padded_imgs/BRDM_2/HB19811.JPG,15,BRDM_2,HB19811
data/raw/Padded_imgs/BRDM_2/HB19812.JPG,15,BRDM_2,HB19812
data/raw/Padded_imgs/BRDM_2/HB19813.JPG,15,BRDM_2,HB19813
data/raw/Padded_imgs/BRDM_2/HB19814.JPG,15,BRDM_2,HB19814
data/raw/Padded_imgs/BRDM_2/HB19816.JPG,15,BRDM_2,HB19816
data/raw/Padded_imgs/BRDM_2/HB19817.JPG,17,BRDM_2,HB19817
data/raw/Padded_imgs/BRDM_2/HB19818.JPG,15,BRDM_2,HB19818
data/raw/Padded_imgs/BRDM_2/HB19820.JPG,15,BRDM_2,HB19820
data/raw/Padded_imgs/BRDM_2/HB19821.JPG,15,BRDM_2,HB19821
data/raw/Padded_imgs/BRDM_2/HB19822.JPG,15,BRDM_2,HB19822
data/raw/Padded_imgs/BRDM_2/HB19823.JPG,15,BRDM_2,HB19823
data/raw/Padded_imgs/BRDM_2/HB19824.JPG,15,BRDM_2,HB19824
data/raw/Padded_imgs/BRDM_2/HB19825.JPG,15,BRDM_2,HB19825
data/raw/Padded_imgs/BRDM_2/HB19826.JPG,15,BRDM_2,HB19826
data/raw/Padded_imgs/BRDM_2/HB19827.JPG,15,BRDM_2,HB19827
data/raw/Padded_imgs/BRDM_2/HB19828.JPG,15,BRDM_2,HB19828
data/raw/Padded_imgs/BRDM_2/HB19829.JPG,15,BRDM_2,HB19829
data/raw/Padded_imgs/BRDM_2/HB19830.JPG,15,BRDM_2,HB19830
data/raw/Padded_imgs/BRDM_2/HB19831.JPG,15,BRDM_2,HB19831
data/raw/Padded_imgs/BRDM_2/HB19833.JPG,15,BRDM_2,HB19833
data/raw/Padded_imgs/BRDM_2/HB19834.JPG,15,BRDM_2,HB19834
data/raw/Padded_imgs/BRDM_2/HB19835.JPG,15,BRDM_2,HB19835
data/raw/Padded_imgs/BRDM_2/HB19836.JPG,15,BRDM_2,HB19836
data/raw/Padded_imgs/BRDM_2/HB19838.JPG,15,BRDM_2,HB19838
data/raw/Padded_imgs/BRDM_2/HB19839.JPG,15,BRDM_2,HB19839
data/raw/Padded_imgs/BRDM_2/HB19840.JPG,15,BRDM_2,HB19840
data/raw/Padded_imgs/BRDM_2/HB19841.JPG,15,BRDM_2,HB19841
data/raw/Padded_imgs/BRDM_2/HB19842.JPG,15,BRDM_2,HB19842
data/raw/Padded_imgs/BRDM_2/HB19843.JPG,15,BRDM_2,HB19843
data/raw/Padded_imgs/BRDM_2/HB19844.JPG,15,BRDM_2,HB19844
data/raw/Padded_imgs/BRDM_2/HB19845.JPG,15,BRDM_2,HB19845
data/raw/Padded_imgs/BRDM_2/HB19846.JPG,15,BRDM_2,HB19846
data/raw/Padded_imgs/BRDM_2/HB19847.JPG,15,BRDM_2,HB19847
data/raw/Padded_imgs/BRDM_2/HB19848.JPG,15,BRDM_2,HB19848
data/raw/Padded_imgs/BRDM_2/HB19849.JPG,15,BRDM_2,HB19849
data/raw/Padded_imgs/BRDM_2/HB19850.JPG,15,BRDM_2,HB19850
data/raw/Padded_imgs/BRDM_2/HB19851.JPG,15,BRDM_2,HB19851
data/raw/Padded_imgs/BRDM_2/HB19852.JPG,15,BRDM_2,HB19852
data/raw/Padded_imgs/BRDM_2/HB19853.JPG,15,BRDM_2,HB19853
data/raw/Padded_imgs/BRDM_2/HB19854.JPG,15,BRDM_2,HB19854
data/raw/Padded_imgs/BRDM_2/HB19855.JPG,15,BRDM_2,HB19855
data/raw/Padded_imgs/BRDM_2/HB19856.JPG,15,BRDM_2,HB19856
data/raw/Padded_imgs/BRDM_2/HB19857.JPG,15,BRDM_2,HB19857
data/raw/Padded_imgs/BRDM_2/HB19858.JPG,15,BRDM_2,HB19858
data/raw/Padded_imgs/BRDM_2/HB19859.JPG,15,BRDM_2,HB19859
data/raw/Padded_imgs/BRDM_2/HB19860.JPG,15,BRDM_2,HB19860
data/raw/Padded_imgs/BRDM_2/HB19861.JPG,15,BRDM_2,HB19861
data/raw/Padded_imgs/BRDM_2/HB19862.JPG,15,BRDM_2,HB19862
data/raw/Padded_imgs/BRDM_2/HB19863.JPG,15,BRDM_2,HB19863
data/raw/Padded_imgs/BRDM_2/HB19864.JPG,15,BRDM_2,HB19864
data/raw/Padded_imgs/BRDM_2/HB19865.JPG,15,BRDM_2,HB19865
data/raw/Padded_imgs/BRDM_2/HB19867.JPG,15,BRDM_2,HB19867
data/raw/Padded_imgs/BRDM_2/HB19868.JPG,15,BRDM_2,HB19868
data/raw/Padded_imgs/BRDM_2/HB19869.JPG,15,BRDM_2,HB19869
data/raw/Padded_imgs/BRDM_2/HB19871.JPG,15,BRDM_2,HB19871
data/raw/Padded_imgs/BRDM_2/HB19872.JPG,15,BRDM_2,HB19872
data/raw/Padded_imgs/BRDM_2/HB19873.JPG,15,BRDM_2,HB19873
data/raw/Padded_imgs/BRDM_2/HB19874.JPG,15,BRDM_2,HB19874
data/raw/Padded_imgs/BRDM_2/HB19875.JPG,15,BRDM_2,HB19875
data/raw/Padded_imgs/BRDM_2/HB19876.JPG,15,BRDM_2,HB19876
data/raw/Padded_imgs/BRDM_2/HB19877.JPG,15,BRDM_2,HB19877
data/raw/Padded_imgs/BRDM_2/HB19878.JPG,15,BRDM_2,HB19878
data/raw/Padded_imgs/BRDM_2/HB19879.JPG,15,BRDM_2,HB19879
data/raw/Padded_imgs/BRDM_2/HB19880.JPG,15,BRDM_2,HB19880
data/raw/Padded_imgs/BRDM_2/HB19881.JPG,15,BRDM_2,HB19881
data/raw/Padded_imgs/BRDM_2/HB19882.JPG,15,BRDM_2,HB19882
data/raw/Padded_imgs/BRDM_2/HB19883.JPG,15,BRDM_2,HB19883
data/raw/Padded_imgs/BRDM_2/HB19884.JPG,15,BRDM_2,HB19884
data/raw/Padded_imgs/BRDM_2/HB19885.JPG,15,BRDM_2,HB19885
data/raw/Padded_imgs/BRDM_2/HB19887.JPG,15,BRDM_2,HB19887
data/raw/Padded_imgs/BRDM_2/HB19888.JPG,15,BRDM_2,HB19888
data/raw/Padded_imgs/BRDM_2/HB19889.JPG,15,BRDM_2,HB19889
data/raw/Padded_imgs/BRDM_2/HB19890.JPG,15,BRDM_2,HB19890
data/raw/Padded_imgs/BRDM_2/HB19891.JPG,15,BRDM_2,HB19891
data/raw/Padded_imgs/BRDM_2/HB19892.JPG,15,BRDM_2,HB19892
data/raw/Padded_imgs/BRDM_2/HB19893.JPG,15,BRDM_2,HB19893
data/raw/Padded_imgs/BRDM_2/HB19894.JPG,15,BRDM_2,HB19894
data/raw/Padded_imgs/BRDM_2/HB19895.JPG,15,BRDM_2,HB19895
data/raw/Padded_imgs/BRDM_2/HB19896.JPG,15,BRDM_2,HB19896
data/raw/Padded_imgs/BRDM_2/HB19897.JPG,15,BRDM_2,HB19897
data/raw/Padded_imgs/BRDM_2/HB19898.JPG,15,BRDM_2,HB19898
data/raw/Padded_imgs/BRDM_2/HB19899.JPG,15,BRDM_2,HB19899
data/raw/Padded_imgs/BRDM_2/HB19901.JPG,15,BRDM_2,HB19901
data/raw/Padded_imgs/BRDM_2/HB19902.JPG,15,BRDM_2,HB19902
data/raw/Padded_imgs/BRDM_2/HB19903.JPG,15,BRDM_2,HB19903
data/raw/Padded_imgs/BRDM_2/HB19906.JPG,15,BRDM_2,HB19906
data/raw/Padded_imgs/BRDM_2/HB19907.JPG,15,BRDM_2,HB19907
data/raw/Padded_imgs/BRDM_2/HB19908.JPG,15,BRDM_2,HB19908
data/raw/Padded_imgs/BRDM_2/HB19909.JPG,15,BRDM_2,HB19909
data/raw/Padded_imgs/BRDM_2/HB19910.JPG,15,BRDM_2,HB19910
data/raw/Padded_imgs/BRDM_2/HB19911.JPG,15,BRDM_2,HB19911
data/raw/Padded_imgs/BRDM_2/HB19912.JPG,15,BRDM_2,HB19912
data/raw/Padded_imgs/BRDM_2/HB19913.JPG,15,BRDM_2,HB19913
data/raw/Padded_imgs/BRDM_2/HB19914.JPG,15,BRDM_2,HB19914
data/raw/Padded_imgs/BRDM_2/HB19915.JPG,15,BRDM_2,HB19915
data/raw/Padded_imgs/BRDM_2/HB19916.JPG,15,BRDM_2,HB19916
data/raw/Padded_imgs/BRDM_2/HB19917.JPG,17,BRDM_2,HB19917
data/raw/Padded_imgs/BRDM_2/HB19918.JPG,15,BRDM_2,HB19918
data/raw/Padded_imgs/BRDM_2/HB19919.JPG,15,BRDM_2,HB19919
data/raw/Padded_imgs/BRDM_2/HB19920.JPG,15,BRDM_2,HB19920
data/raw/Padded_imgs/BRDM_2/HB19923.JPG,15,BRDM_2,HB19923
data/raw/Padded_imgs/BRDM_2/HB19924.JPG,15,BRDM_2,HB19924
data/raw/Padded_imgs/BRDM_2/HB19925.JPG,15,BRDM_2,HB19925
data/raw/Padded_imgs/BRDM_2/HB19926.JPG,15,BRDM_2,HB19926
data/raw/Padded_imgs/BRDM_2/HB19927.JPG,15,BRDM_2,HB19927
data/raw/Padded_imgs/BRDM_2/HB19928.JPG,15,BRDM_2,HB19928
data/raw/Padded_imgs/BRDM_2/HB19929.JPG,15,BRDM_2,HB19929
data/raw/Padded_imgs/BRDM_2/HB19930.JPG,15,BRDM_2,HB19930
data/raw/Padded_imgs/BRDM_2/HB19931.JPG,15,BRDM_2,HB19931
data/raw/Padded_imgs/BRDM_2/HB19932.JPG,15,BRDM_2,HB19932
data/raw/Padded_imgs/BRDM_2/HB19933.JPG,15,BRDM_2,HB19933
data/raw/Padded_imgs/BRDM_2/HB19934.JPG,15,BRDM_2,HB19934
data/raw/Padded_imgs/BRDM_2/HB19935.JPG,15,BRDM_2,HB19935
data/raw/Padded_imgs/BRDM_2/HB19936.JPG,15,BRDM_2,HB19936
data/raw/Padded_imgs/BRDM_2/HB19938.JPG,15,BRDM_2,HB19938
data/raw/Padded_imgs/BRDM_2/HB19939.JPG,15,BRDM_2,HB19939
data/raw/Padded_imgs/BRDM_2/HB19941.JPG,15,BRDM_2,HB19941
data/raw/Padded_imgs/BRDM_2/HB19942.JPG,15,BRDM_2,HB19942
data/raw/Padded_imgs/BRDM_2/HB19943.JPG,15,BRDM_2,HB19943
data/raw/Padded_imgs/BRDM_2/HB19944.JPG,15,BRDM_2,HB19944
data/raw/Padded_imgs/BRDM_2/HB19945.JPG,15,BRDM_2,HB19945
data/raw/Padded_imgs/BRDM_2/HB19946.JPG,15,BRDM_2,HB19946
data/raw/Padded_imgs/BRDM_2/HB19947.JPG,15,BRDM_2,HB19947
data/raw/Padded_imgs/BRDM_2/HB19949.JPG,15,BRDM_2,HB19949
data/raw/Padded_imgs/BRDM_2/HB19950.JPG,15,BRDM_2,HB19950
data/raw/Padded_imgs/BRDM_2/HB19951.JPG,15,BRDM_2,HB19951
data/raw/Padded_imgs/BRDM_2/HB19952.JPG,15,BRDM_2,HB19952
data/raw/Padded_imgs/BRDM_2/HB19953.JPG,15,BRDM_2,HB19953
data/raw/Padded_imgs/BRDM_2/HB19954.JPG,15,BRDM_2,HB19954
data/raw/Padded_imgs/BRDM_2/HB19955.JPG,15,BRDM_2,HB19955
data/raw/Padded_imgs/BRDM_2/HB19957.JPG,15,BRDM_2,HB19957
data/raw/Padded_imgs/BRDM_2/HB19958.JPG,15,BRDM_2,HB19958
data/raw/Padded_imgs/BRDM_2/HB19959.JPG,15,BRDM_2,HB19959
data/raw/Padded_imgs/BRDM_2/HB19960.JPG,15,BRDM_2,HB19960
data/raw/Padded_imgs/BRDM_2/HB19961.JPG,15,BRDM_2,HB19961
data/raw/Padded_imgs/BRDM_2/HB19962.JPG,15,BRDM_2,HB19962
data/raw/Padded_imgs/BRDM_2/HB19963.JPG,15,BRDM_2,HB19963
data/raw/Padded_imgs/BRDM_2/HB19964.JPG,15,BRDM_2,HB19964
data/raw/Padded_imgs/BRDM_2/HB19965.JPG,15,BRDM_2,HB19965
data/raw/Padded_imgs/BRDM_2/HB19966.JPG,15,BRDM_2,HB19966
data/raw/Padded_imgs/BRDM_2/HB19967.JPG,15,BRDM_2,HB19967
data/raw/Padded_imgs/BRDM_2/HB19968.JPG,15,BRDM_2,HB19968
data/raw/Padded_imgs/BRDM_2/HB19969.JPG,15,BRDM_2,HB19969
data/raw/Padded_imgs/BRDM_2/HB19971.JPG,15,BRDM_2,HB19971
data/raw/Padded_imgs/BRDM_2/HB19972.JPG,15,BRDM_2,HB19972
data/raw/Padded_imgs/BRDM_2/HB19973.JPG,15,BRDM_2,HB19973
data/raw/Padded_imgs/BRDM_2/HB19975.JPG,15,BRDM_2,HB19975
data/raw/Padded_imgs/BRDM_2/HB19976.JPG,15,BRDM_2,HB19976
data/raw/Padded_imgs/BRDM_2/HB19977.JPG,15,BRDM_2,HB19977
data/raw/Padded_imgs/BRDM_2/HB19978.JPG,15,BRDM_2,HB19978
data/raw/Padded_imgs/BRDM_2/HB19979.JPG,15,BRDM_2,HB19979
data/raw/Padded_imgs/BRDM_2/HB19980.JPG,15,BRDM_2,HB19980
data/raw/Padded_imgs/BRDM_2/HB19981.JPG,15,BRDM_2,HB19981
data/raw/Padded_imgs/BRDM_2/HB19982.JPG,15,BRDM_2,HB19982
data/raw/Padded_imgs/BRDM_2/HB19983.JPG,15,BRDM_2,HB19983
data/raw/Padded_imgs/BRDM_2/HB19984.JPG,15,BRDM_2,HB19984
data/raw/Padded_imgs/BRDM_2/HB19986.JPG,15,BRDM_2,HB19986
data/raw/Padded_imgs/BRDM_2/HB19987.JPG,15,BRDM_2,HB19987
data/raw/Padded_imgs/BRDM_2/HB19988.JPG,15,BRDM_2,HB19988
data/raw/Padded_imgs/BRDM_2/HB19989.JPG,15,BRDM_2,HB19989
data/raw/Padded_imgs/BRDM_2/HB19990.JPG,15,BRDM_2,HB19990
data/raw/Padded_imgs/BRDM_2/HB19992.JPG,15,BRDM_2,HB19992
data/raw/Padded_imgs/BRDM_2/HB19993.JPG,15,BRDM_2,HB19993
data/raw/Padded_imgs/BRDM_2/HB19994.JPG,15,BRDM_2,HB19994
data/raw/Padded_imgs/BRDM_2/HB19995.JPG,15,BRDM_2,HB19995
data/raw/Padded_imgs/BRDM_2/HB19996.JPG,15,BRDM_2,HB19996
data/raw/Padded_imgs/BRDM_2/HB19997.JPG,15,BRDM_2,HB19997
data/raw/Padded_imgs/BRDM_2/HB19998.JPG,15,BRDM_2,HB19998
data/raw/Padded_imgs/BRDM_2/HB19999.JPG,15,BRDM_2,HB19999
data/raw/Padded_imgs/BRDM_2/HB20000.JPG,15,BRDM_2,HB20000
data/raw/Padded_imgs/BRDM_2/HB20001.JPG,15,BRDM_2,HB20001
data/raw/Padded_imgs/BRDM_2/HB20002.JPG,15,BRDM_2,HB20002
data/raw/Padded_imgs/BRDM_2/HB20007.JPG,15,BRDM_2,HB20007
data/raw/Padded_imgs/BRDM_2/HB20008.JPG,15,BRDM_2,HB20008
data/raw/Padded_imgs/BRDM_2/HB20009.JPG,15,BRDM_2,HB20009
data/raw/Padded_imgs/BRDM_2/HB20010.JPG,15,BRDM_2,HB20010
data/raw/Padded_imgs/BRDM_2/HB20011.JPG,15,BRDM_2,HB20011
data/raw/Padded_imgs/BRDM_2/HB20012.JPG,15,BRDM_2,HB20012
data/raw/Padded_imgs/BTR_60/HB03333 (another copy).JPG,15,BTR_60,HB03333 (another copy)
data/raw/Padded_imgs/BTR_60/HB03333 (copy).JPG,15,BTR_60,HB03333 (copy)
data/raw/Padded_imgs/BTR_60/HB03333.JPG,15,BTR_60,HB03333
data/raw/Padded_imgs/BTR_60/HB03334 (another copy).JPG,15,BTR_60,HB03334 (another copy)
data/raw/Padded_imgs/BTR_60/HB03334 (copy).JPG,15,BTR_60,HB03334 (copy)
data/raw/Padded_imgs/BTR_60/HB03334.JPG,15,BTR_60,HB03334
data/raw/Padded_imgs/BTR_60/HB03335 (another copy).JPG,15,BTR_60,HB03335 (another copy)
data/raw/Padded_imgs/BTR_60/HB03335 (copy).JPG,15,BTR_60,HB03335 (copy)
data/raw/Padded_imgs/BTR_60/HB03335.JPG,15,BTR_60,HB03335
data/raw/Padded_imgs/BTR_60/HB03337 (another copy).JPG,15,BTR_60,HB03337 (another copy)
data/raw/Padded_imgs/BTR_60/HB03337 (copy).JPG,15,BTR_60,HB03337 (copy)
data/raw/Padded_imgs/BTR_60/HB03337.JPG,15,BTR_60,HB03337
data/raw/Padded_imgs/BTR_60/HB03338 (another copy).JPG,15,BTR_60,HB03338 (another copy)
data/raw/Padded_imgs/BTR_60/HB03338 (copy).JPG,15,BTR_60,HB03338 (copy)
data/raw/Padded_imgs/BTR_60/HB03338.JPG,15,BTR_60,HB03338
data/raw/Padded_imgs/BTR_60/HB03340 (another copy).JPG,15,BTR_60,HB03340 (another copy)
data/raw/Padded_imgs/BTR_60/HB03340 (copy).JPG,15,BTR_60,HB03340 (copy)
data/raw/Padded_imgs/BTR_60/HB03340.JPG,15,BTR_60,HB03340
data/raw/Padded_imgs/BTR_60/HB03341 (another copy).JPG,15,BTR_60,HB03341 (another copy)
data/raw/Padded_imgs/BTR_60/HB03341 (copy).JPG,15,BTR_60,HB03341 (copy)
data/raw/Padded_imgs/BTR_60/HB03341.JPG,15,BTR_60,HB03341
data/raw/Padded_imgs/BTR_60/HB03342 (another copy).JPG,15,BTR_60,HB03342 (another copy)
data/raw/Padded_imgs/BTR_60/HB03342 (copy).JPG,15,BTR_60,HB03342 (copy)
data/raw/Padded_imgs/BTR_60/HB03342.JPG,15,BTR_60,HB03342
data/raw/Padded_imgs/BTR_60/HB03343 (another copy).JPG,15,BTR_60,HB03343 (another copy)
data/raw/Padded_imgs/BTR_60/HB03343 (copy).JPG,15,BTR_60,HB03343 (copy)
data/raw/Padded_imgs/BTR_60/HB03343.JPG,15,BTR_60,HB03343
data/raw/Padded_imgs/BTR_60/HB03344 (another copy).JPG,15,BTR_60,HB03344 (another copy)
data/raw/Padded_imgs/BTR_60/HB03344 (copy).JPG,15,BTR_60,HB03344 (copy)
data/raw/Padded_imgs/BTR_60/HB03344.JPG,15,BTR_60,HB03344
data/raw/Padded_imgs/BTR_60/HB03347 (another copy).JPG,15,BTR_60,HB03347 (another copy)
data/raw/Padded_imgs/BTR_60/HB03347 (copy).JPG,15,BTR_60,HB03347 (copy)
data/raw/Padded_imgs/BTR_60/HB03347.JPG,15,BTR_60,HB03347
data/raw/Padded_imgs/BTR_60/HB03348 (another copy).JPG,15,BTR_60,HB03348 (another copy)
data/raw/Padded_imgs/BTR_60/HB03348 (copy).JPG,15,BTR_60,HB03348 (copy)
data/raw/Padded_imgs/BTR_60/HB03348.JPG,15,BTR_60,HB03348
data/raw/Padded_imgs/BTR_60/HB03351 (another copy).JPG,15,BTR_60,HB03351 (another copy)
data/raw/Padded_imgs/BTR_60/HB03351 (copy).JPG,15,BTR_60,HB03351 (copy)
data/raw/Padded_imgs/BTR_60/HB03351.JPG,15,BTR_60,HB03351
data/raw/Padded_imgs/BTR_60/HB03352 (another copy).JPG,15,BTR_60,HB03352 (another copy)
data/raw/Padded_imgs/BTR_60/HB03352 (copy).JPG,15,BTR_60,HB03352 (copy)
data/raw/Padded_imgs/BTR_60/HB03352.JPG,15,BTR_60,HB03352
data/raw/Padded_imgs/BTR_60/HB03353 (another copy).JPG,15,BTR_60,HB03353 (another copy)
data/raw/Padded_imgs/BTR_60/HB03353 (copy).JPG,15,BTR_60,HB03353 (copy)
data/raw/Padded_imgs/BTR_60/HB03353.JPG,15,BTR_60,HB03353
data/raw/Padded_imgs/BTR_60/HB03354 (another copy).JPG,15,BTR_60,HB03354 (another copy)
data/raw/Padded_imgs/BTR_60/HB03354 (copy).JPG,15,BTR_60,HB03354 (copy)
data/raw/Padded_imgs/BTR_60/HB03354.JPG,15,BTR_60,HB03354
data/raw/Padded_imgs/BTR_60/HB03355 (another copy).JPG,15,BTR_60,HB03355 (another copy)
data/raw/Padded_imgs/BTR_60/HB03355 (copy).JPG,15,BTR_60,HB03355 (copy)
data/raw/Padded_imgs/BTR_60/HB03355.JPG,15,BTR_60,HB03355
data/raw/Padded_imgs/BTR_60/HB03356 (another copy).JPG,15,BTR_60,HB03356 (another copy)
data/raw/Padded_imgs/BTR_60/HB03356 (copy).JPG,15,BTR_60,HB03356 (copy)
data/raw/Padded_imgs/BTR_60/HB03356.JPG,15,BTR_60,HB03356
data/raw/Padded_imgs/BTR_60/HB03358 (another copy).JPG,15,BTR_60,HB03358 (another copy)
data/raw/Padded_imgs/BTR_60/HB03358 (copy).JPG,15,BTR_60,HB03358 (copy)
data/raw/Padded_imgs/BTR_60/HB03358.JPG,15,BTR_60,HB03358
data/raw/Padded_imgs/BTR_60/HB03361 (another copy).JPG,15,BTR_60,HB03361 (another copy)
data/raw/Padded_imgs/BTR_60/HB03361 (copy).JPG,15,BTR_60,HB03361 (copy)
data/raw/Padded_imgs/BTR_60/HB03361.JPG,15,BTR_60,HB03361
data/raw/Padded_imgs/BTR_60/HB03363 (another copy).JPG,15,BTR_60,HB03363 (another copy)
data/raw/Padded_imgs/BTR_60/HB03363 (copy).JPG,15,BTR_60,HB03363 (copy)
data/raw/Padded_imgs/BTR_60/HB03363.JPG,15,BTR_60,HB03363
data/raw/Padded_imgs/BTR_60/HB03364 (another copy).JPG,15,BTR_60,HB03364 (another copy)
data/raw/Padded_imgs/BTR_60/HB03364 (copy).JPG,15,BTR_60,HB03364 (copy)
data/raw/Padded_imgs/BTR_60/HB03364.JPG,15,BTR_60,HB03364
data/raw/Padded_imgs/BTR_60/HB03365 (another copy).JPG,15,BTR_60,HB03365 (another copy)
data/raw/Padded_imgs/BTR_60/HB03365 (copy).JPG,15,BTR_60,HB03365 (copy)
data/raw/Padded_imgs/BTR_60/HB03365.JPG,15,BTR_60,HB03365
data/raw/Padded_imgs/BTR_60/HB03366 (another copy).JPG,15,BTR_60,HB03366 (another copy)
data/raw/Padded_imgs/BTR_60/HB03366 (copy).JPG,15,BTR_60,HB03366 (copy)
data/raw/Padded_imgs/BTR_60/HB03366.JPG,15,BTR_60,HB03366
data/raw/Padded_imgs/BTR_60/HB03367 (another copy).JPG,15,BTR_60,HB03367 (another copy)
data/raw/Padded_imgs/BTR_60/HB03367 (copy).JPG,15,BTR_60,HB03367 (copy)
data/raw/Padded_imgs/BTR_60/HB03367.JPG,15,BTR_60,HB03367
data/raw/Padded_imgs/BTR_60/HB03368 (another copy).JPG,15,BTR_60,HB03368 (another copy)
data/raw/Padded_imgs/BTR_60/HB03368 (copy).JPG,15,BTR_60,HB03368 (copy)
data/raw/Padded_imgs/BTR_60/HB03368.JPG,15,BTR_60,HB03368
data/raw/Padded_imgs/BTR_60/HB03375 (another copy).JPG,15,BTR_60,HB03375 (another copy)
data/raw/Padded_imgs/BTR_60/HB03375 (copy).JPG,15,BTR_60,HB03375 (copy)
data/raw/Padded_imgs/BTR_60/HB03375.JPG,15,BTR_60,HB03375
data/raw/Padded_imgs/BTR_60/HB03376 (another copy).JPG,15,BTR_60,HB03376 (another copy)
data/raw/Padded_imgs/BTR_60/HB03376 (copy).JPG,15,BTR_60,HB03376 (copy)
data/raw/Padded_imgs/BTR_60/HB03376.JPG,15,BTR_60,HB03376
data/raw/Padded_imgs/BTR_60/HB03377 (another copy).JPG,15,BTR_60,HB03377 (another copy)
data/raw/Padded_imgs/BTR_60/HB03377 (copy).JPG,15,BTR_60,HB03377 (copy)
data/raw/Padded_imgs/BTR_60/HB03377.JPG,15,BTR_60,HB03377
data/raw/Padded_imgs/BTR_60/HB03379 (another copy).JPG,15,BTR_60,HB03379 (another copy)
data/raw/Padded_imgs/BTR_60/HB03379 (copy).JPG,15,BTR_60,HB03379 (copy)
data/raw/Padded_imgs/BTR_60/HB03379.JPG,15,BTR_60,HB03379
data/raw/Padded_imgs/BTR_60/HB03380 (another copy).JPG,15,BTR_60,HB03380 (another copy)
data/raw/Padded_imgs/BTR_60/HB03380 (copy).JPG,15,BTR_60,HB03380 (copy)
data/raw/Padded_imgs/BTR_60/HB03380.JPG,15,BTR_60,HB03380
data/raw/Padded_imgs/BTR_60/HB03381 (another copy).JPG,15,BTR_60,HB03381 (another copy)
data/raw/Padded_imgs/BTR_60/HB03381 (copy).JPG,15,BTR_60,HB03381 (copy)
data/raw/Padded_imgs/BTR_60/HB03381.JPG,15,BTR_60,HB03381
data/raw/Padded_imgs/BTR_60/HB03382 (another copy).JPG,15,BTR_60,HB03382 (another copy)
data/raw/Padded_imgs/BTR_60/HB03382 (copy).JPG,15,BTR_60,HB03382 (copy)
data/raw/Padded_imgs/BTR_60/HB03382.JPG,15,BTR_60,HB03382
data/raw/Padded_imgs/BTR_60/HB03383 (another copy).JPG,15,BTR_60,HB03383 (another copy)
data/raw/Padded_imgs/BTR_60/HB03383 (copy).JPG,15,BTR_60,HB03383 (copy)
data/raw/Padded_imgs/BTR_60/HB03383.JPG,15,BTR_60,HB03383
data/raw/Padded_imgs/BTR_60/HB03384 (another copy).JPG,15,BTR_60,HB03384 (another copy)
data/raw/Padded_imgs/BTR_60/HB03384 (copy).JPG,15,BTR_60,HB03384 (copy)
data/raw/Padded_imgs/BTR_60/HB03384.JPG,15,BTR_60,HB03384
data/raw/Padded_imgs/BTR_60/HB03385 (another copy).JPG,15,BTR_60,HB03385 (another copy)
data/raw/Padded_imgs/BTR_60/HB03385 (copy).JPG,15,BTR_60,HB03385 (copy)
data/raw/Padded_imgs/BTR_60/HB03385.JPG,15,BTR_60,HB03385
data/raw/Padded_imgs/BTR_60/HB03386 (another copy).JPG,15,BTR_60,HB03386 (another copy)
data/raw/Padded_imgs/BTR_60/HB03386 (copy).JPG,15,BTR_60,HB03386 (copy)
data/raw/Padded_imgs/BTR_60/HB03386.JPG,15,BTR_60,HB03386
data/raw/Padded_imgs/BTR_60/HB03387 (another copy).JPG,15,BTR_60,HB03387 (another copy)
data/raw/Padded_imgs/BTR_60/HB03387 (copy).JPG,15,BTR_60,HB03387 (copy)
data/raw/Padded_imgs/BTR_60/HB03387.JPG,15,BTR_60,HB03387
data/raw/Padded_imgs/BTR_60/HB03395 (another copy).JPG,15,BTR_60,HB03395 (another copy)
data/raw/Padded_imgs/BTR_60/HB03395 (copy).JPG,15,BTR_60,HB03395 (copy)
data/raw/Padded_imgs/BTR_60/HB03395.JPG,15,BTR_60,HB03395
data/raw/Padded_imgs/BTR_60/HB03397 (another copy).JPG,15,BTR_60,HB03397 (another copy)
data/raw/Padded_imgs/BTR_60/HB03397 (copy).JPG,15,BTR_60,HB03397 (copy)
data/raw/Padded_imgs/BTR_60/HB03397.JPG,15,BTR_60,HB03397
data/raw/Padded_imgs/BTR_60/HB03398 (another copy).JPG,15,BTR_60,HB03398 (another copy)
data/raw/Padded_imgs/BTR_60/HB03398 (copy).JPG,15,BTR_60,HB03398 (copy)
data/raw/Padded_imgs/BTR_60/HB03398.JPG,15,BTR_60,HB03398
data/raw/Padded_imgs/BTR_60/HB03399 (another copy).JPG,15,BTR_60,HB03399 (another copy)
data/raw/Padded_imgs/BTR_60/HB03399 (copy).JPG,15,BTR_60,HB03399 (copy)
data/raw/Padded_imgs/BTR_60/HB03399.JPG,15,BTR_60,HB03399
data/raw/Padded_imgs/BTR_60/HB03400 (another copy).JPG,15,BTR_60,HB03400 (another copy)
data/raw/Padded_imgs/BTR_60/HB03400 (copy).JPG,15,BTR_60,HB03400 (copy)
data/raw/Padded_imgs/BTR_60/HB03400.JPG,15,BTR_60,HB03400
data/raw/Padded_imgs/BTR_60/HB03401 (another copy).JPG,15,BTR_60,HB03401 (another copy)
data/raw/Padded_imgs/BTR_60/HB03401 (copy).JPG,15,BTR_60,HB03401 (copy)
data/raw/Padded_imgs/BTR_60/HB03401.JPG,15,BTR_60,HB03401
data/raw/Padded_imgs/BTR_60/HB03402 (another copy).JPG,15,BTR_60,HB03402 (another copy)
data/raw/Padded_imgs/BTR_60/HB03402 (copy).JPG,15,BTR_60,HB03402 (copy)
data/raw/Padded_imgs/BTR_60/HB03402.JPG,15,BTR_60,HB03402
data/raw/Padded_imgs/BTR_60/HB03403 (another copy).JPG,15,BTR_60,HB03403 (another copy)
data/raw/Padded_imgs/BTR_60/HB03403 (copy).JPG,15,BTR_60,HB03403 (copy)
data/raw/Padded_imgs/BTR_60/HB03403.JPG,15,BTR_60,HB03403
data/raw/Padded_imgs/BTR_60/HB03405 (another copy).JPG,15,BTR_60,HB03405 (another copy)
data/raw/Padded_imgs/BTR_60/HB03405 (copy).JPG,15,BTR_60,HB03405 (copy)
data/raw/Padded_imgs/BTR_60/HB03405.JPG,15,BTR_60,HB03405
data/raw/Padded_imgs/BTR_60/HB03406 (another copy).JPG,15,BTR_60,HB03406 (another copy)
data/raw/Padded_imgs/BTR_60/HB03406 (copy).JPG,15,BTR_60,HB03406 (copy)
data/raw/Padded_imgs/BTR_60/HB03406.JPG,15,BTR_60,HB03406
data/raw/Padded_imgs/BTR_60/HB03407 (another copy).JPG,15,BTR_60,HB03407 (another copy)
data/raw/Padded_imgs/BTR_60/HB03407 (copy).JPG,15,BTR_60,HB03407 (copy)
data/raw/Padded_imgs/BTR_60/HB03407.JPG,15,BTR_60,HB03407
data/raw/Padded_imgs/BTR_60/HB03410 (another copy).JPG,15,BTR_60,HB03410 (another copy)
data/raw/Padded_imgs/BTR_60/HB03410 (copy).JPG,15,BTR_60,HB03410 (copy)
data/raw/Padded_imgs/BTR_60/HB03410.JPG,15,BTR_60,HB03410
data/raw/Padded_imgs/BTR_60/HB03414 (another copy).JPG,15,BTR_60,HB03414 (another copy)
data/raw/Padded_imgs/BTR_60/HB03414 (copy).JPG,15,BTR_60,HB03414 (copy)
data/raw/Padded_imgs/BTR_60/HB03414.JPG,15,BTR_60,HB03414
data/raw/Padded_imgs/BTR_60/HB03415 (another copy).JPG,15,BTR_60,HB03415 (another copy)
data/raw/Padded_imgs/BTR_60/HB03415 (copy).JPG,15,BTR_60,HB03415 (copy)
data/raw/Padded_imgs/BTR_60/HB03415.JPG,15,BTR_60,HB03415
data/raw/Padded_imgs/BTR_60/HB03416 (another copy).JPG,15,BTR_60,HB03416 (another copy)
data/raw/Padded_imgs/BTR_60/HB03416 (copy).JPG,15,BTR_60,HB03416 (copy)
data/raw/Padded_imgs/BTR_60/HB03416.JPG,15,BTR_60,HB03416
data/raw/Padded_imgs/BTR_60/HB03417 (another copy).JPG,17,BTR_60,HB03417 (another copy)
data/raw/Padded_imgs/BTR_60/HB03417 (copy).JPG,17,BTR_60,HB03417 (copy)
data/raw/Padded_imgs/BTR_60/HB03417.JPG,17,BTR_60,HB03417
data/raw/Padded_imgs/BTR_60/HB03418 (another copy).JPG,15,BTR_60,HB03418 (another copy)
data/raw/Padded_imgs/BTR_60/HB03418 (copy).JPG,15,BTR_60,HB03418 (copy)
data/raw/Padded_imgs/BTR_60/HB03418.JPG,15,BTR_60,HB03418
data/raw/Padded_imgs/BTR_60/HB03420 (another copy).JPG,15,BTR_60,HB03420 (another copy)
data/raw/Padded_imgs/BTR_60/HB03420 (copy).JPG,15,BTR_60,HB03420 (copy)
data/raw/Padded_imgs/BTR_60/HB03420.JPG,15,BTR_60,HB03420
data/raw/Padded_imgs/BTR_60/HB03422 (another copy).JPG,15,BTR_60,HB03422 (another copy)
data/raw/Padded_imgs/BTR_60/HB03422 (copy).JPG,15,BTR_60,HB03422 (copy)
data/raw/Padded_imgs/BTR_60/HB03422.JPG,15,BTR_60,HB03422
data/raw/Padded_imgs/BTR_60/HB03423 (another copy).JPG,15,BTR_60,HB03423 (another copy)
data/raw/Padded_imgs/BTR_60/HB03423 (copy).JPG,15,BTR_60,HB03423 (copy)
data/raw/Padded_imgs/BTR_60/HB03423.JPG,15,BTR_60,HB03423
data/raw/Padded_imgs/BTR_60/HB03424 (another copy).JPG,15,BTR_60,HB03424 (another copy)
data/raw/Padded_imgs/BTR_60/HB03424 (copy).JPG,15,BTR_60,HB03424 (copy)
data/raw/Padded_imgs/BTR_60/HB03424.JPG,15,BTR_60,HB03424
data/raw/Padded_imgs/BTR_60/HB03426 (another copy).JPG,15,BTR_60,HB03426 (another copy)
data/raw/Padded_imgs/BTR_60/HB03426 (copy).JPG,15,BTR_60,HB03426 (copy)
data/raw/Padded_imgs/BTR_60/HB03426.JPG,15,BTR_60,HB03426
data/raw/Padded_imgs/BTR_60/HB03427 (another copy).JPG,15,BTR_60,HB03427 (another copy)
data/raw/Padded_imgs/BTR_60/HB03427 (copy).JPG,15,BTR_60,HB03427 (copy)
data/raw/Padded_imgs/BTR_60/HB03427.JPG,15,BTR_60,HB03427
data/raw/Padded_imgs/BTR_60/HB03428 (another copy).JPG,15,BTR_60,HB03428 (another copy)
data/raw/Padded_imgs/BTR_60/HB03428 (copy).JPG,15,BTR_60,HB03428 (copy)
data/raw/Padded_imgs/BTR_60/HB03428.JPG,15,BTR_60,HB03428
data/raw/Padded_imgs/BTR_60/HB03429 (another copy).JPG,15,BTR_60,HB03429 (another copy)
data/raw/Padded_imgs/BTR_60/HB03429 (copy).JPG,15,BTR_60,HB03429 (copy)
data/raw/Padded_imgs/BTR_60/HB03429.JPG,15,BTR_60,HB03429
data/raw/Padded_imgs/BTR_60/HB03434 (another copy).JPG,15,BTR_60,HB03434 (another copy)
data/raw/Padded_imgs/BTR_60/HB03434 (copy).JPG,15,BTR_60,HB03434 (copy)
data/raw/Padded_imgs/BTR_60/HB03434.JPG,15,BTR_60,HB03434
data/raw/Padded_imgs/BTR_60/HB03435 (another copy).JPG,15,BTR_60,HB03435 (another copy)
data/raw/Padded_imgs/BTR_60/HB03435 (copy).JPG,15,BTR_60,HB03435 (copy)
data/raw/Padded_imgs/BTR_60/HB03435.JPG,15,BTR_60,HB03435
data/raw/Padded_imgs/BTR_60/HB03436 (another copy).JPG,15,BTR_60,HB03436 (another copy)
data/raw/Padded_imgs/BTR_60/HB03436 (copy).JPG,15,BTR_60,HB03436 (copy)
data/raw/Padded_imgs/BTR_60/HB03436.JPG,15,BTR_60,HB03436
data/raw/Padded_imgs/BTR_60/HB03437 (another copy).JPG,15,BTR_60,HB03437 (another copy)
data/raw/Padded_imgs/BTR_60/HB03437 (copy).JPG,15,BTR_60,HB03437 (copy)
data/raw/Padded_imgs/BTR_60/HB03437.JPG,15,BTR_60,HB03437
data/raw/Padded_imgs/BTR_60/HB03438 (another copy).JPG,15,BTR_60,HB03438 (another copy)
data/raw/Padded_imgs/BTR_60/HB03438 (copy).JPG,15,BTR_60,HB03438 (copy)
data/raw/Padded_imgs/BTR_60/HB03438.JPG,15,BTR_60,HB03438
data/raw/Padded_imgs/BTR_60/HB03439 (another copy).JPG,15,BTR_60,HB03439 (another copy)
data/raw/Padded_imgs/BTR_60/HB03439 (copy).JPG,15,BTR_60,HB03439 (copy)
data/raw/Padded_imgs/BTR_60/HB03439.JPG,15,BTR_60,HB03439
data/raw/Padded_imgs/BTR_60/HB03440 (another copy).JPG,15,BTR_60,HB03440 (another copy)
data/raw/Padded_imgs/BTR_60/HB03440 (copy).JPG,15,BTR_60,HB03440 (copy)
data/raw/Padded_imgs/BTR_60/HB03440.JPG,15,BTR_60,HB03440
data/raw/Padded_imgs/BTR_60/HB03441 (another copy).JPG,15,BTR_60,HB03441 (another copy)
data/raw/Padded_imgs/BTR_60/HB03441 (copy).JPG,15,BTR_60,HB03441 (copy)
data/raw/Padded_imgs/BTR_60/HB03441.JPG,15,BTR_60,HB03441
data/raw/Padded_imgs/BTR_60/HB03442 (another copy).JPG,15,BTR_60,HB03442 (another copy)
data/raw/Padded_imgs/BTR_60/HB03442 (copy).JPG,15,BTR_60,HB03442 (copy)
data/raw/Padded_imgs/BTR_60/HB03442.JPG,15,BTR_60,HB03442
data/raw/Padded_imgs/BTR_60/HB03443 (another copy).JPG,15,BTR_60,HB03443 (another copy)
data/raw/Padded_imgs/BTR_60/HB03443 (copy).JPG,15,BTR_60,HB03443 (copy)
data/raw/Padded_imgs/BTR_60/HB03443.JPG,15,BTR_60,HB03443
data/raw/Padded_imgs/BTR_60/HB03444 (another copy).JPG,15,BTR_60,HB03444 (another copy)
data/raw/Padded_imgs/BTR_60/HB03444 (copy).JPG,15,BTR_60,HB03444 (copy)
data/raw/Padded_imgs/BTR_60/HB03444.JPG,15,BTR_60,HB03444
data/raw/Padded_imgs/BTR_60/HB03445 (another copy).JPG,15,BTR_60,HB03445 (another copy)
data/raw/Padded_imgs/BTR_60/HB03445 (copy).JPG,15,BTR_60,HB03445 (copy)
data/raw/Padded_imgs/BTR_60/HB03445.JPG,15,BTR_60,HB03445
data/raw/Padded_imgs/BTR_60/HB03446 (another copy).JPG,15,BTR_60,HB03446 (another copy)
data/raw/Padded_imgs/BTR_60/HB03446 (copy).JPG,15,BTR_60,HB03446 (copy)
data/raw/Padded_imgs/BTR_60/HB03446.JPG,15,BTR_60,HB03446
data/raw/Padded_imgs/BTR_60/HB03787 (another copy).JPG,15,BTR_60,HB03787 (another copy)
data/raw/Padded_imgs/BTR_60/HB03787 (copy).JPG,15,BTR_60,HB03787 (copy)
data/raw/Padded_imgs/BTR_60/HB03787.JPG,15,BTR_60,HB03787
data/raw/Padded_imgs/BTR_60/HB03788 (another copy).JPG,15,BTR_60,HB03788 (another copy)
data/raw/Padded_imgs/BTR_60/HB03788 (copy).JPG,15,BTR_60,HB03788 (copy)
data/raw/Padded_imgs/BTR_60/HB03788.JPG,15,BTR_60,HB03788
data/raw/Padded_imgs/BTR_60/HB03790 (another copy).JPG,15,BTR_60,HB03790 (another copy)
data/raw/Padded_imgs/BTR_60/HB03790 (copy).JPG,15,BTR_60,HB03790 (copy)
data/raw/Padded_imgs/BTR_60/HB03790.JPG,15,BTR_60,HB03790
data/raw/Padded_imgs/BTR_60/HB03792 (another copy).JPG,15,BTR_60,HB03792 (another copy)
data/raw/Padded_imgs/BTR_60/HB03792 (copy).JPG,15,BTR_60,HB03792 (copy)
data/raw/Padded_imgs/BTR_60/HB03792.JPG,15,BTR_60,HB03792
data/raw/Padded_imgs/BTR_60/HB03793 (another copy).JPG,15,BTR_60,HB03793 (another copy)
data/raw/Padded_imgs/BTR_60/HB03793 (copy).JPG,15,BTR_60,HB03793 (copy)
data/raw/Padded_imgs/BTR_60/HB03793.JPG,15,BTR_60,HB03793
data/raw/Padded_imgs/BTR_60/HB03794 (another copy).JPG,15,BTR_60,HB03794 (another copy)
data/raw/Padded_imgs/BTR_60/HB03794 (copy).JPG,15,BTR_60,HB03794 (copy)
data/raw/Padded_imgs/BTR_60/HB03794.JPG,15,BTR_60,HB03794
data/raw/Padded_imgs/BTR_60/HB03796 (another copy).JPG,15,BTR_60,HB03796 (another copy)
data/raw/Padded_imgs/BTR_60/HB03796 (copy).JPG,15,BTR_60,HB03796 (copy)
data/raw/Padded_imgs/BTR_60/HB03796.JPG,15,BTR_60,HB03796
data/raw/Padded_imgs/BTR_60/HB03797 (another copy).JPG,15,BTR_60,HB03797 (another copy)
data/raw/Padded_imgs/BTR_60/HB03797 (copy).JPG,15,BTR_60,HB03797 (copy)
data/raw/Padded_imgs/BTR_60/HB03797.JPG,15,BTR_60,HB03797
data/raw/Padded_imgs/BTR_60/HB03798 (another copy).JPG,15,BTR_60,HB03798 (another copy)
data/raw/Padded_imgs/BTR_60/HB03798 (copy).JPG,15,BTR_60,HB03798 (copy)
data/raw/Padded_imgs/BTR_60/HB03798.JPG,15,BTR_60,HB03798
data/raw/Padded_imgs/BTR_60/HB03799 (another copy).JPG,15,BTR_60,HB03799 (another copy)
data/raw/Padded_imgs/BTR_60/HB03799 (copy).JPG,15,BTR_60,HB03799 (copy)
data/raw/Padded_imgs/BTR_60/HB03799.JPG,15,BTR_60,HB03799
data/raw/Padded_imgs/BTR_60/HB03800 (another copy).JPG,15,BTR_60,HB03800 (another copy)
data/raw/Padded_imgs/BTR_60/HB03800 (copy).JPG,15,BTR_60,HB03800 (copy)
data/raw/Padded_imgs/BTR_60/HB03800.JPG,15,BTR_60,HB03800
data/raw/Padded_imgs/BTR_60/HB03801 (another copy).JPG,15,BTR_60,HB03801 (another copy)
data/raw/Padded_imgs/BTR_60/HB03801 (copy).JPG,15,BTR_60,HB03801 (copy)
data/raw/Padded_imgs/BTR_60/HB03801.JPG,15,BTR_60,HB03801
data/raw/Padded_imgs/BTR_60/HB03802 (another copy).JPG,15,BTR_60,HB03802 (another copy)
data/raw/Padded_imgs/BTR_60/HB03802 (copy).JPG,15,BTR_60,HB03802 (copy)
data/raw/Padded_imgs/BTR_60/HB03802.JPG,15,BTR_60,HB03802
data/raw/Padded_imgs/BTR_60/HB03803 (another copy).JPG,15,BTR_60,HB03803 (another copy)
data/raw/Padded_imgs/BTR_60/HB03803 (copy).JPG,15,BTR_60,HB03803 (copy)
data/raw/Padded_imgs/BTR_60/HB03803.JPG,15,BTR_60,HB03803
data/raw/Padded_imgs/BTR_60/HB03804 (another copy).JPG,15,BTR_60,HB03804 (another copy)
data/raw/Padded_imgs/BTR_60/HB03804 (copy).JPG,15,BTR_60,HB03804 (copy)
data/raw/Padded_imgs/BTR_60/HB03804.JPG,15,BTR_60,HB03804
data/raw/Padded_imgs/BTR_60/HB03805 (another copy).JPG,15,BTR_60,HB03805 (another copy)
data/raw/Padded_imgs/BTR_60/HB03805 (copy).JPG,15,BTR_60,HB03805 (copy)
data/raw/Padded_imgs/BTR_60/HB03805.JPG,15,BTR_60,HB03805
data/raw/Padded_imgs/BTR_60/HB03806 (another copy).JPG,15,BTR_60,HB03806 (another copy)
data/raw/Padded_imgs/BTR_60/HB03806 (copy).JPG,15,BTR_60,HB03806 (copy)
data/raw/Padded_imgs/BTR_60/HB03806.JPG,15,BTR_60,HB03806
data/raw/Padded_imgs/BTR_60/HB03807 (another copy).JPG,15,BTR_60,HB03807 (another copy)
data/raw/Padded_imgs/BTR_60/HB03807 (copy).JPG,15,BTR_60,HB03807 (copy)
data/raw/Padded_imgs/BTR_60/HB03807.JPG,15,BTR_60,HB03807
data/raw/Padded_imgs/BTR_60/HB03808 (another copy).JPG,15,BTR_60,HB03808 (another copy)
data/raw/Padded_imgs/BTR_60/HB03808 (copy).JPG,15,BTR_60,HB03808 (copy)
data/raw/Padded_imgs/BTR_60/HB03808.JPG,15,BTR_60,HB03808
data/raw/Padded_imgs/BTR_60/HB03809 (another copy).JPG,15,BTR_60,HB03809 (another copy)
data/raw/Padded_imgs/BTR_60/HB03809 (copy).JPG,15,BTR_60,HB03809 (copy)
data/raw/Padded_imgs/BTR_60/HB03809.JPG,15,BTR_60,HB03809
data/raw/Padded_imgs/BTR_60/HB03810 (another copy).JPG,15,BTR_60,HB03810 (another copy)
data/raw/Padded_imgs/BTR_60/HB03810 (copy).JPG,15,BTR_60,HB03810 (copy)
data/raw/Padded_imgs/BTR_60/HB03810.JPG,15,BTR_60,HB03810
data/raw/Padded_imgs/BTR_60/HB03811 (another copy).JPG,15,BTR_60,HB03811 (another copy)
data/raw/Padded_imgs/BTR_60/HB03811 (copy).JPG,15,BTR_60,HB03811 (copy)
data/raw/Padded_imgs/BTR_60/HB03811.JPG,15,BTR_60,HB03811
data/raw/Padded_imgs/BTR_60/HB03812 (another copy).JPG,15,BTR_60,HB03812 (another copy)
data/raw/Padded_imgs/BTR_60/HB03812 (copy).JPG,15,BTR_60,HB03812 (copy)
data/raw/Padded_imgs/BTR_60/HB03812.JPG,15,BTR_60,HB03812
data/raw/Padded_imgs/BTR_60/HB03813 (another copy).JPG,15,BTR_60,HB03813 (another copy)
data/raw/Padded_imgs/BTR_60/HB03813 (copy).JPG,15,BTR_60,HB03813 (copy)
data/raw/Padded_imgs/BTR_60/HB03813.JPG,15,BTR_60,HB03813
data/raw/Padded_imgs/BTR_60/HB03814 (another copy).JPG,15,BTR_60,HB03814 (another copy)
data/raw/Padded_imgs/BTR_60/HB03814 (copy).JPG,15,BTR_60,HB03814 (copy)
data/raw/Padded_imgs/BTR_60/HB03814.JPG,15,BTR_60,HB03814
data/raw/Padded_imgs/BTR_60/HB03815 (another copy).JPG,15,BTR_60,HB03815 (another copy)
data/raw/Padded_imgs/BTR_60/HB03815 (copy).JPG,15,BTR_60,HB03815 (copy)
data/raw/Padded_imgs/BTR_60/HB03815.JPG,15,BTR_60,HB03815
data/raw/Padded_imgs/BTR_60/HB03817 (another copy).JPG,17,BTR_60,HB03817 (another copy)
data/raw/Padded_imgs/BTR_60/HB03817 (copy).JPG,17,BTR_60,HB03817 (copy)
data/raw/Padded_imgs/BTR_60/HB03817.JPG,17,BTR_60,HB03817
data/raw/Padded_imgs/BTR_60/HB03818 (another copy).JPG,15,BTR_60,HB03818 (another copy)
data/raw/Padded_imgs/BTR_60/HB03818 (copy).JPG,15,BTR_60,HB03818 (copy)
data/raw/Padded_imgs/BTR_60/HB03818.JPG,15,BTR_60,HB03818
data/raw/Padded_imgs/BTR_60/HB03819 (another copy).JPG,15,BTR_60,HB03819 (another copy)
data/raw/Padded_imgs/BTR_60/HB03819 (copy).JPG,15,BTR_60,HB03819 (copy)
data/raw/Padded_imgs/BTR_60/HB03819.JPG,15,BTR_60,HB03819
data/raw/Padded_imgs/BTR_60/HB03820 (another copy).JPG,15,BTR_60,HB03820 (another copy)
data/raw/Padded_imgs/BTR_60/HB03820 (copy).JPG,15,BTR_60,HB03820 (copy)
data/raw/Padded_imgs/BTR_60/HB03820.JPG,15,BTR_60,HB03820
data/raw/Padded_imgs/BTR_60/HB03821 (another copy).JPG,15,BTR_60,HB03821 (another copy)
data/raw/Padded_imgs/BTR_60/HB03821 (copy).JPG,15,BTR_60,HB03821 (copy)
data/raw/Padded_imgs/BTR_60/HB03821.JPG,15,BTR_60,HB03821
data/raw/Padded_imgs/BTR_60/HB03822 (another copy).JPG,15,BTR_60,HB03822 (another copy)
data/raw/Padded_imgs/BTR_60/HB03822 (copy).JPG,15,BTR_60,HB03822 (copy)
data/raw/Padded_imgs/BTR_60/HB03822.JPG,15,BTR_60,HB03822
data/raw/Padded_imgs/BTR_60/HB03823 (another copy).JPG,15,BTR_60,HB03823 (another copy)
data/raw/Padded_imgs/BTR_60/HB03823 (copy).JPG,15,BTR_60,HB03823 (copy)
data/raw/Padded_imgs/BTR_60/HB03823.JPG,15,BTR_60,HB03823
data/raw/Padded_imgs/BTR_60/HB03824 (another copy).JPG,15,BTR_60,HB03824 (another copy)
data/raw/Padded_imgs/BTR_60/HB03824 (copy).JPG,15,BTR_60,HB03824 (copy)
data/raw/Padded_imgs/BTR_60/HB03824.JPG,15,BTR_60,HB03824
data/raw/Padded_imgs/BTR_60/HB03825 (another copy).JPG,15,BTR_60,HB03825 (another copy)
data/raw/Padded_imgs/BTR_60/HB03825 (copy).JPG,15,BTR_60,HB03825 (copy)
data/raw/Padded_imgs/BTR_60/HB03825.JPG,15,BTR_60,HB03825
data/raw/Padded_imgs/BTR_60/HB03826 (another copy).JPG,15,BTR_60,HB03826 (another copy)
data/raw/Padded_imgs/BTR_60/HB03826 (copy).JPG,15,BTR_60,HB03826 (copy)
data/raw/Padded_imgs/BTR_60/HB03826.JPG,15,BTR_60,HB03826
data/raw/Padded_imgs/BTR_60/HB03827 (another copy).JPG,15,BTR_60,HB03827 (another copy)
data/raw/Padded_imgs/BTR_60/HB03827 (copy).JPG,15,BTR_60,HB03827 (copy)
data/raw/Padded_imgs/BTR_60/HB03827.JPG,15,BTR_60,HB03827
data/raw/Padded_imgs/BTR_60/HB03828 (another copy).JPG,15,BTR_60,HB03828 (another copy)
data/raw/Padded_imgs/BTR_60/HB03828 (copy).JPG,15,BTR_60,HB03828 (copy)
data/raw/Padded_imgs/BTR_60/HB03828.JPG,15,BTR_60,HB03828
data/raw/Padded_imgs/BTR_60/HB03829 (another copy).JPG,15,BTR_60,HB03829 (another copy)
data/raw/Padded_imgs/BTR_60/HB03829 (copy).JPG,15,BTR_60,HB03829 (copy)
data/raw/Padded_imgs/BTR_60/HB03829.JPG,15,BTR_60,HB03829
data/raw/Padded_imgs/BTR_60/HB03830 (another copy).JPG,15,BTR_60,HB03830 (another copy)
data/raw/Padded_imgs/BTR_60/HB03830 (copy).JPG,15,BTR_60,HB03830 (copy)
data/raw/Padded_imgs/BTR_60/HB03830.JPG,15,BTR_60,HB03830
data/raw/Padded_imgs/BTR_60/HB03831 (another copy).JPG,15,BTR_60,HB03831 (another copy)
data/raw/Padded_imgs/BTR_60/HB03831 (copy).JPG,15,BTR_60,HB03831 (copy)
data/raw/Padded_imgs/BTR_60/HB03831.JPG,15,BTR_60,HB03831
data/raw/Padded_imgs/BTR_60/HB03832 (another copy).JPG,15,BTR_60,HB03832 (another copy)
data/raw/Padded_imgs/BTR_60/HB03832 (copy).JPG,15,BTR_60,HB03832 (copy)
data/raw/Padded_imgs/BTR_60/HB03832.JPG,15,BTR_60,HB03832
data/raw/Padded_imgs/BTR_60/HB03833 (another copy).JPG,15,BTR_60,HB03833 (another copy)
data/raw/Padded_imgs/BTR_60/HB03833 (copy).JPG,15,BTR_60,HB03833 (copy)
data/raw/Padded_imgs/BTR_60/HB03833.JPG,15,BTR_60,HB03833
data/raw/Padded_imgs/BTR_60/HB03834 (another copy).JPG,15,BTR_60,HB03834 (another copy)
data/raw/Padded_imgs/BTR_60/HB03834 (copy).JPG,15,BTR_60,HB03834 (copy)
data/raw/Padded_imgs/BTR_60/HB03834.JPG,15,BTR_60,HB03834
data/raw/Padded_imgs/BTR_60/HB03836 (another copy).JPG,15,BTR_60,HB03836 (another copy)
data/raw/Padded_imgs/BTR_60/HB03836 (copy).JPG,15,BTR_60,HB03836 (copy)
data/raw/Padded_imgs/BTR_60/HB03836.JPG,15,BTR_60,HB03836
data/raw/Padded_imgs/BTR_60/HB03837 (another copy).JPG,15,BTR_60,HB03837 (another copy)
data/raw/Padded_imgs/BTR_60/HB03837 (copy).JPG,15,BTR_60,HB03837 (copy)
data/raw/Padded_imgs/BTR_60/HB03837.JPG,15,BTR_60,HB03837
data/raw/Padded_imgs/BTR_60/HB03838 (another copy).JPG,15,BTR_60,HB03838 (another copy)
data/raw/Padded_imgs/BTR_60/HB03838 (copy).JPG,15,BTR_60,HB03838 (copy)
data/raw/Padded_imgs/BTR_60/HB03838.JPG,15,BTR_60,HB03838
data/raw/Padded_imgs/BTR_60/HB03839 (another copy).JPG,15,BTR_60,HB03839 (another copy)
data/raw/Padded_imgs/BTR_60/HB03839 (copy).JPG,15,BTR_60,HB03839 (copy)
data/raw/Padded_imgs/BTR_60/HB03839.JPG,15,BTR_60,HB03839
data/raw/Padded_imgs/BTR_60/HB03840 (another copy).JPG,15,BTR_60,HB03840 (another copy)
data/raw/Padded_imgs/BTR_60/HB03840 (copy).JPG,15,BTR_60,HB03840 (copy)
data/raw/Padded_imgs/BTR_60/HB03840.JPG,15,BTR_60,HB03840
data/raw/Padded_imgs/BTR_60/HB03841 (another copy).JPG,15,BTR_60,HB03841 (another copy)
data/raw/Padded_imgs/BTR_60/HB03841 (copy).JPG,15,BTR_60,HB03841 (copy)
data/raw/Padded_imgs/BTR_60/HB03841.JPG,15,BTR_60,HB03841
data/raw/Padded_imgs/BTR_60/HB03842 (another copy).JPG,15,BTR_60,HB03842 (another copy)
data/raw/Padded_imgs/BTR_60/HB03842 (copy).JPG,15,BTR_60,HB03842 (copy)
data/raw/Padded_imgs/BTR_60/HB03842.JPG,15,BTR_60,HB03842
data/raw/Padded_imgs/BTR_60/HB03843 (another copy).JPG,15,BTR_60,HB03843 (another copy)
data/raw/Padded_imgs/BTR_60/HB03843 (copy).JPG,15,BTR_60,HB03843 (copy)
data/raw/Padded_imgs/BTR_60/HB03843.JPG,15,BTR_60,HB03843
data/raw/Padded_imgs/BTR_60/HB03844 (another copy).JPG,15,BTR_60,HB03844 (another copy)
data/raw/Padded_imgs/BTR_60/HB03844 (copy).JPG,15,BTR_60,HB03844 (copy)
data/raw/Padded_imgs/BTR_60/HB03844.JPG,15,BTR_60,HB03844
data/raw/Padded_imgs/BTR_60/HB03846 (another copy).JPG,15,BTR_60,HB03846 (another copy)
data/raw/Padded_imgs/BTR_60/HB03846 (copy).JPG,15,BTR_60,HB03846 (copy)
data/raw/Padded_imgs/BTR_60/HB03846.JPG,15,BTR_60,HB03846
data/raw/Padded_imgs/BTR_60/HB03847 (another copy).JPG,15,BTR_60,HB03847 (another copy)
data/raw/Padded_imgs/BTR_60/HB03847 (copy).JPG,15,BTR_60,HB03847 (copy)
data/raw/Padded_imgs/BTR_60/HB03847.JPG,15,BTR_60,HB03847
data/raw/Padded_imgs/BTR_60/HB03848 (another copy).JPG,15,BTR_60,HB03848 (another copy)
data/raw/Padded_imgs/BTR_60/HB03848 (copy).JPG,15,BTR_60,HB03848 (copy)
data/raw/Padded_imgs/BTR_60/HB03848.JPG,15,BTR_60,HB03848
data/raw/Padded_imgs/BTR_60/HB03849 (another copy).JPG,15,BTR_60,HB03849 (another copy)
data/raw/Padded_imgs/BTR_60/HB03849 (copy).JPG,15,BTR_60,HB03849 (copy)
data/raw/Padded_imgs/BTR_60/HB03849.JPG,15,BTR_60,HB03849
data/raw/Padded_imgs/BTR_60/HB03850 (another copy).JPG,15,BTR_60,HB03850 (another copy)
data/raw/Padded_imgs/BTR_60/HB03850 (copy).JPG,15,BTR_60,HB03850 (copy)
data/raw/Padded_imgs/BTR_60/HB03850.JPG,15,BTR_60,HB03850
data/raw/Padded_imgs/BTR_60/HB03851 (another copy).JPG,15,BTR_60,HB03851 (another copy)
data/raw/Padded_imgs/BTR_60/HB03851 (copy).JPG,15,BTR_60,HB03851 (copy)
data/raw/Padded_imgs/BTR_60/HB03851.JPG,15,BTR_60,HB03851
data/raw/Padded_imgs/BTR_60/HB03852 (another copy).JPG,15,BTR_60,HB03852 (another copy)
data/raw/Padded_imgs/BTR_60/HB03852 (copy).JPG,15,BTR_60,HB03852 (copy)
data/raw/Padded_imgs/BTR_60/HB03852.JPG,15,BTR_60,HB03852
data/raw/Padded_imgs/BTR_60/HB03854 (another copy).JPG,15,BTR_60,HB03854 (another copy)
data/raw/Padded_imgs/BTR_60/HB03854 (copy).JPG,15,BTR_60,HB03854 (copy)
data/raw/Padded_imgs/BTR_60/HB03854.JPG,15,BTR_60,HB03854
data/raw/Padded_imgs/BTR_60/HB03855 (another copy).JPG,15,BTR_60,HB03855 (another copy)
data/raw/Padded_imgs/BTR_60/HB03855 (copy).JPG,15,BTR_60,HB03855 (copy)
data/raw/Padded_imgs/BTR_60/HB03855.JPG,15,BTR_60,HB03855
data/raw/Padded_imgs/BTR_60/HB03856 (another copy).JPG,15,BTR_60,HB03856 (another copy)
data/raw/Padded_imgs/BTR_60/HB03856 (copy).JPG,15,BTR_60,HB03856 (copy)
data/raw/Padded_imgs/BTR_60/HB03856.JPG,15,BTR_60,HB03856
data/raw/Padded_imgs/BTR_60/HB03857 (another copy).JPG,15,BTR_60,HB03857 (another copy)
data/raw/Padded_imgs/BTR_60/HB03857 (copy).JPG,15,BTR_60,HB03857 (copy)
data/raw/Padded_imgs/BTR_60/HB03857.JPG,15,BTR_60,HB03857
data/raw/Padded_imgs/BTR_60/HB03858 (another copy).JPG,15,BTR_60,HB03858 (another copy)
data/raw/Padded_imgs/BTR_60/HB03858 (copy).JPG,15,BTR_60,HB03858 (copy)
data/raw/Padded_imgs/BTR_60/HB03858.JPG,15,BTR_60,HB03858
data/raw/Padded_imgs/BTR_60/HB03859 (another copy).JPG,15,BTR_60,HB03859 (another copy)
data/raw/Padded_imgs/BTR_60/HB03859 (copy).JPG,15,BTR_60,HB03859 (copy)
data/raw/Padded_imgs/BTR_60/HB03859.JPG,15,BTR_60,HB03859
data/raw/Padded_imgs/BTR_60/HB03860 (another copy).JPG,15,BTR_60,HB03860 (another copy)
data/raw/Padded_imgs/BTR_60/HB03860 (copy).JPG,15,BTR_60,HB03860 (copy)
data/raw/Padded_imgs/BTR_60/HB03860.JPG,15,BTR_60,HB03860
data/raw/Padded_imgs/BTR_60/HB03862 (another copy).JPG,15,BTR_60,HB03862 (another copy)
data/raw/Padded_imgs/BTR_60/HB03862 (copy).JPG,15,BTR_60,HB03862 (copy)
data/raw/Padded_imgs/BTR_60/HB03862.JPG,15,BTR_60,HB03862
data/raw/Padded_imgs/BTR_60/HB03863 (another copy).JPG,15,BTR_60,HB03863 (another copy)
data/raw/Padded_imgs/BTR_60/HB03863 (copy).JPG,15,BTR_60,HB03863 (copy)
data/raw/Padded_imgs/BTR_60/HB03863.JPG,15,BTR_60,HB03863
data/raw/Padded_imgs/BTR_60/HB03864 (another copy).JPG,15,BTR_60,HB03864 (another copy)
data/raw/Padded_imgs/BTR_60/HB03864 (copy).JPG,15,BTR_60,HB03864 (copy)
data/raw/Padded_imgs/BTR_60/HB03864.JPG,15,BTR_60,HB03864
data/raw/Padded_imgs/BTR_60/HB03865 (another copy).JPG,15,BTR_60,HB03865 (another copy)
data/raw/Padded_imgs/BTR_60/HB03865 (copy).JPG,15,BTR_60,HB03865 (copy)
data/raw/Padded_imgs/BTR_60/HB03865.JPG,15,BTR_60,HB03865
data/raw/Padded_imgs/BTR_60/HB03866 (another copy).JPG,15,BTR_60,HB03866 (another copy)
data/raw/Padded_imgs/BTR_60/HB03866 (copy).JPG,15,BTR_60,HB03866 (copy)
data/raw/Padded_imgs/BTR_60/HB03866.JPG,15,BTR_60,HB03866
data/raw/Padded_imgs/BTR_60/HB03867 (another copy).JPG,15,BTR_60,HB03867 (another copy)
data/raw/Padded_imgs/BTR_60/HB03867 (copy).JPG,15,BTR_60,HB03867 (copy)
data/raw/Padded_imgs/BTR_60/HB03867.JPG,15,BTR_60,HB03867
data/raw/Padded_imgs/BTR_60/HB03868 (another copy).JPG,15,BTR_60,HB03868 (another copy)
data/raw/Padded_imgs/BTR_60/HB03868 (copy).JPG,15,BTR_60,HB03868 (copy)
data/raw/Padded_imgs/BTR_60/HB03868.JPG,15,BTR_60,HB03868
data/raw/Padded_imgs/BTR_60/HB03869 (another copy).JPG,15,BTR_60,HB03869 (another copy)
data/raw/Padded_imgs/BTR_60/HB03869 (copy).JPG,15,BTR_60,HB03869 (copy)
data/raw/Padded_imgs/BTR_60/HB03869.JPG,15,BTR_60,HB03869
data/raw/Padded_imgs/BTR_60/HB03870 (another copy).JPG,15,BTR_60,HB03870 (another copy)
data/raw/Padded_imgs/BTR_60/HB03870 (copy).JPG,15,BTR_60,HB03870 (copy)
data/raw/Padded_imgs/BTR_60/HB03870.JPG,15,BTR_60,HB03870
data/raw/Padded_imgs/BTR_60/HB03871 (another copy).JPG,15,BTR_60,HB03871 (another copy)
data/raw/Padded_imgs/BTR_60/HB03871 (copy).JPG,15,BTR_60,HB03871 (copy)
data/raw/Padded_imgs/BTR_60/HB03871.JPG,15,BTR_60,HB03871
data/raw/Padded_imgs/BTR_60/HB03872 (another copy).JPG,15,BTR_60,HB03872 (another copy)
data/raw/Padded_imgs/BTR_60/HB03872 (copy).JPG,15,BTR_60,HB03872 (copy)
data/raw/Padded_imgs/BTR_60/HB03872.JPG,15,BTR_60,HB03872
data/raw/Padded_imgs/BTR_60/HB03873 (another copy).JPG,15,BTR_60,HB03873 (another copy)
data/raw/Padded_imgs/BTR_60/HB03873 (copy).JPG,15,BTR_60,HB03873 (copy)
data/raw/Padded_imgs/BTR_60/HB03873.JPG,15,BTR_60,HB03873
data/raw/Padded_imgs/BTR_60/HB03874 (another copy).JPG,15,BTR_60,HB03874 (another copy)
data/raw/Padded_imgs/BTR_60/HB03874 (copy).JPG,15,BTR_60,HB03874 (copy)
data/raw/Padded_imgs/BTR_60/HB03874.JPG,15,BTR_60,HB03874
data/raw/Padded_imgs/BTR_60/HB03875 (another copy).JPG,15,BTR_60,HB03875 (another copy)
data/raw/Padded_imgs/BTR_60/HB03875 (copy).JPG,15,BTR_60,HB03875 (copy)
data/raw/Padded_imgs/BTR_60/HB03875.JPG,15,BTR_60,HB03875
data/raw/Padded_imgs/BTR_60/HB03876 (another copy).JPG,15,BTR_60,HB03876 (another copy)
data/raw/Padded_imgs/BTR_60/HB03876 (copy).JPG,15,BTR_60,HB03876 (copy)
data/raw/Padded_imgs/BTR_60/HB03876.JPG,15,BTR_60,HB03876
data/raw/Padded_imgs/BTR_60/HB03877 (another copy).JPG,15,BTR_60,HB03877 (another copy)
data/raw/Padded_imgs/BTR_60/HB03877 (copy).JPG,15,BTR_60,HB03877 (copy)
data/raw/Padded_imgs/BTR_60/HB03877.JPG,15,BTR_60,HB03877
data/raw/Padded_imgs/BTR_60/HB03878 (another copy).JPG,15,BTR_60,HB03878 (another copy)
data/raw/Padded_imgs/BTR_60/HB03878 (copy).JPG,15,BTR_60,HB03878 (copy)
data/raw/Padded_imgs/BTR_60/HB03878.JPG,15,BTR_60,HB03878
data/raw/Padded_imgs/BTR_60/HB03879 (another copy).JPG,15,BTR_60,HB03879 (another copy)
data/raw/Padded_imgs/BTR_60/HB03879 (copy).JPG,15,BTR_60,HB03879 (copy)
data/raw/Padded_imgs/BTR_60/HB03879.JPG,15,BTR_60,HB03879
data/raw/Padded_imgs/BTR_60/HB03880 (another copy).JPG,15,BTR_60,HB03880 (another copy)
data/raw/Padded_imgs/BTR_60/HB03880 (copy).JPG,15,BTR_60,HB03880 (copy)
data/raw/Padded_imgs/BTR_60/HB03880.JPG,15,BTR_60,HB03880
data/raw/Padded_imgs/BTR_60/HB03881 (another copy).JPG,15,BTR_60,HB03881 (another copy)
data/raw/Padded_imgs/BTR_60/HB03881 (copy).JPG,15,BTR_60,HB03881 (copy)
data/raw/Padded_imgs/BTR_60/HB03881.JPG,15,BTR_60,HB03881
data/raw/Padded_imgs/BTR_60/HB03882 (another copy).JPG,15,BTR_60,HB03882 (another copy)
data/raw/Padded_imgs/BTR_60/HB03882 (copy).JPG,15,BTR_60,HB03882 (copy)
data/raw/Padded_imgs/BTR_60/HB03882.JPG,15,BTR_60,HB03882
data/raw/Padded_imgs/BTR_60/HB03883 (another copy).JPG,15,BTR_60,HB03883 (another copy)
data/raw/Padded_imgs/BTR_60/HB03883 (copy).JPG,15,BTR_60,HB03883 (copy)
data/raw/Padded_imgs/BTR_60/HB03883.JPG,15,BTR_60,HB03883
data/raw/Padded_imgs/BTR_60/HB03884 (another copy).JPG,15,BTR_60,HB03884 (another copy)
data/raw/Padded_imgs/BTR_60/HB03884 (copy).JPG,15,BTR_60,HB03884 (copy)
data/raw/Padded_imgs/BTR_60/HB03884.JPG,15,BTR_60,HB03884
data/raw/Padded_imgs/BTR_60/HB03885 (another copy).JPG,15,BTR_60,HB03885 (another copy)
data/raw/Padded_imgs/BTR_60/HB03885 (copy).JPG,15,BTR_60,HB03885 (copy)
data/raw/Padded_imgs/BTR_60/HB03885.JPG,15,BTR_60,HB03885
data/raw/Padded_imgs/BTR_60/HB03886 (another copy).JPG,15,BTR_60,HB03886 (another copy)
data/raw/Padded_imgs/BTR_60/HB03886 (copy).JPG,15,BTR_60,HB03886 (copy)
data/raw/Padded_imgs/BTR_60/HB03886.JPG,15,BTR_60,HB03886
data/raw/Padded_imgs/BTR_60/HB03887 (another copy).JPG,15,BTR_60,HB03887 (another copy)
data/raw/Padded_imgs/BTR_60/HB03887 (copy).JPG,15,BTR_60,HB03887 (copy)
data/raw/Padded_imgs/BTR_60/HB03887.JPG,15,BTR_60,HB03887
data/raw/Padded_imgs/BTR_60/HB03889 (another copy).JPG,15,BTR_60,HB03889 (another copy)
data/raw/Padded_imgs/BTR_60/HB03889 (copy).JPG,15,BTR_60,HB03889 (copy)
data/raw/Padded_imgs/BTR_60/HB03889.JPG,15,BTR_60,HB03889
data/raw/Padded_imgs/BTR_60/HB03890 (another copy).JPG,15,BTR_60,HB03890 (another copy)
data/raw/Padded_imgs/BTR_60/HB03890 (copy).JPG,15,BTR_60,HB03890 (copy)
data/raw/Padded_imgs/BTR_60/HB03890.JPG,15,BTR_60,HB03890
data/raw/Padded_imgs/BTR_60/HB03891 (another copy).JPG,15,BTR_60,HB03891 (another copy)
data/raw/Padded_imgs/BTR_60/HB03891 (copy).JPG,15,BTR_60,HB03891 (copy)
data/raw/Padded_imgs/BTR_60/HB03891.JPG,15,BTR_60,HB03891
data/raw/Padded_imgs/BTR_60/HB03892 (another copy).JPG,15,BTR_60,HB03892 (another copy)
data/raw/Padded_imgs/BTR_60/HB03892 (copy).JPG,15,BTR_60,HB03892 (copy)
data/raw/Padded_imgs/BTR_60/HB03892.JPG,15,BTR_60,HB03892
data/raw/Padded_imgs/BTR_60/HB03893 (another copy).JPG,15,BTR_60,HB03893 (another copy)
data/raw/Padded_imgs/BTR_60/HB03893 (copy).JPG,15,BTR_60,HB03893 (copy)
data/raw/Padded_imgs/BTR_60/HB03893.JPG,15,BTR_60,HB03893
data/raw/Padded_imgs/BTR_60/HB03894 (another copy).JPG,15,BTR_60,HB03894 (another copy)
data/raw/Padded_imgs/BTR_60/HB03894 (copy).JPG,15,BTR_60,HB03894 (copy)
data/raw/Padded_imgs/BTR_60/HB03894.JPG,15,BTR_60,HB03894
data/raw/Padded_imgs/BTR_60/HB03895 (another copy).JPG,15,BTR_60,HB03895 (another copy)
data/raw/Padded_imgs/BTR_60/HB03895 (copy).JPG,15,BTR_60,HB03895 (copy)
data/raw/Padded_imgs/BTR_60/HB03895.JPG,15,BTR_60,HB03895
data/raw/Padded_imgs/BTR_60/HB03896 (another copy).JPG,15,BTR_60,HB03896 (another copy)
data/raw/Padded_imgs/BTR_60/HB03896 (copy).JPG,15,BTR_60,HB03896 (copy)
data/raw/Padded_imgs/BTR_60/HB03896.JPG,15,BTR_60,HB03896
data/raw/Padded_imgs/BTR_60/HB03897 (another copy).JPG,15,BTR_60,HB03897 (another copy)
data/raw/Padded_imgs/BTR_60/HB03897 (copy).JPG,15,BTR_60,HB03897 (copy)
data/raw/Padded_imgs/BTR_60/HB03897.JPG,15,BTR_60,HB03897
data/raw/Padded_imgs/BTR_60/HB03898 (another copy).JPG,15,BTR_60,HB03898 (another copy)
data/raw/Padded_imgs/BTR_60/HB03898 (copy).JPG,15,BTR_60,HB03898 (copy)
data/raw/Padded_imgs/BTR_60/HB03898.JPG,15,BTR_60,HB03898
data/raw/Padded_imgs/BTR_60/HB03900 (another copy).JPG,15,BTR_60,HB03900 (another copy)
data/raw/Padded_imgs/BTR_60/HB03900 (copy).JPG,15,BTR_60,HB03900 (copy)
data/raw/Padded_imgs/BTR_60/HB03900.JPG,15,BTR_60,HB03900
data/raw/Padded_imgs/BTR_60/HB03901 (another copy).JPG,15,BTR_60,HB03901 (another copy)
data/raw/Padded_imgs/BTR_60/HB03901 (copy).JPG,15,BTR_60,HB03901 (copy)
data/raw/Padded_imgs/BTR_60/HB03901.JPG,15,BTR_60,HB03901
data/raw/Padded_imgs/BTR_60/HB03902 (another copy).JPG,15,BTR_60,HB03902 (another copy)
data/raw/Padded_imgs/BTR_60/HB03902 (copy).JPG,15,BTR_60,HB03902 (copy)
data/raw/Padded_imgs/BTR_60/HB03902.JPG,15,BTR_60,HB03902
data/raw/Padded_imgs/BTR_60/HB03903 (another copy).JPG,15,BTR_60,HB03903 (another copy)
data/raw/Padded_imgs/BTR_60/HB03903 (copy).JPG,15,BTR_60,HB03903 (copy)
data/raw/Padded_imgs/BTR_60/HB03903.JPG,15,BTR_60,HB03903
data/raw/Padded_imgs/BTR_60/HB03904 (another copy).JPG,15,BTR_60,HB03904 (another copy)
data/raw/Padded_imgs/BTR_60/HB03904 (copy).JPG,15,BTR_60,HB03904 (copy)
data/raw/Padded_imgs/BTR_60/HB03904.JPG,15,BTR_60,HB03904
data/raw/Padded_imgs/BTR_60/HB03905 (another copy).JPG,15,BTR_60,HB03905 (another copy)
data/raw/Padded_imgs/BTR_60/HB03905 (copy).JPG,15,BTR_60,HB03905 (copy)
data/raw/Padded_imgs/BTR_60/HB03905.JPG,15,BTR_60,HB03905
data/raw/Padded_imgs/BTR_60/HB03906 (another copy).JPG,15,BTR_60,HB03906 (another copy)
data/raw/Padded_imgs/BTR_60/HB03906 (copy).JPG,15,BTR_60,HB03906 (copy)
data/raw/Padded_imgs/BTR_60/HB03906.JPG,15,BTR_60,HB03906
data/raw/Padded_imgs/BTR_60/HB03907 (another copy).JPG,15,BTR_60,HB03907 (another copy)
data/raw/Padded_imgs/BTR_60/HB03907 (copy).JPG,15,BTR_60,HB03907 (copy)
data/raw/Padded_imgs/BTR_60/HB03907.JPG,15,BTR_60,HB03907
data/raw/Padded_imgs/BTR_60/HB03908 (another copy).JPG,15,BTR_60,HB03908 (another copy)
data/raw/Padded_imgs/BTR_60/HB03908 (copy).JPG,15,BTR_60,HB03908 (copy)
data/raw/Padded_imgs/BTR_60/HB03908.JPG,15,BTR_60,HB03908
data/raw/Padded_imgs/BTR_60/HB03909 (another copy).JPG,15,BTR_60,HB03909 (another copy)
data/raw/Padded_imgs/BTR_60/HB03909 (copy).JPG,15,BTR_60,HB03909 (copy)
data/raw/Padded_imgs/BTR_60/HB03909.JPG,15,BTR_60,HB03909
data/raw/Padded_imgs/BTR_60/HB03910 (another copy).JPG,15,BTR_60,HB03910 (another copy)
data/raw/Padded_imgs/BTR_60/HB03910 (copy).JPG,15,BTR_60,HB03910 (copy)
data/raw/Padded_imgs/BTR_60/HB03910.JPG,15,BTR_60,HB03910
data/raw/Padded_imgs/BTR_60/HB03911 (another copy).JPG,15,BTR_60,HB03911 (another copy)
data/raw/Padded_imgs/BTR_60/HB03911 (copy).JPG,15,BTR_60,HB03911 (copy)
data/raw/Padded_imgs/BTR_60/HB03911.JPG,15,BTR_60,HB03911
data/raw/Padded_imgs/BTR_60/HB03912 (another copy).JPG,15,BTR_60,HB03912 (another copy)
data/raw/Padded_imgs/BTR_60/HB03912 (copy).JPG,15,BTR_60,HB03912 (copy)
data/raw/Padded_imgs/BTR_60/HB03912.JPG,15,BTR_60,HB03912
data/raw/Padded_imgs/BTR_60/HB03913 (another copy).JPG,15,BTR_60,HB03913 (another copy)
data/raw/Padded_imgs/BTR_60/HB03913 (copy).JPG,15,BTR_60,HB03913 (copy)
data/raw/Padded_imgs/BTR_60/HB03913.JPG,15,BTR_60,HB03913
data/raw/Padded_imgs/BTR_60/HB03914 (another copy).JPG,15,BTR_60,HB03914 (another copy)
data/raw/Padded_imgs/BTR_60/HB03914 (copy).JPG,15,BTR_60,HB03914 (copy)
data/raw/Padded_imgs/BTR_60/HB03914.JPG,15,BTR_60,HB03914
data/raw/Padded_imgs/BTR_60/HB03915 (another copy).JPG,15,BTR_60,HB03915 (another copy)
data/raw/Padded_imgs/BTR_60/HB03915 (copy).JPG,15,BTR_60,HB03915 (copy)
data/raw/Padded_imgs/BTR_60/HB03915.JPG,15,BTR_60,HB03915
data/raw/Padded_imgs/BTR_60/HB03916 (another copy).JPG,15,BTR_60,HB03916 (another copy)
data/raw/Padded_imgs/BTR_60/HB03916 (copy).JPG,15,BTR_60,HB03916 (copy)
data/raw/Padded_imgs/BTR_60/HB03916.JPG,15,BTR_60,HB03916
data/raw/Padded_imgs/BTR_60/HB03917 (another copy).JPG,17,BTR_60,HB03917 (another copy)
data/raw/Padded_imgs/BTR_60/HB03917 (copy).JPG,17,BTR_60,HB03917 (copy)
data/raw/Padded_imgs/BTR_60/HB03917.JPG,17,BTR_60,HB03917
data/raw/Padded_imgs/BTR_60/HB03918 (another copy).JPG,15,BTR_60,HB03918 (another copy)
data/raw/Padded_imgs/BTR_60/HB03918 (copy).JPG,15,BTR_60,HB03918 (copy)
data/raw/Padded_imgs/BTR_60/HB03918.JPG,15,BTR_60,HB03918
data/raw/Padded_imgs/BTR_60/HB03919 (another copy).JPG,15,BTR_60,HB03919 (another copy)
data/raw/Padded_imgs/BTR_60/HB03919 (copy).JPG,15,BTR_60,HB03919 (copy)
data/raw/Padded_imgs/BTR_60/HB03919.JPG,15,BTR_60,HB03919
data/raw/Padded_imgs/BTR_60/HB03920 (another copy).JPG,15,BTR_60,HB03920 (another copy)
data/raw/Padded_imgs/BTR_60/HB03920 (copy).JPG,15,BTR_60,HB03920 (copy)
data/raw/Padded_imgs/BTR_60/HB03920.JPG,15,BTR_60,HB03920
data/raw/Padded_imgs/BTR_60/HB03922 (another copy).JPG,15,BTR_60,HB03922 (another copy)
data/raw/Padded_imgs/BTR_60/HB03922 (copy).JPG,15,BTR_60,HB03922 (copy)
data/raw/Padded_imgs/BTR_60/HB03922.JPG,15,BTR_60,HB03922
data/raw/Padded_imgs/BTR_60/HB03923 (another copy).JPG,15,BTR_60,HB03923 (another copy)
data/raw/Padded_imgs/BTR_60/HB03923 (copy).JPG,15,BTR_60,HB03923 (copy)
data/raw/Padded_imgs/BTR_60/HB03923.JPG,15,BTR_60,HB03923
data/raw/Padded_imgs/BTR_60/HB03924 (another copy).JPG,15,BTR_60,HB03924 (another copy)
data/raw/Padded_imgs/BTR_60/HB03924 (copy).JPG,15,BTR_60,HB03924 (copy)
data/raw/Padded_imgs/BTR_60/HB03924.JPG,15,BTR_60,HB03924
data/raw/Padded_imgs/BTR_60/HB03925 (another copy).JPG,15,BTR_60,HB03925 (another copy)
data/raw/Padded_imgs/BTR_60/HB03925 (copy).JPG,15,BTR_60,HB03925 (copy)
data/raw/Padded_imgs/BTR_60/HB03925.JPG,15,BTR_60,HB03925
data/raw/Padded_imgs/BTR_60/HB03926 (another copy).JPG,15,BTR_60,HB03926 (another copy)
data/raw/Padded_imgs/BTR_60/HB03926 (copy).JPG,15,BTR_60,HB03926 (copy)
data/raw/Padded_imgs/BTR_60/HB03926.JPG,15,BTR_60,HB03926
data/raw/Padded_imgs/BTR_60/HB03927 (another copy).JPG,15,BTR_60,HB03927 (another copy)
data/raw/Padded_imgs/BTR_60/HB03927 (copy).JPG,15,BTR_60,HB03927 (copy)
data/raw/Padded_imgs/BTR_60/HB03927.JPG,15,BTR_60,HB03927
data/raw/Padded_imgs/BTR_60/HB03928 (another copy).JPG,15,BTR_60,HB03928 (another copy)
data/raw/Padded_imgs/BTR_60/HB03928 (copy).JPG,15,BTR_60,HB03928 (copy)
data/raw/Padded_imgs/BTR_60/HB03928.JPG,15,BTR_60,HB03928
data/raw/Padded_imgs/BTR_60/HB03929 (another copy).JPG,15,BTR_60,HB03929 (another copy)
data/raw/Padded_imgs/BTR_60/HB03929 (copy).JPG,15,BTR_60,HB03929 (copy)
data/raw/Padded_imgs/BTR_60/HB03929.JPG,15,BTR_60,HB03929
data/raw/Padded_imgs/BTR_60/HB03930 (another copy).JPG,15,BTR_60,HB03930 (another copy)
data/raw/Padded_imgs/BTR_60/HB03930 (copy).JPG,15,BTR_60,HB03930 (copy)
data/raw/Padded_imgs/BTR_60/HB03930.JPG,15,BTR_60,HB03930
data/raw/Padded_imgs/BTR_60/HB03931 (another copy).JPG,15,BTR_60,HB03931 (another copy)
data/raw/Padded_imgs/BTR_60/HB03931 (copy).JPG,15,BTR_60,HB03931 (copy)
data/raw/Padded_imgs/BTR_60/HB03931.JPG,15,BTR_60,HB03931
data/raw/Padded_imgs/BTR_60/HB03932 (another copy).JPG,15,BTR_60,HB03932 (another copy)
data/raw/Padded_imgs/BTR_60/HB03932 (copy).JPG,15,BTR_60,HB03932 (copy)
data/raw/Padded_imgs/BTR_60/HB03932.JPG,15,BTR_60,HB03932
data/raw/Padded_imgs/BTR_60/HB03933 (another copy).JPG,15,BTR_60,HB03933 (another copy)
data/raw/Padded_imgs/BTR_60/HB03933 (copy).JPG,15,BTR_60,HB03933 (copy)
data/raw/Padded_imgs/BTR_60/HB03933.JPG,15,BTR_60,HB03933
data/raw/Padded_imgs/BTR_60/HB03934 (another copy).JPG,15,BTR_60,HB03934 (another copy)
data/raw/Padded_imgs/BTR_60/HB03934 (copy).JPG,15,BTR_60,HB03934 (copy)
data/raw/Padded_imgs/BTR_60/HB03934.JPG,15,BTR_60,HB03934
data/raw/Padded_imgs/BTR_60/HB03935 (another copy).JPG,15,BTR_60,HB03935 (another copy)
data/raw/Padded_imgs/BTR_60/HB03935 (copy).JPG,15,BTR_60,HB03935 (copy)
data/raw/Padded_imgs/BTR_60/HB03935.JPG,15,BTR_60,HB03935
data/raw/Padded_imgs/BTR_60/HB03936 (another copy).JPG,15,BTR_60,HB03936 (another copy)
data/raw/Padded_imgs/BTR_60/HB03936 (copy).JPG,15,BTR_60,HB03936 (copy)
data/raw/Padded_imgs/BTR_60/HB03936.JPG,15,BTR_60,HB03936
data/raw/Padded_imgs/BTR_60/HB03938 (another copy).JPG,15,BTR_60,HB03938 (another copy)
data/raw/Padded_imgs/BTR_60/HB03938 (copy).JPG,15,BTR_60,HB03938 (copy)
data/raw/Padded_imgs/BTR_60/HB03938.JPG,15,BTR_60,HB03938
data/raw/Padded_imgs/BTR_60/HB03939 (another copy).JPG,15,BTR_60,HB03939 (another copy)
data/raw/Padded_imgs/BTR_60/HB03939 (copy).JPG,15,BTR_60,HB03939 (copy)
data/raw/Padded_imgs/BTR_60/HB03939.JPG,15,BTR_60,HB03939
data/raw/Padded_imgs/BTR_60/HB03940 (another copy).JPG,15,BTR_60,HB03940 (another copy)
data/raw/Padded_imgs/BTR_60/HB03940 (copy).JPG,15,BTR_60,HB03940 (copy)
data/raw/Padded_imgs/BTR_60/HB03940.JPG,15,BTR_60,HB03940
data/raw/Padded_imgs/BTR_60/HB03941 (another copy).JPG,15,BTR_60,HB03941 (another copy)
data/raw/Padded_imgs/BTR_60/HB03941 (copy).JPG,15,BTR_60,HB03941 (copy)
data/raw/Padded_imgs/BTR_60/HB03941.JPG,15,BTR_60,HB03941
data/raw/Padded_imgs/BTR_60/HB03942 (another copy).JPG,15,BTR_60,HB03942 (another copy)
data/raw/Padded_imgs/BTR_60/HB03942 (copy).JPG,15,BTR_60,HB03942 (copy)
data/raw/Padded_imgs/BTR_60/HB03942.JPG,15,BTR_60,HB03942
data/raw/Padded_imgs/BTR_60/HB03943 (another copy).JPG,15,BTR_60,HB03943 (another copy)
data/raw/Padded_imgs/BTR_60/HB03943 (copy).JPG,15,BTR_60,HB03943 (copy)
data/raw/Padded_imgs/BTR_60/HB03943.JPG,15,BTR_60,HB03943
data/raw/Padded_imgs/BTR_60/HB03944 (another copy).JPG,15,BTR_60,HB03944 (another copy)
data/raw/Padded_imgs/BTR_60/HB03944 (copy).JPG,15,BTR_60,HB03944 (copy)
data/raw/Padded_imgs/BTR_60/HB03944.JPG,15,BTR_60,HB03944
data/raw/Padded_imgs/BTR_60/HB03945 (another copy).JPG,15,BTR_60,HB03945 (another copy)
data/raw/Padded_imgs/BTR_60/HB03945 (copy).JPG,15,BTR_60,HB03945 (copy)
data/raw/Padded_imgs/BTR_60/HB03945.JPG,15,BTR_60,HB03945
data/raw/Padded_imgs/BTR_60/HB03946 (another copy).JPG,15,BTR_60,HB03946 (another copy)
data/raw/Padded_imgs/BTR_60/HB03946 (copy).JPG,15,BTR_60,HB03946 (copy)
data/raw/Padded_imgs/BTR_60/HB03946.JPG,15,BTR_60,HB03946
data/raw/Padded_imgs/BTR_60/HB03947 (another copy).JPG,15,BTR_60,HB03947 (another copy)
data/raw/Padded_imgs/BTR_60/HB03947 (copy).JPG,15,BTR_60,HB03947 (copy)
data/raw/Padded_imgs/BTR_60/HB03947.JPG,15,BTR_60,HB03947
data/raw/Padded_imgs/BTR_60/HB03948 (another copy).JPG,15,BTR_60,HB03948 (another copy)
data/raw/Padded_imgs/BTR_60/HB03948 (copy).JPG,15,BTR_60,HB03948 (copy)
data/raw/Padded_imgs/BTR_60/HB03948.JPG,15,BTR_60,HB03948
data/raw/Padded_imgs/BTR_60/HB03949 (another copy).JPG,15,BTR_60,HB03949 (another copy)
data/raw/Padded_imgs/BTR_60/HB03949 (copy).JPG,15,BTR_60,HB03949 (copy)
data/raw/Padded_imgs/BTR_60/HB03949.JPG,15,BTR_60,HB03949
data/raw/Padded_imgs/BTR_60/HB03950 (another copy).JPG,15,BTR_60,HB03950 (another copy)
data/raw/Padded_imgs/BTR_60/HB03950 (copy).JPG,15,BTR_60,HB03950 (copy)
data/raw/Padded_imgs/BTR_60/HB03950.JPG,15,BTR_60,HB03950
data/raw/Padded_imgs/BTR_60/HB03951 (another copy).JPG,15,BTR_60,HB03951 (another copy)
data/raw/Padded_imgs/BTR_60/HB03951 (copy).JPG,15,BTR_60,HB03951 (copy)
data/raw/Padded_imgs/BTR_60/HB03951.JPG,15,BTR_60,HB03951
data/raw/Padded_imgs/BTR_60/HB03952 (another copy).JPG,15,BTR_60,HB03952 (another copy)
data/raw/Padded_imgs/BTR_60/HB03952 (copy).JPG,15,BTR_60,HB03952 (copy)
data/raw/Padded_imgs/BTR_60/HB03952.JPG,15,BTR_60,HB03952
data/raw/Padded_imgs/BTR_60/HB03953 (another copy).JPG,15,BTR_60,HB03953 (another copy)
data/raw/Padded_imgs/BTR_60/HB03953 (copy).JPG,15,BTR_60,HB03953 (copy)
data/raw/Padded_imgs/BTR_60/HB03953.JPG,15,BTR_60,HB03953
data/raw/Padded_imgs/BTR_60/HB03954 (another copy).JPG,15,BTR_60,HB03954 (another copy)
data/raw/Padded_imgs/BTR_60/HB03954 (copy).JPG,15,BTR_60,HB03954 (copy)
data/raw/Padded_imgs/BTR_60/HB03954.JPG,15,BTR_60,HB03954
data/raw/Padded_imgs/BTR_60/HB03955 (another copy).JPG,15,BTR_60,HB03955 (another copy)
data/raw/Padded_imgs/BTR_60/HB03955 (copy).JPG,15,BTR_60,HB03955 (copy)
data/raw/Padded_imgs/BTR_60/HB03955.JPG,15,BTR_60,HB03955
data/raw/Padded_imgs/BTR_60/HB03956 (another copy).JPG,15,BTR_60,HB03956 (another copy)
data/raw/Padded_imgs/BTR_60/HB03956 (copy).JPG,15,BTR_60,HB03956 (copy)
data/raw/Padded_imgs/BTR_60/HB03956.JPG,15,BTR_60,HB03956
data/raw/Padded_imgs/BTR_60/HB03957 (another copy).JPG,15,BTR_60,HB03957 (another copy)
data/raw/Padded_imgs/BTR_60/HB03957 (copy).JPG,15,BTR_60,HB03957 (copy)
data/raw/Padded_imgs/BTR_60/HB03957.JPG,15,BTR_60,HB03957
data/raw/Padded_imgs/BTR_60/HB03958 (another copy).JPG,15,BTR_60,HB03958 (another copy)
data/raw/Padded_imgs/BTR_60/HB03958 (copy).JPG,15,BTR_60,HB03958 (copy)
data/raw/Padded_imgs/BTR_60/HB03958.JPG,15,BTR_60,HB03958
data/raw/Padded_imgs/BTR_60/HB03959 (another copy).JPG,15,BTR_60,HB03959 (another copy)
data/raw/Padded_imgs/BTR_60/HB03959 (copy).JPG,15,BTR_60,HB03959 (copy)
data/raw/Padded_imgs/BTR_60/HB03959.JPG,15,BTR_60,HB03959
data/raw/Padded_imgs/BTR_60/HB03960 (another copy).JPG,15,BTR_60,HB03960 (another copy)
data/raw/Padded_imgs/BTR_60/HB03960 (copy).JPG,15,BTR_60,HB03960 (copy)
data/raw/Padded_imgs/BTR_60/HB03960.JPG,15,BTR_60,HB03960
data/raw/Padded_imgs/BTR_60/HB03962 (another copy).JPG,15,BTR_60,HB03962 (another copy)
data/raw/Padded_imgs/BTR_60/HB03962 (copy).JPG,15,BTR_60,HB03962 (copy)
data/raw/Padded_imgs/BTR_60/HB03962.JPG,15,BTR_60,HB03962
data/raw/Padded_imgs/BTR_60/HB03963 (another copy).JPG,15,BTR_60,HB03963 (another copy)
data/raw/Padded_imgs/BTR_60/HB03963 (copy).JPG,15,BTR_60,HB03963 (copy)
data/raw/Padded_imgs/BTR_60/HB03963.JPG,15,BTR_60,HB03963
data/raw/Padded_imgs/BTR_60/HB03964 (another copy).JPG,15,BTR_60,HB03964 (another copy)
data/raw/Padded_imgs/BTR_60/HB03964 (copy).JPG,15,BTR_60,HB03964 (copy)
data/raw/Padded_imgs/BTR_60/HB03964.JPG,15,BTR_60,HB03964
data/raw/Padded_imgs/BTR_60/HB03965 (another copy).JPG,15,BTR_60,HB03965 (another copy)
data/raw/Padded_imgs/BTR_60/HB03965 (copy).JPG,15,BTR_60,HB03965 (copy)
data/raw/Padded_imgs/BTR_60/HB03965.JPG,15,BTR_60,HB03965
data/raw/Padded_imgs/BTR_60/HB03967 (another copy).JPG,15,BTR_60,HB03967 (another copy)
data/raw/Padded_imgs/BTR_60/HB03967 (copy).JPG,15,BTR_60,HB03967 (copy)
data/raw/Padded_imgs/BTR_60/HB03967.JPG,15,BTR_60,HB03967
data/raw/Padded_imgs/BTR_60/HB03968 (another copy).JPG,15,BTR_60,HB03968 (another copy)
data/raw/Padded_imgs/BTR_60/HB03968 (copy).JPG,15,BTR_60,HB03968 (copy)
data/raw/Padded_imgs/BTR_60/HB03968.JPG,15,BTR_60,HB03968
data/raw/Padded_imgs/BTR_60/HB03969 (another copy).JPG,15,BTR_60,HB03969 (another copy)
data/raw/Padded_imgs/BTR_60/HB03969 (copy).JPG,15,BTR_60,HB03969 (copy)
data/raw/Padded_imgs/BTR_60/HB03969.JPG,15,BTR_60,HB03969
data/raw/Padded_imgs/BTR_60/HB03970 (another copy).JPG,15,BTR_60,HB03970 (another copy)
data/raw/Padded_imgs/BTR_60/HB03970 (copy).JPG,15,BTR_60,HB03970 (copy)
data/raw/Padded_imgs/BTR_60/HB03970.JPG,15,BTR_60,HB03970
data/raw/Padded_imgs/BTR_60/HB03971 (another copy).JPG,15,BTR_60,HB03971 (another copy)
data/raw/Padded_imgs/BTR_60/HB03971 (copy).JPG,15,BTR_60,HB03971 (copy)
data/raw/Padded_imgs/BTR_60/HB03971.JPG,15,BTR_60,HB03971
data/raw/Padded_imgs/BTR_60/HB03972 (another copy).JPG,15,BTR_60,HB03972 (another copy)
data/raw/Padded_imgs/BTR_60/HB03972 (copy).JPG,15,BTR_60,HB03972 (copy)
data/raw/Padded_imgs/BTR_60/HB03972.JPG,15,BTR_60,HB03972
data/raw/Padded_imgs/BTR_60/HB03973 (another copy).JPG,15,BTR_60,HB03973 (another copy)
data/raw/Padded_imgs/BTR_60/HB03973 (copy).JPG,15,BTR_60,HB03973 (copy)
data/raw/Padded_imgs/BTR_60/HB03973.JPG,15,BTR_60,HB03973
data/raw/Padded_imgs/BTR_60/HB03974 (another copy).JPG,15,BTR_60,HB03974 (another copy)
data/raw/Padded_imgs/BTR_60/HB03974 (copy).JPG,15,BTR_60,HB03974 (copy)
data/raw/Padded_imgs/BTR_60/HB03974.JPG,15,BTR_60,HB03974
data/raw/Padded_imgs/BTR_60/HB03975 (another copy).JPG,15,BTR_60,HB03975 (another copy)
data/raw/Padded_imgs/BTR_60/HB03975 (copy).JPG,15,BTR_60,HB03975 (copy)
data/raw/Padded_imgs/BTR_60/HB03975.JPG,15,BTR_60,HB03975
data/raw/Padded_imgs/BTR_60/HB03976 (another copy).JPG,15,BTR_60,HB03976 (another copy)
data/raw/Padded_imgs/BTR_60/HB03976 (copy).JPG,15,BTR_60,HB03976 (copy)
data/raw/Padded_imgs/BTR_60/HB03976.JPG,15,BTR_60,HB03976
data/raw/Padded_imgs/BTR_60/HB03977 (another copy).JPG,15,BTR_60,HB03977 (another copy)
data/raw/Padded_imgs/BTR_60/HB03977 (copy).JPG,15,BTR_60,HB03977 (copy)
data/raw/Padded_imgs/BTR_60/HB03977.JPG,15,BTR_60,HB03977
data/raw/Padded_imgs/BTR_60/HB03978 (another copy).JPG,15,BTR_60,HB03978 (another copy)
data/raw/Padded_imgs/BTR_60/HB03978 (copy).JPG,15,BTR_60,HB03978 (copy)
data/raw/Padded_imgs/BTR_60/HB03978.JPG,15,BTR_60,HB03978
data/raw/Padded_imgs/BTR_60/HB03979 (another copy).JPG,15,BTR_60,HB03979 (another copy)
data/raw/Padded_imgs/BTR_60/HB03979 (copy).JPG,15,BTR_60,HB03979 (copy)
data/raw/Padded_imgs/BTR_60/HB03979.JPG,15,BTR_60,HB03979
data/raw/Padded_imgs/BTR_60/HB03980 (another copy).JPG,15,BTR_60,HB03980 (another copy)
data/raw/Padded_imgs/BTR_60/HB03980 (copy).JPG,15,BTR_60,HB03980 (copy)
data/raw/Padded_imgs/BTR_60/HB03980.JPG,15,BTR_60,HB03980
data/raw/Padded_imgs/BTR_60/HB03981 (another copy).JPG,15,BTR_60,HB03981 (another copy)
data/raw/Padded_imgs/BTR_60/HB03981 (copy).JPG,15,BTR_60,HB03981 (copy)
data/raw/Padded_imgs/BTR_60/HB03981.JPG,15,BTR_60,HB03981
data/raw/Padded_imgs/BTR_60/HB03982 (another copy).JPG,15,BTR_60,HB03982 (another copy)
data/raw/Padded_imgs/BTR_60/HB03982 (copy).JPG,15,BTR_60,HB03982 (copy)
data/raw/Padded_imgs/BTR_60/HB03982.JPG,15,BTR_60,HB03982
data/raw/Padded_imgs/BTR_60/HB03983 (another copy).JPG,15,BTR_60,HB03983 (another copy)
data/raw/Padded_imgs/BTR_60/HB03983 (copy).JPG,15,BTR_60,HB03983 (copy)
data/raw/Padded_imgs/BTR_60/HB03983.JPG,15,BTR_60,HB03983
data/raw/Padded_imgs/BTR_60/HB03985 (another copy).JPG,15,BTR_60,HB03985 (another copy)
data/raw/Padded_imgs/BTR_60/HB03985 (copy).JPG,15,BTR_60,HB03985 (copy)
data/raw/Padded_imgs/BTR_60/HB03985.JPG,15,BTR_60,HB03985
data/raw/Padded_imgs/BTR_60/HB03986 (another copy).JPG,15,BTR_60,HB03986 (another copy)
data/raw/Padded_imgs/BTR_60/HB03986 (copy).JPG,15,BTR_60,HB03986 (copy)
data/raw/Padded_imgs/BTR_60/HB03986.JPG,15,BTR_60,HB03986
data/raw/Padded_imgs/BTR_60/HB03987 (another copy).JPG,15,BTR_60,HB03987 (another copy)
data/raw/Padded_imgs/BTR_60/HB03987 (copy).JPG,15,BTR_60,HB03987 (copy)
data/raw/Padded_imgs/BTR_60/HB03987.JPG,15,BTR_60,HB03987
data/raw/Padded_imgs/BTR_60/HB03988 (another copy).JPG,15,BTR_60,HB03988 (another copy)
data/raw/Padded_imgs/BTR_60/HB03988 (copy).JPG,15,BTR_60,HB03988 (copy)
data/raw/Padded_imgs/BTR_60/HB03988.JPG,15,BTR_60,HB03988
data/raw/Padded_imgs/BTR_60/HB03989 (another copy).JPG,15,BTR_60,HB03989 (another copy)
data/raw/Padded_imgs/BTR_60/HB03989 (copy).JPG,15,BTR_60,HB03989 (copy)
data/raw/Padded_imgs/BTR_60/HB03989.JPG,15,BTR_60,HB03989
data/raw/Padded_imgs/BTR_60/HB03990 (another copy).JPG,15,BTR_60,HB03990 (another copy)
data/raw/Padded_imgs/BTR_60/HB03990 (copy).JPG,15,BTR_60,HB03990 (copy)
data/raw/Padded_imgs/BTR_60/HB03990.JPG,15,BTR_60,HB03990
data/raw/Padded_imgs/BTR_60/HB03991 (another copy).JPG,15,BTR_60,HB03991 (another copy)
data/raw/Padded_imgs/BTR_60/HB03991 (copy).JPG,15,BTR_60,HB03991 (copy)
data/raw/Padded_imgs/BTR_60/HB03991.JPG,15,BTR_60,HB03991
data/raw/Padded_imgs/BTR_60/HB03992 (another copy).JPG,15,BTR_60,HB03992 (another copy)
data/raw/Padded_imgs/BTR_60/HB03992 (copy).JPG,15,BTR_60,HB03992 (copy)
data/raw/Padded_imgs/BTR_60/HB03992.JPG,15,BTR_60,HB03992
data/raw/Padded_imgs/BTR_60/HB03993 (another copy).JPG,15,BTR_60,HB03993 (another copy)
data/raw/Padded_imgs/BTR_60/HB03993 (copy).JPG,15,BTR_60,HB03993 (copy)
data/raw/Padded_imgs/BTR_60/HB03993.JPG,15,BTR_60,HB03993
data/raw/Padded_imgs/BTR_60/HB03994 (another copy).JPG,15,BTR_60,HB03994 (another copy)
data/raw/Padded_imgs/BTR_60/HB03994 (copy).JPG,15,BTR_60,HB03994 (copy)
data/raw/Padded_imgs/BTR_60/HB03994.JPG,15,BTR_60,HB03994
data/raw/Padded_imgs/BTR_60/HB03995 (another copy).JPG,15,BTR_60,HB03995 (another copy)
data/raw/Padded_imgs/BTR_60/HB03995 (copy).JPG,15,BTR_60,HB03995 (copy)
data/raw/Padded_imgs/BTR_60/HB03995.JPG,15,BTR_60,HB03995
data/raw/Padded_imgs/BTR_60/HB03998 (another copy).JPG,15,BTR_60,HB03998 (another copy)
data/raw/Padded_imgs/BTR_60/HB03998 (copy).JPG,15,BTR_60,HB03998 (copy)
data/raw/Padded_imgs/BTR_60/HB03998.JPG,15,BTR_60,HB03998
data/raw/Padded_imgs/BTR_60/HB04000 (another copy).JPG,15,BTR_60,HB04000 (another copy)
data/raw/Padded_imgs/BTR_60/HB04000 (copy).JPG,15,BTR_60,HB04000 (copy)
data/raw/Padded_imgs/BTR_60/HB04000.JPG,15,BTR_60,HB04000
data/raw/Padded_imgs/BTR_60/HB04001 (another copy).JPG,15,BTR_60,HB04001 (another copy)
data/raw/Padded_imgs/BTR_60/HB04001 (copy).JPG,15,BTR_60,HB04001 (copy)
data/raw/Padded_imgs/BTR_60/HB04001.JPG,15,BTR_60,HB04001
data/raw/Padded_imgs/BTR_60/HB04002 (another copy).JPG,15,BTR_60,HB04002 (another copy)
data/raw/Padded_imgs/BTR_60/HB04002 (copy).JPG,15,BTR_60,HB04002 (copy)
data/raw/Padded_imgs/BTR_60/HB04002.JPG,15,BTR_60,HB04002
data/raw/Padded_imgs/BTR_60/HB04003 (another copy).JPG,15,BTR_60,HB04003 (another copy)
data/raw/Padded_imgs/BTR_60/HB04003 (copy).JPG,15,BTR_60,HB04003 (copy)
data/raw/Padded_imgs/BTR_60/HB04003.JPG,15,BTR_60,HB04003
data/raw/Padded_imgs/BTR_60/HB04004 (another copy).JPG,15,BTR_60,HB04004 (another copy)
data/raw/Padded_imgs/BTR_60/HB04004 (copy).JPG,15,BTR_60,HB04004 (copy)
data/raw/Padded_imgs/BTR_60/HB04004.JPG,15,BTR_60,HB04004
data/raw/Padded_imgs/BTR_60/HB04005 (another copy).JPG,15,BTR_60,HB04005 (another copy)
data/raw/Padded_imgs/BTR_60/HB04005 (copy).JPG,15,BTR_60,HB04005 (copy)
data/raw/Padded_imgs/BTR_60/HB04005.JPG,15,BTR_60,HB04005
data/raw/Padded_imgs/BTR_60/HB04006 (another copy).JPG,15,BTR_60,HB04006 (another copy)
data/raw/Padded_imgs/BTR_60/HB04006 (copy).JPG,15,BTR_60,HB04006 (copy)
data/raw/Padded_imgs/BTR_60/HB04006.JPG,15,BTR_60,HB04006
data/raw/Padded_imgs/BTR_60/HB04007 (another copy).JPG,15,BTR_60,HB04007 (another copy)
data/raw/Padded_imgs/BTR_60/HB04007 (copy).JPG,15,BTR_60,HB04007 (copy)
data/raw/Padded_imgs/BTR_60/HB04007.JPG,15,BTR_60,HB04007
data/raw/Padded_imgs/BTR_60/HB04008 (another copy).JPG,15,BTR_60,HB04008 (another copy)
data/raw/Padded_imgs/BTR_60/HB04008 (copy).JPG,15,BTR_60,HB04008 (copy)
data/raw/Padded_imgs/BTR_60/HB04008.JPG,15,BTR_60,HB04008
data/raw/Padded_imgs/BTR_60/HB04009 (another copy).JPG,15,BTR_60,HB04009 (another copy)
data/raw/Padded_imgs/BTR_60/HB04009 (copy).JPG,15,BTR_60,HB04009 (copy)
data/raw/Padded_imgs/BTR_60/HB04009.JPG,15,BTR_60,HB04009
data/raw/Padded_imgs/BTR_60/HB04010 (another copy).JPG,15,BTR_60,HB04010 (another copy)
data/raw/Padded_imgs/BTR_60/HB04010 (copy).JPG,15,BTR_60,HB04010 (copy)
data/raw/Padded_imgs/BTR_60/HB04010.JPG,15,BTR_60,HB04010
data/raw/Padded_imgs/BTR_60/HB04011 (another copy).JPG,15,BTR_60,HB04011 (another copy)
data/raw/Padded_imgs/BTR_60/HB04011 (copy).JPG,15,BTR_60,HB04011 (copy)
data/raw/Padded_imgs/BTR_60/HB04011.JPG,15,BTR_60,HB04011
data/raw/Padded_imgs/BTR_60/HB04012 (another copy).JPG,15,BTR_60,HB04012 (another copy)
data/raw/Padded_imgs/BTR_60/HB04012 (copy).JPG,15,BTR_60,HB04012 (copy)
data/raw/Padded_imgs/BTR_60/HB04012.JPG,15,BTR_60,HB04012
data/raw/Padded_imgs/BTR_60/HB04013 (another copy).JPG,15,BTR_60,HB04013 (another copy)
data/raw/Padded_imgs/BTR_60/HB04013 (copy).JPG,15,BTR_60,HB04013 (copy)
data/raw/Padded_imgs/BTR_60/HB04013.JPG,15,BTR_60,HB04013
data/raw/Padded_imgs/BTR_60/HB04014 (another copy).JPG,15,BTR_60,HB04014 (another copy)
data/raw/Padded_imgs/BTR_60/HB04014 (copy).JPG,15,BTR_60,HB04014 (copy)
data/raw/Padded_imgs/BTR_60/HB04014.JPG,15,BTR_60,HB04014
data/raw/Padded_imgs/BTR_60/HB04015 (another copy).JPG,15,BTR_60,HB04015 (another copy)
data/raw/Padded_imgs/BTR_60/HB04015 (copy).JPG,15,BTR_60,HB04015 (copy)
data/raw/Padded_imgs/BTR_60/HB04015.JPG,15,BTR_60,HB04015
data/raw/Padded_imgs/BTR_60/HB04016 (another copy).JPG,15,BTR_60,HB04016 (another copy)
data/raw/Padded_imgs/BTR_60/HB04016 (copy).JPG,15,BTR_60,HB04016 (copy)
data/raw/Padded_imgs/BTR_60/HB04016.JPG,15,BTR_60,HB04016
data/raw/Padded_imgs/BTR_60/HB04017 (another copy).JPG,17,BTR_60,HB04017 (another copy)
data/raw/Padded_imgs/BTR_60/HB04017 (copy).JPG,17,BTR_60,HB04017 (copy)
data/raw/Padded_imgs/BTR_60/HB04017.JPG,17,BTR_60,HB04017
data/raw/Padded_imgs/BTR_60/HB04018 (another copy).JPG,15,BTR_60,HB04018 (another copy)
data/raw/Padded_imgs/BTR_60/HB04018 (copy).JPG,15,BTR_60,HB04018 (copy)
data/raw/Padded_imgs/BTR_60/HB04018.JPG,15,BTR_60,HB04018
data/raw/Padded_imgs/BTR_60/HB04020 (another copy).JPG,15,BTR_60,HB04020 (another copy)
data/raw/Padded_imgs/BTR_60/HB04020 (copy).JPG,15,BTR_60,HB04020 (copy)
data/raw/Padded_imgs/BTR_60/HB04020.JPG,15,BTR_60,HB04020
data/raw/Padded_imgs/BTR_60/HB04021 (another copy).JPG,15,BTR_60,HB04021 (another copy)
data/raw/Padded_imgs/BTR_60/HB04021 (copy).JPG,15,BTR_60,HB04021 (copy)
data/raw/Padded_imgs/BTR_60/HB04021.JPG,15,BTR_60,HB04021
data/raw/Padded_imgs/BTR_60/HB04022 (another copy).JPG,15,BTR_60,HB04022 (another copy)
data/raw/Padded_imgs/BTR_60/HB04022 (copy).JPG,15,BTR_60,HB04022 (copy)
data/raw/Padded_imgs/BTR_60/HB04022.JPG,15,BTR_60,HB04022
data/raw/Padded_imgs/BTR_60/HB04023 (another copy).JPG,15,BTR_60,HB04023 (another copy)
data/raw/Padded_imgs/BTR_60/HB04023 (copy).JPG,15,BTR_60,HB04023 (copy)
data/raw/Padded_imgs/BTR_60/HB04023.JPG,15,BTR_60,HB04023
data/raw/Padded_imgs/BTR_60/HB04024 (another copy).JPG,15,BTR_60,HB04024 (another copy)
data/raw/Padded_imgs/BTR_60/HB04024 (copy).JPG,15,BTR_60,HB04024 (copy)
data/raw/Padded_imgs/BTR_60/HB04024.JPG,15,BTR_60,HB04024
data/raw/Padded_imgs/BTR_60/HB04025 (another copy).JPG,15,BTR_60,HB04025 (another copy)
data/raw/Padded_imgs/BTR_60/HB04025 (copy).JPG,15,BTR_60,HB04025 (copy)
data/raw/Padded_imgs/BTR_60/HB04025.JPG,15,BTR_60,HB04025
data/raw/Padded_imgs/BTR_60/HB04026 (another copy).JPG,15,BTR_60,HB04026 (another copy)
data/raw/Padded_imgs/BTR_60/HB04026 (copy).JPG,15,BTR_60,HB04026 (copy)
data/raw/Padded_imgs/BTR_60/HB04026.JPG,15,BTR_60,HB04026
data/raw/Padded_imgs/BTR_60/HB04027 (another copy).JPG,15,BTR_60,HB04027 (another copy)
data/raw/Padded_imgs/BTR_60/HB04027 (copy).JPG,15,BTR_60,HB04027 (copy)
data/raw/Padded_imgs/BTR_60/HB04027.JPG,15,BTR_60,HB04027
data/raw/Padded_imgs/BTR_60/HB04028 (another copy).JPG,15,BTR_60,HB04028 (another copy)
data/raw/Padded_imgs/BTR_60/HB04028 (copy).JPG,15,BTR_60,HB04028 (copy)
data/raw/Padded_imgs/BTR_60/HB04028.JPG,15,BTR_60,HB04028
data/raw/Padded_imgs/BTR_60/HB04029 (another copy).JPG,15,BTR_60,HB04029 (another copy)
data/raw/Padded_imgs/BTR_60/HB04029 (copy).JPG,15,BTR_60,HB04029 (copy)
data/raw/Padded_imgs/BTR_60/HB04029.JPG,15,BTR_60,HB04029
data/raw/Padded_imgs/BTR_60/HB04030 (another copy).JPG,15,BTR_60,HB04030 (another copy)
data/raw/Padded_imgs/BTR_60/HB04030 (copy).JPG,15,BTR_60,HB04030 (copy)
data/raw/Padded_imgs/BTR_60/HB04030.JPG,15,BTR_60,HB04030
data/raw/Padded_imgs/BTR_60/HB04033 (another copy).JPG,15,BTR_60,HB04033 (another copy)
data/raw/Padded_imgs/BTR_60/HB04033 (copy).JPG,15,BTR_60,HB04033 (copy)
data/raw/Padded_imgs/BTR_60/HB04033.JPG,15,BTR_60,HB04033
data/raw/Padded_imgs/BTR_60/HB04034 (another copy).JPG,15,BTR_60,HB04034 (another copy)
data/raw/Padded_imgs/BTR_60/HB04034 (copy).JPG,15,BTR_60,HB04034 (copy)
data/raw/Padded_imgs/BTR_60/HB04034.JPG,15,BTR_60,HB04034
data/raw/Padded_imgs/BTR_60/HB04035 (another copy).JPG,15,BTR_60,HB04035 (another copy)
data/raw/Padded_imgs/BTR_60/HB04035 (copy).JPG,15,BTR_60,HB04035 (copy)
data/raw/Padded_imgs/BTR_60/HB04035.JPG,15,BTR_60,HB04035
data/raw/Padded_imgs/BTR_60/HB04036 (another copy).JPG,15,BTR_60,HB04036 (another copy)
data/raw/Padded_imgs/BTR_60/HB04036 (copy).JPG,15,BTR_60,HB04036 (copy)
data/raw/Padded_imgs/BTR_60/HB04036.JPG,15,BTR_60,HB04036
data/raw/Padded_imgs/BTR_60/HB04037 (another copy).JPG,15,BTR_60,HB04037 (another copy)
data/raw/Padded_imgs/BTR_60/HB04037 (copy).JPG,15,BTR_60,HB04037 (copy)
data/raw/Padded_imgs/BTR_60/HB04037.JPG,15,BTR_60,HB04037
data/raw/Padded_imgs/BTR_60/HB04038 (another copy).JPG,15,BTR_60,HB04038 (another copy)
data/raw/Padded_imgs/BTR_60/HB04038 (copy).JPG,15,BTR_60,HB04038 (copy)
data/raw/Padded_imgs/BTR_60/HB04038.JPG,15,BTR_60,HB04038
data/raw/Padded_imgs/BTR_60/HB04039 (another copy).JPG,15,BTR_60,HB04039 (another copy)
data/raw/Padded_imgs/BTR_60/HB04039 (copy).JPG,15,BTR_60,HB04039 (copy)
data/raw/Padded_imgs/BTR_60/HB04039.JPG,15,BTR_60,HB04039
data/raw/Padded_imgs/BTR_60/HB04040 (another copy).JPG,15,BTR_60,HB04040 (another copy)
data/raw/Padded_imgs/BTR_60/HB04040 (copy).JPG,15,BTR_60,HB04040 (copy)
data/raw/Padded_imgs/BTR_60/HB04040.JPG,15,BTR_60,HB04040
data/raw/Padded_imgs/BTR_60/HB04041 (another copy).JPG,15,BTR_60,HB04041 (another copy)
data/raw/Padded_imgs/BTR_60/HB04041 (copy).JPG,15,BTR_60,HB04041 (copy)
data/raw/Padded_imgs/BTR_60/HB04041.JPG,15,BTR_60,HB04041
data/raw/Padded_imgs/BTR_60/HB04042 (another copy).JPG,15,BTR_60,HB04042 (another copy)
data/raw/Padded_imgs/BTR_60/HB04042 (copy).JPG,15,BTR_60,HB04042 (copy)
data/raw/Padded_imgs/BTR_60/HB04042.JPG,15,BTR_60,HB04042
data/raw/Padded_imgs/BTR_60/HB04043 (another copy).JPG,15,BTR_60,HB04043 (another copy)
data/raw/Padded_imgs/BTR_60/HB04043 (copy).JPG,15,BTR_60,HB04043 (copy)
data/raw/Padded_imgs/BTR_60/HB04043.JPG,15,BTR_60,HB04043
data/raw/Padded_imgs/BTR_60/HB04046 (another copy).JPG,15,BTR_60,HB04046 (another copy)
data/raw/Padded_imgs/BTR_60/HB04046 (copy).JPG,15,BTR_60,HB04046 (copy)
data/raw/Padded_imgs/BTR_60/HB04046.JPG,15,BTR_60,HB04046
data/raw/Padded_imgs/BTR_60/HB04047 (another copy).JPG,15,BTR_60,HB04047 (another copy)
data/raw/Padded_imgs/BTR_60/HB04047 (copy).JPG,15,BTR_60,HB04047 (copy)
data/raw/Padded_imgs/BTR_60/HB04047.JPG,15,BTR_60,HB04047
data/raw/Padded_imgs/BTR_60/HB04048 (another copy).JPG,15,BTR_60,HB04048 (another copy)
data/raw/Padded_imgs/BTR_60/HB04048 (copy).JPG,15,BTR_60,HB04048 (copy)
data/raw/Padded_imgs/BTR_60/HB04048.JPG,15,BTR_60,HB04048
data/raw/Padded_imgs/BTR_60/HB04049 (another copy).JPG,15,BTR_60,HB04049 (another copy)
data/raw/Padded_imgs/BTR_60/HB04049 (copy).JPG,15,BTR_60,HB04049 (copy)
data/raw/Padded_imgs/BTR_60/HB04049.JPG,15,BTR_60,HB04049
data/raw/Padded_imgs/BTR_60/HB04050 (another copy).JPG,15,BTR_60,HB04050 (another copy)
data/raw/Padded_imgs/BTR_60/HB04050 (copy).JPG,15,BTR_60,HB04050 (copy)
data/raw/Padded_imgs/BTR_60/HB04050.JPG,15,BTR_60,HB04050
data/raw/Padded_imgs/BTR_60/HB04051 (another copy).JPG,15,BTR_60,HB04051 (another copy)
data/raw/Padded_imgs/BTR_60/HB04051 (copy).JPG,15,BTR_60,HB04051 (copy)
data/raw/Padded_imgs/BTR_60/HB04051.JPG,15,BTR_60,HB04051
data/raw/Padded_imgs/BTR_60/HB04054 (another copy).JPG,15,BTR_60,HB04054 (another copy)
data/raw/Padded_imgs/BTR_60/HB04054 (copy).JPG,15,BTR_60,HB04054 (copy)
data/raw/Padded_imgs/BTR_60/HB04054.JPG,15,BTR_60,HB04054
data/raw/Padded_imgs/BTR_60/HB04055 (another copy).JPG,15,BTR_60,HB04055 (another copy)
data/raw/Padded_imgs/BTR_60/HB04055 (copy).JPG,15,BTR_60,HB04055 (copy)
data/raw/Padded_imgs/BTR_60/HB04055.JPG,15,BTR_60,HB04055
data/raw/Padded_imgs/BTR_60/HB04056 (another copy).JPG,15,BTR_60,HB04056 (another copy)
data/raw/Padded_imgs/BTR_60/HB04056 (copy).JPG,15,BTR_60,HB04056 (copy)
data/raw/Padded_imgs/BTR_60/HB04056.JPG,15,BTR_60,HB04056
data/raw/Padded_imgs/BTR_60/HB04057 (another copy).JPG,15,BTR_60,HB04057 (another copy)
data/raw/Padded_imgs/BTR_60/HB04057 (copy).JPG,15,BTR_60,HB04057 (copy)
data/raw/Padded_imgs/BTR_60/HB04057.JPG,15,BTR_60,HB04057
data/raw/Padded_imgs/BTR_60/HB04058 (another copy).JPG,15,BTR_60,HB04058 (another copy)
data/raw/Padded_imgs/BTR_60/HB04058 (copy).JPG,15,BTR_60,HB04058 (copy)
data/raw/Padded_imgs/BTR_60/HB04058.JPG,15,BTR_60,HB04058
data/raw/Padded_imgs/BTR_60/HB04059 (another copy).JPG,15,BTR_60,HB04059 (another copy)
data/raw/Padded_imgs/BTR_60/HB04059 (copy).JPG,15,BTR_60,HB04059 (copy)
data/raw/Padded_imgs/BTR_60/HB04059.JPG,15,BTR_60,HB04059
data/raw/Padded_imgs/BTR_60/HB04060 (another copy).JPG,15,BTR_60,HB04060 (another copy)
data/raw/Padded_imgs/BTR_60/HB04060 (copy).JPG,15,BTR_60,HB04060 (copy)
data/raw/Padded_imgs/BTR_60/HB04060.JPG,15,BTR_60,HB04060
data/raw/Padded_imgs/BTR_60/HB04061 (another copy).JPG,15,BTR_60,HB04061 (another copy)
data/raw/Padded_imgs/BTR_60/HB04061 (copy).JPG,15,BTR_60,HB04061 (copy)
data/raw/Padded_imgs/BTR_60/HB04061.JPG,15,BTR_60,HB04061
data/raw/Padded_imgs/BTR_60/HB04062 (another copy).JPG,15,BTR_60,HB04062 (another copy)
data/raw/Padded_imgs/BTR_60/HB04062 (copy).JPG,15,BTR_60,HB04062 (copy)
data/raw/Padded_imgs/BTR_60/HB04062.JPG,15,BTR_60,HB04062
data/raw/Padded_imgs/BTR_60/HB04063 (another copy).JPG,15,BTR_60,HB04063 (another copy)
data/raw/Padded_imgs/BTR_60/HB04063 (copy).JPG,15,BTR_60,HB04063 (copy)
data/raw/Padded_imgs/BTR_60/HB04063.JPG,15,BTR_60,HB04063
data/raw/Padded_imgs/BTR_60/HB04064 (another copy).JPG,15,BTR_60,HB04064 (another copy)
data/raw/Padded_imgs/BTR_60/HB04064 (copy).JPG,15,BTR_60,HB04064 (copy)
data/raw/Padded_imgs/BTR_60/HB04064.JPG,15,BTR_60,HB04064
data/raw/Padded_imgs/BTR_60/HB04065 (another copy).JPG,15,BTR_60,HB04065 (another copy)
data/raw/Padded_imgs/BTR_60/HB04065 (copy).JPG,15,BTR_60,HB04065 (copy)
data/raw/Padded_imgs/BTR_60/HB04065.JPG,15,BTR_60,HB04065
data/raw/Padded_imgs/BTR_60/HB04066 (another copy).JPG,15,BTR_60,HB04066 (another copy)
data/raw/Padded_imgs/BTR_60/HB04066 (copy).JPG,15,BTR_60,HB04066 (copy)
data/raw/Padded_imgs/BTR_60/HB04066.JPG,15,BTR_60,HB04066
data/raw/Padded_imgs/BTR_60/HB04067 (another copy).JPG,15,BTR_60,HB04067 (another copy)
data/raw/Padded_imgs/BTR_60/HB04067 (copy).JPG,15,BTR_60,HB04067 (copy)
data/raw/Padded_imgs/BTR_60/HB04067.JPG,15,BTR_60,HB04067
data/raw/Padded_imgs/BTR_60/HB04933 (another copy).JPG,15,BTR_60,HB04933 (another copy)
data/raw/Padded_imgs/BTR_60/HB04933 (copy).JPG,15,BTR_60,HB04933 (copy)
data/raw/Padded_imgs/BTR_60/HB04933.JPG,15,BTR_60,HB04933
data/raw/Padded_imgs/BTR_60/HB04934 (another copy).JPG,15,BTR_60,HB04934 (another copy)
data/raw/Padded_imgs/BTR_60/HB04934 (copy).JPG,15,BTR_60,HB04934 (copy)
data/raw/Padded_imgs/BTR_60/HB04934.JPG,15,BTR_60,HB04934
data/raw/Padded_imgs/BTR_60/HB04936 (another copy).JPG,15,BTR_60,HB04936 (another copy)
data/raw/Padded_imgs/BTR_60/HB04936 (copy).JPG,15,BTR_60,HB04936 (copy)
data/raw/Padded_imgs/BTR_60/HB04936.JPG,15,BTR_60,HB04936
data/raw/Padded_imgs/BTR_60/HB04938 (another copy).JPG,15,BTR_60,HB04938 (another copy)
data/raw/Padded_imgs/BTR_60/HB04938 (copy).JPG,15,BTR_60,HB04938 (copy)
data/raw/Padded_imgs/BTR_60/HB04938.JPG,15,BTR_60,HB04938
data/raw/Padded_imgs/BTR_60/HB04940 (another copy).JPG,15,BTR_60,HB04940 (another copy)
data/raw/Padded_imgs/BTR_60/HB04940 (copy).JPG,15,BTR_60,HB04940 (copy)
data/raw/Padded_imgs/BTR_60/HB04940.JPG,15,BTR_60,HB04940
data/raw/Padded_imgs/BTR_60/HB04945 (another copy).JPG,15,BTR_60,HB04945 (another copy)
data/raw/Padded_imgs/BTR_60/HB04945 (copy).JPG,15,BTR_60,HB04945 (copy)
data/raw/Padded_imgs/BTR_60/HB04945.JPG,15,BTR_60,HB04945
data/raw/Padded_imgs/BTR_60/HB04946 (another copy).JPG,15,BTR_60,HB04946 (another copy)
data/raw/Padded_imgs/BTR_60/HB04946 (copy).JPG,15,BTR_60,HB04946 (copy)
data/raw/Padded_imgs/BTR_60/HB04946.JPG,15,BTR_60,HB04946
data/raw/Padded_imgs/BTR_60/HB04947 (another copy).JPG,15,BTR_60,HB04947 (another copy)
data/raw/Padded_imgs/BTR_60/HB04947 (copy).JPG,15,BTR_60,HB04947 (copy)
data/raw/Padded_imgs/BTR_60/HB04947.JPG,15,BTR_60,HB04947
data/raw/Padded_imgs/BTR_60/HB04949 (another copy).JPG,15,BTR_60,HB04949 (another copy)
data/raw/Padded_imgs/BTR_60/HB04949 (copy).JPG,15,BTR_60,HB04949 (copy)
data/raw/Padded_imgs/BTR_60/HB04949.JPG,15,BTR_60,HB04949
data/raw/Padded_imgs/BTR_60/HB04951 (another copy).JPG,15,BTR_60,HB04951 (another copy)
data/raw/Padded_imgs/BTR_60/HB04951 (copy).JPG,15,BTR_60,HB04951 (copy)
data/raw/Padded_imgs/BTR_60/HB04951.JPG,15,BTR_60,HB04951
data/raw/Padded_imgs/BTR_60/HB04952 (another copy).JPG,15,BTR_60,HB04952 (another copy)
data/raw/Padded_imgs/BTR_60/HB04952 (copy).JPG,15,BTR_60,HB04952 (copy)
data/raw/Padded_imgs/BTR_60/HB04952.JPG,15,BTR_60,HB04952
data/raw/Padded_imgs/BTR_60/HB04954 (another copy).JPG,15,BTR_60,HB04954 (another copy)
data/raw/Padded_imgs/BTR_60/HB04954 (copy).JPG,15,BTR_60,HB04954 (copy)
data/raw/Padded_imgs/BTR_60/HB04954.JPG,15,BTR_60,HB04954
data/raw/Padded_imgs/BTR_60/HB04957 (another copy).JPG,15,BTR_60,HB04957 (another copy)
data/raw/Padded_imgs/BTR_60/HB04957 (copy).JPG,15,BTR_60,HB04957 (copy)
data/raw/Padded_imgs/BTR_60/HB04957.JPG,15,BTR_60,HB04957
data/raw/Padded_imgs/BTR_60/HB04958 (another copy).JPG,15,BTR_60,HB04958 (another copy)
data/raw/Padded_imgs/BTR_60/HB04958 (copy).JPG,15,BTR_60,HB04958 (copy)
data/raw/Padded_imgs/BTR_60/HB04958.JPG,15,BTR_60,HB04958
data/raw/Padded_imgs/BTR_60/HB04959 (another copy).JPG,15,BTR_60,HB04959 (another copy)
data/raw/Padded_imgs/BTR_60/HB04959 (copy).JPG,15,BTR_60,HB04959 (copy)
data/raw/Padded_imgs/BTR_60/HB04959.JPG,15,BTR_60,HB04959
data/raw/Padded_imgs/BTR_60/HB04961 (another copy).JPG,15,BTR_60,HB04961 (another copy)
data/raw/Padded_imgs/BTR_60/HB04961 (copy).JPG,15,BTR_60,HB04961 (copy)
data/raw/Padded_imgs/BTR_60/HB04961.JPG,15,BTR_60,HB04961
data/raw/Padded_imgs/BTR_60/HB04963 (another copy).JPG,15,BTR_60,HB04963 (another copy)
data/raw/Padded_imgs/BTR_60/HB04963 (copy).JPG,15,BTR_60,HB04963 (copy)
data/raw/Padded_imgs/BTR_60/HB04963.JPG,15,BTR_60,HB04963
data/raw/Padded_imgs/BTR_60/HB04965 (another copy).JPG,15,BTR_60,HB04965 (another copy)
data/raw/Padded_imgs/BTR_60/HB04965 (copy).JPG,15,BTR_60,HB04965 (copy)
data/raw/Padded_imgs/BTR_60/HB04965.JPG,15,BTR_60,HB04965
data/raw/Padded_imgs/BTR_60/HB04967 (another copy).JPG,15,BTR_60,HB04967 (another copy)
data/raw/Padded_imgs/BTR_60/HB04967 (copy).JPG,15,BTR_60,HB04967 (copy)
data/raw/Padded_imgs/BTR_60/HB04967.JPG,15,BTR_60,HB04967
data/raw/Padded_imgs/BTR_60/HB04968 (another copy).JPG,15,BTR_60,HB04968 (another copy)
data/raw/Padded_imgs/BTR_60/HB04968 (copy).JPG,15,BTR_60,HB04968 (copy)
data/raw/Padded_imgs/BTR_60/HB04968.JPG,15,BTR_60,HB04968
data/raw/Padded_imgs/BTR_60/HB04971 (another copy).JPG,15,BTR_60,HB04971 (another copy)
data/raw/Padded_imgs/BTR_60/HB04971 (copy).JPG,15,BTR_60,HB04971 (copy)
data/raw/Padded_imgs/BTR_60/HB04971.JPG,15,BTR_60,HB04971
data/raw/Padded_imgs/BTR_60/HB04973 (another copy).JPG,15,BTR_60,HB04973 (another copy)
data/raw/Padded_imgs/BTR_60/HB04973 (copy).JPG,15,BTR_60,HB04973 (copy)
data/raw/Padded_imgs/BTR_60/HB04973.JPG,15,BTR_60,HB04973
data/raw/Padded_imgs/BTR_60/HB04975 (another copy).JPG,15,BTR_60,HB04975 (another copy)
data/raw/Padded_imgs/BTR_60/HB04975 (copy).JPG,15,BTR_60,HB04975 (copy)
data/raw/Padded_imgs/BTR_60/HB04975.JPG,15,BTR_60,HB04975
data/raw/Padded_imgs/BTR_60/HB04976 (another copy).JPG,15,BTR_60,HB04976 (another copy)
data/raw/Padded_imgs/BTR_60/HB04976 (copy).JPG,15,BTR_60,HB04976 (copy)
data/raw/Padded_imgs/BTR_60/HB04976.JPG,15,BTR_60,HB04976
data/raw/Padded_imgs/BTR_60/HB04977 (another copy).JPG,15,BTR_60,HB04977 (another copy)
data/raw/Padded_imgs/BTR_60/HB04977 (copy).JPG,15,BTR_60,HB04977 (copy)
data/raw/Padded_imgs/BTR_60/HB04977.JPG,15,BTR_60,HB04977
data/raw/Padded_imgs/BTR_60/HB04978 (another copy).JPG,15,BTR_60,HB04978 (another copy)
data/raw/Padded_imgs/BTR_60/HB04978 (copy).JPG,15,BTR_60,HB04978 (copy)
data/raw/Padded_imgs/BTR_60/HB04978.JPG,15,BTR_60,HB04978
data/raw/Padded_imgs/BTR_60/HB04980 (another copy).JPG,15,BTR_60,HB04980 (another copy)
data/raw/Padded_imgs/BTR_60/HB04980 (copy).JPG,15,BTR_60,HB04980 (copy)
data/raw/Padded_imgs/BTR_60/HB04980.JPG,15,BTR_60,HB04980
data/raw/Padded_imgs/BTR_60/HB04982 (another copy).JPG,15,BTR_60,HB04982 (another copy)
data/raw/Padded_imgs/BTR_60/HB04982 (copy).JPG,15,BTR_60,HB04982 (copy)
data/raw/Padded_imgs/BTR_60/HB04982.JPG,15,BTR_60,HB04982
data/raw/Padded_imgs/BTR_60/HB04984 (another copy).JPG,15,BTR_60,HB04984 (another copy)
data/raw/Padded_imgs/BTR_60/HB04984 (copy).JPG,15,BTR_60,HB04984 (copy)
data/raw/Padded_imgs/BTR_60/HB04984.JPG,15,BTR_60,HB04984
data/raw/Padded_imgs/BTR_60/HB04985 (another copy).JPG,15,BTR_60,HB04985 (another copy)
data/raw/Padded_imgs/BTR_60/HB04985 (copy).JPG,15,BTR_60,HB04985 (copy)
data/raw/Padded_imgs/BTR_60/HB04985.JPG,15,BTR_60,HB04985
data/raw/Padded_imgs/BTR_60/HB04986 (another copy).JPG,15,BTR_60,HB04986 (another copy)
data/raw/Padded_imgs/BTR_60/HB04986 (copy).JPG,15,BTR_60,HB04986 (copy)
data/raw/Padded_imgs/BTR_60/HB04986.JPG,15,BTR_60,HB04986
data/raw/Padded_imgs/BTR_60/HB04987 (another copy).JPG,15,BTR_60,HB04987 (another copy)
data/raw/Padded_imgs/BTR_60/HB04987 (copy).JPG,15,BTR_60,HB04987 (copy)
data/raw/Padded_imgs/BTR_60/HB04987.JPG,15,BTR_60,HB04987
data/raw/Padded_imgs/BTR_60/HB04988 (another copy).JPG,15,BTR_60,HB04988 (another copy)
data/raw/Padded_imgs/BTR_60/HB04988 (copy).JPG,15,BTR_60,HB04988 (copy)
data/raw/Padded_imgs/BTR_60/HB04988.JPG,15,BTR_60,HB04988
data/raw/Padded_imgs/BTR_60/HB04989 (another copy).JPG,15,BTR_60,HB04989 (another copy)
data/raw/Padded_imgs/BTR_60/HB04989 (copy).JPG,15,BTR_60,HB04989 (copy)
data/raw/Padded_imgs/BTR_60/HB04989.JPG,15,BTR_60,HB04989
data/raw/Padded_imgs/BTR_60/HB04992 (another copy).JPG,15,BTR_60,HB04992 (another copy)
data/raw/Padded_imgs/BTR_60/HB04992 (copy).JPG,15,BTR_60,HB04992 (copy)
data/raw/Padded_imgs/BTR_60/HB04992.JPG,15,BTR_60,HB04992
data/raw/Padded_imgs/BTR_60/HB04993 (another copy).JPG,15,BTR_60,HB04993 (another copy)
data/raw/Padded_imgs/BTR_60/HB04993 (copy).JPG,15,BTR_60,HB04993 (copy)
data/raw/Padded_imgs/BTR_60/HB04993.JPG,15,BTR_60,HB04993
data/raw/Padded_imgs/BTR_60/HB04997 (another copy).JPG,15,BTR_60,HB04997 (another copy)
data/raw/Padded_imgs/BTR_60/HB04997 (copy).JPG,15,BTR_60,HB04997 (copy)
data/raw/Padded_imgs/BTR_60/HB04997.JPG,15,BTR_60,HB04997
data/raw/Padded_imgs/BTR_60/HB04998 (another copy).JPG,15,BTR_60,HB04998 (another copy)
data/raw/Padded_imgs/BTR_60/HB04998 (copy).JPG,15,BTR_60,HB04998 (copy)
data/raw/Padded_imgs/BTR_60/HB04998.JPG,15,BTR_60,HB04998
data/raw/Padded_imgs/BTR_60/HB04999 (another copy).JPG,15,BTR_60,HB04999 (another copy)
data/raw/Padded_imgs/BTR_60/HB04999 (copy).JPG,15,BTR_60,HB04999 (copy)
data/raw/Padded_imgs/BTR_60/HB04999.JPG,15,BTR_60,HB04999
data/raw/Padded_imgs/BTR_60/HB05000 (another copy).JPG,15,BTR_60,HB05000 (another copy)
data/raw/Padded_imgs/BTR_60/HB05000 (copy).JPG,15,BTR_60,HB05000 (copy)
data/raw/Padded_imgs/BTR_60/HB05000.JPG,15,BTR_60,HB05000
data/raw/Padded_imgs/BTR_60/HB05001 (another copy).JPG,15,BTR_60,HB05001 (another copy)
data/raw/Padded_imgs/BTR_60/HB05001 (copy).JPG,15,BTR_60,HB05001 (copy)
data/raw/Padded_imgs/BTR_60/HB05001.JPG,15,BTR_60,HB05001
data/raw/Padded_imgs/BTR_60/HB05002 (another copy).JPG,15,BTR_60,HB05002 (another copy)
data/raw/Padded_imgs/BTR_60/HB05002 (copy).JPG,15,BTR_60,HB05002 (copy)
data/raw/Padded_imgs/BTR_60/HB05002.JPG,15,BTR_60,HB05002
data/raw/Padded_imgs/BTR_60/HB05003 (another copy).JPG,15,BTR_60,HB05003 (another copy)
data/raw/Padded_imgs/BTR_60/HB05003 (copy).JPG,15,BTR_60,HB05003 (copy)
data/raw/Padded_imgs/BTR_60/HB05003.JPG,15,BTR_60,HB05003
data/raw/Padded_imgs/BTR_60/HB05004 (another copy).JPG,15,BTR_60,HB05004 (another copy)
data/raw/Padded_imgs/BTR_60/HB05004 (copy).JPG,15,BTR_60,HB05004 (copy)
data/raw/Padded_imgs/BTR_60/HB05004.JPG,15,BTR_60,HB05004
data/raw/Padded_imgs/BTR_60/HB05006 (another copy).JPG,15,BTR_60,HB05006 (another copy)
data/raw/Padded_imgs/BTR_60/HB05006 (copy).JPG,15,BTR_60,HB05006 (copy)
data/raw/Padded_imgs/BTR_60/HB05006.JPG,15,BTR_60,HB05006
data/raw/Padded_imgs/BTR_60/HB05008 (another copy).JPG,15,BTR_60,HB05008 (another copy)
data/raw/Padded_imgs/BTR_60/HB05008 (copy).JPG,15,BTR_60,HB05008 (copy)
data/raw/Padded_imgs/BTR_60/HB05008.JPG,15,BTR_60,HB05008
data/raw/Padded_imgs/BTR_60/HB05009 (another copy).JPG,15,BTR_60,HB05009 (another copy)
data/raw/Padded_imgs/BTR_60/HB05009 (copy).JPG,15,BTR_60,HB05009 (copy)
data/raw/Padded_imgs/BTR_60/HB05009.JPG,15,BTR_60,HB05009
data/raw/Padded_imgs/BTR_60/HB05011 (another copy).JPG,15,BTR_60,HB05011 (another copy)
data/raw/Padded_imgs/BTR_60/HB05011 (copy).JPG,15,BTR_60,HB05011 (copy)
data/raw/Padded_imgs/BTR_60/HB05011.JPG,15,BTR_60,HB05011
data/raw/Padded_imgs/BTR_60/HB05012 (another copy).JPG,15,BTR_60,HB05012 (another copy)
data/raw/Padded_imgs/BTR_60/HB05012 (copy).JPG,15,BTR_60,HB05012 (copy)
data/raw/Padded_imgs/BTR_60/HB05012.JPG,15,BTR_60,HB05012
data/raw/Padded_imgs/BTR_60/HB05014 (another copy).JPG,15,BTR_60,HB05014 (another copy)
data/raw/Padded_imgs/BTR_60/HB05014 (copy).JPG,15,BTR_60,HB05014 (copy)
data/raw/Padded_imgs/BTR_60/HB05014.JPG,15,BTR_60,HB05014
data/raw/Padded_imgs/BTR_60/HB05015 (another copy).JPG,15,BTR_60,HB05015 (another copy)
data/raw/Padded_imgs/BTR_60/HB05015 (copy).JPG,15,BTR_60,HB05015 (copy)
data/raw/Padded_imgs/BTR_60/HB05015.JPG,15,BTR_60,HB05015
data/raw/Padded_imgs/BTR_60/HB05016 (another copy).JPG,15,BTR_60,HB05016 (another copy)
data/raw/Padded_imgs/BTR_60/HB05016 (copy).JPG,15,BTR_60,HB05016 (copy)
data/raw/Padded_imgs/BTR_60/HB05016.JPG,15,BTR_60,HB05016
data/raw/Padded_imgs/BTR_60/HB05017 (another copy).JPG,17,BTR_60,HB05017 (another copy)
data/raw/Padded_imgs/BTR_60/HB05017 (copy).JPG,17,BTR_60,HB05017 (copy)
data/raw/Padded_imgs/BTR_60/HB05017.JPG,17,BTR_60,HB05017
data/raw/Padded_imgs/BTR_60/HB05019 (another copy).JPG,15,BTR_60,HB05019 (another copy)
data/raw/Padded_imgs/BTR_60/HB05019 (copy).JPG,15,BTR_60,HB05019 (copy)
data/raw/Padded_imgs/BTR_60/HB05019.JPG,15,BTR_60,HB05019
data/raw/Padded_imgs/BTR_60/HB05022 (another copy).JPG,15,BTR_60,HB05022 (another copy)
data/raw/Padded_imgs/BTR_60/HB05022 (copy).JPG,15,BTR_60,HB05022 (copy)
data/raw/Padded_imgs/BTR_60/HB05022.JPG,15,BTR_60,HB05022
data/raw/Padded_imgs/BTR_60/HB05024 (another copy).JPG,15,BTR_60,HB05024 (another copy)
data/raw/Padded_imgs/BTR_60/HB05024 (copy).JPG,15,BTR_60,HB05024 (copy)
data/raw/Padded_imgs/BTR_60/HB05024.JPG,15,BTR_60,HB05024
data/raw/Padded_imgs/BTR_60/HB05025 (another copy).JPG,15,BTR_60,HB05025 (another copy)
data/raw/Padded_imgs/BTR_60/HB05025 (copy).JPG,15,BTR_60,HB05025 (copy)
data/raw/Padded_imgs/BTR_60/HB05025.JPG,15,BTR_60,HB05025
data/raw/Padded_imgs/BTR_60/HB05026 (another copy).JPG,15,BTR_60,HB05026 (another copy)
data/raw/Padded_imgs/BTR_60/HB05026 (copy).JPG,15,BTR_60,HB05026 (copy)
data/raw/Padded_imgs/BTR_60/HB05026.JPG,15,BTR_60,HB05026
data/raw/Padded_imgs/BTR_60/HB05027 (another copy).JPG,15,BTR_60,HB05027 (another copy)
data/raw/Padded_imgs/BTR_60/HB05027 (copy).JPG,15,BTR_60,HB05027 (copy)
data/raw/Padded_imgs/BTR_60/HB05027.JPG,15,BTR_60,HB05027
data/raw/Padded_imgs/BTR_60/HB05028 (another copy).JPG,15,BTR_60,HB05028 (another copy)
data/raw/Padded_imgs/BTR_60/HB05028 (copy).JPG,15,BTR_60,HB05028 (copy)
data/raw/Padded_imgs/BTR_60/HB05028.JPG,15,BTR_60,HB05028
data/raw/Padded_imgs/BTR_60/HB05029 (another copy).JPG,15,BTR_60,HB05029 (another copy)
data/raw/Padded_imgs/BTR_60/HB05029 (copy).JPG,15,BTR_60,HB05029 (copy)
data/raw/Padded_imgs/BTR_60/HB05029.JPG,15,BTR_60,HB05029
data/raw/Padded_imgs/BTR_60/HB05030 (another copy).JPG,15,BTR_60,HB05030 (another copy)
data/raw/Padded_imgs/BTR_60/HB05030 (copy).JPG,15,BTR_60,HB05030 (copy)
data/raw/Padded_imgs/BTR_60/HB05030.JPG,15,BTR_60,HB05030
data/raw/Padded_imgs/BTR_60/HB05032 (another copy).JPG,15,BTR_60,HB05032 (another copy)
data/raw/Padded_imgs/BTR_60/HB05032 (copy).JPG,15,BTR_60,HB05032 (copy)
data/raw/Padded_imgs/BTR_60/HB05032.JPG,15,BTR_60,HB05032
data/raw/Padded_imgs/BTR_60/HB05033 (another copy).JPG,15,BTR_60,HB05033 (another copy)
data/raw/Padded_imgs/BTR_60/HB05033 (copy).JPG,15,BTR_60,HB05033 (copy)
data/raw/Padded_imgs/BTR_60/HB05033.JPG,15,BTR_60,HB05033
data/raw/Padded_imgs/BTR_60/HB05034 (another copy).JPG,15,BTR_60,HB05034 (another copy)
data/raw/Padded_imgs/BTR_60/HB05034 (copy).JPG,15,BTR_60,HB05034 (copy)
data/raw/Padded_imgs/BTR_60/HB05034.JPG,15,BTR_60,HB05034
data/raw/Padded_imgs/BTR_60/HB05035 (another copy).JPG,15,BTR_60,HB05035 (another copy)
data/raw/Padded_imgs/BTR_60/HB05035 (copy).JPG,15,BTR_60,HB05035 (copy)
data/raw/Padded_imgs/BTR_60/HB05035.JPG,15,BTR_60,HB05035
data/raw/Padded_imgs/BTR_60/HB05036 (another copy).JPG,15,BTR_60,HB05036 (another copy)
data/raw/Padded_imgs/BTR_60/HB05036 (copy).JPG,15,BTR_60,HB05036 (copy)
data/raw/Padded_imgs/BTR_60/HB05036.JPG,15,BTR_60,HB05036
data/raw/Padded_imgs/BTR_60/HB05038 (another copy).JPG,15,BTR_60,HB05038 (another copy)
data/raw/Padded_imgs/BTR_60/HB05038 (copy).JPG,15,BTR_60,HB05038 (copy)
data/raw/Padded_imgs/BTR_60/HB05038.JPG,15,BTR_60,HB05038
data/raw/Padded_imgs/BTR_60/HB05040 (another copy).JPG,15,BTR_60,HB05040 (another copy)
data/raw/Padded_imgs/BTR_60/HB05040 (copy).JPG,15,BTR_60,HB05040 (copy)
data/raw/Padded_imgs/BTR_60/HB05040.JPG,15,BTR_60,HB05040
data/raw/Padded_imgs/BTR_60/HB05041 (another copy).JPG,15,BTR_60,HB05041 (another copy)
data/raw/Padded_imgs/BTR_60/HB05041 (copy).JPG,15,BTR_60,HB05041 (copy)
data/raw/Padded_imgs/BTR_60/HB05041.JPG,15,BTR_60,HB05041
data/raw/Padded_imgs/BTR_60/HB05043 (another copy).JPG,15,BTR_60,HB05043 (another copy)
data/raw/Padded_imgs/BTR_60/HB05043 (copy).JPG,15,BTR_60,HB05043 (copy)
data/raw/Padded_imgs/BTR_60/HB05043.JPG,15,BTR_60,HB05043
data/raw/Padded_imgs/BTR_60/HB05609 (another copy).JPG,15,BTR_60,HB05609 (another copy)
data/raw/Padded_imgs/BTR_60/HB05609 (copy).JPG,15,BTR_60,HB05609 (copy)
data/raw/Padded_imgs/BTR_60/HB05609.JPG,15,BTR_60,HB05609
data/raw/Padded_imgs/BTR_60/HB05610 (another copy).JPG,15,BTR_60,HB05610 (another copy)
data/raw/Padded_imgs/BTR_60/HB05610 (copy).JPG,15,BTR_60,HB05610 (copy)
data/raw/Padded_imgs/BTR_60/HB05610.JPG,15,BTR_60,HB05610
data/raw/Padded_imgs/BTR_60/HB05611 (another copy).JPG,15,BTR_60,HB05611 (another copy)
data/raw/Padded_imgs/BTR_60/HB05611 (copy).JPG,15,BTR_60,HB05611 (copy)
data/raw/Padded_imgs/BTR_60/HB05611.JPG,15,BTR_60,HB05611
data/raw/Padded_imgs/BTR_60/HB05612 (another copy).JPG,15,BTR_60,HB05612 (another copy)
data/raw/Padded_imgs/BTR_60/HB05612 (copy).JPG,15,BTR_60,HB05612 (copy)
data/raw/Padded_imgs/BTR_60/HB05612.JPG,15,BTR_60,HB05612
data/raw/Padded_imgs/BTR_60/HB05614 (another copy).JPG,15,BTR_60,HB05614 (another copy)
data/raw/Padded_imgs/BTR_60/HB05614 (copy).JPG,15,BTR_60,HB05614 (copy)
data/raw/Padded_imgs/BTR_60/HB05614.JPG,15,BTR_60,HB05614
data/raw/Padded_imgs/BTR_60/HB05616 (another copy).JPG,15,BTR_60,HB05616 (another copy)
data/raw/Padded_imgs/BTR_60/HB05616 (copy).JPG,15,BTR_60,HB05616 (copy)
data/raw/Padded_imgs/BTR_60/HB05616.JPG,15,BTR_60,HB05616
data/raw/Padded_imgs/BTR_60/HB05618 (another copy).JPG,15,BTR_60,HB05618 (another copy)
data/raw/Padded_imgs/BTR_60/HB05618 (copy).JPG,15,BTR_60,HB05618 (copy)
data/raw/Padded_imgs/BTR_60/HB05618.JPG,15,BTR_60,HB05618
data/raw/Padded_imgs/BTR_60/HB05619 (another copy).JPG,15,BTR_60,HB05619 (another copy)
data/raw/Padded_imgs/BTR_60/HB05619 (copy).JPG,15,BTR_60,HB05619 (copy)
data/raw/Padded_imgs/BTR_60/HB05619.JPG,15,BTR_60,HB05619
data/raw/Padded_imgs/BTR_60/HB05620 (another copy).JPG,15,BTR_60,HB05620 (another copy)
data/raw/Padded_imgs/BTR_60/HB05620 (copy).JPG,15,BTR_60,HB05620 (copy)
data/raw/Padded_imgs/BTR_60/HB05620.JPG,15,BTR_60,HB05620
data/raw/Padded_imgs/BTR_60/HB05629 (another copy).JPG,15,BTR_60,HB05629 (another copy)
data/raw/Padded_imgs/BTR_60/HB05629 (copy).JPG,15,BTR_60,HB05629 (copy)
data/raw/Padded_imgs/BTR_60/HB05629.JPG,15,BTR_60,HB05629
data/raw/Padded_imgs/BTR_60/HB05630 (another copy).JPG,15,BTR_60,HB05630 (another copy)
data/raw/Padded_imgs/BTR_60/HB05630 (copy).JPG,15,BTR_60,HB05630 (copy)
data/raw/Padded_imgs/BTR_60/HB05630.JPG,15,BTR_60,HB05630
data/raw/Padded_imgs/BTR_60/HB05631 (another copy).JPG,15,BTR_60,HB05631 (another copy)
data/raw/Padded_imgs/BTR_60/HB05631 (copy).JPG,15,BTR_60,HB05631 (copy)
data/raw/Padded_imgs/BTR_60/HB05631.JPG,15,BTR_60,HB05631
data/raw/Padded_imgs/BTR_60/HB05632 (another copy).JPG,15,BTR_60,HB05632 (another copy)
data/raw/Padded_imgs/BTR_60/HB05632 (copy).JPG,15,BTR_60,HB05632 (copy)
data/raw/Padded_imgs/BTR_60/HB05632.JPG,15,BTR_60,HB05632
data/raw/Padded_imgs/BTR_60/HB05634 (another copy).JPG,15,BTR_60,HB05634 (another copy)
data/raw/Padded_imgs/BTR_60/HB05634 (copy).JPG,15,BTR_60,HB05634 (copy)
data/raw/Padded_imgs/BTR_60/HB05634.JPG,15,BTR_60,HB05634
data/raw/Padded_imgs/BTR_60/HB05635 (another copy).JPG,15,BTR_60,HB05635 (another copy)
data/raw/Padded_imgs/BTR_60/HB05635 (copy).JPG,15,BTR_60,HB05635 (copy)
data/raw/Padded_imgs/BTR_60/HB05635.JPG,15,BTR_60,HB05635
data/raw/Padded_imgs/BTR_60/HB05637 (another copy).JPG,15,BTR_60,HB05637 (another copy)
data/raw/Padded_imgs/BTR_60/HB05637 (copy).JPG,15,BTR_60,HB05637 (copy)
data/raw/Padded_imgs/BTR_60/HB05637.JPG,15,BTR_60,HB05637
data/raw/Padded_imgs/BTR_60/HB05642 (another copy).JPG,15,BTR_60,HB05642 (another copy)
data/raw/Padded_imgs/BTR_60/HB05642 (copy).JPG,15,BTR_60,HB05642 (copy)
data/raw/Padded_imgs/BTR_60/HB05642.JPG,15,BTR_60,HB05642
data/raw/Padded_imgs/BTR_60/HB05643 (another copy).JPG,15,BTR_60,HB05643 (another copy)
data/raw/Padded_imgs/BTR_60/HB05643 (copy).JPG,15,BTR_60,HB05643 (copy)
data/raw/Padded_imgs/BTR_60/HB05643.JPG,15,BTR_60,HB05643
data/raw/Padded_imgs/BTR_60/HB05647 (another copy).JPG,15,BTR_60,HB05647 (another copy)
data/raw/Padded_imgs/BTR_60/HB05647 (copy).JPG,15,BTR_60,HB05647 (copy)
data/raw/Padded_imgs/BTR_60/HB05647.JPG,15,BTR_60,HB05647
data/raw/Padded_imgs/BTR_60/HB05648 (another copy).JPG,15,BTR_60,HB05648 (another copy)
data/raw/Padded_imgs/BTR_60/HB05648 (copy).JPG,15,BTR_60,HB05648 (copy)
data/raw/Padded_imgs/BTR_60/HB05648.JPG,15,BTR_60,HB05648
data/raw/Padded_imgs/BTR_60/HB05649 (another copy).JPG,15,BTR_60,HB05649 (another copy)
data/raw/Padded_imgs/BTR_60/HB05649 (copy).JPG,15,BTR_60,HB05649 (copy)
data/raw/Padded_imgs/BTR_60/HB05649.JPG,15,BTR_60,HB05649
data/raw/Padded_imgs/BTR_60/HB05650 (another copy).JPG,15,BTR_60,HB05650 (another copy)
data/raw/Padded_imgs/BTR_60/HB05650 (copy).JPG,15,BTR_60,HB05650 (copy)
data/raw/Padded_imgs/BTR_60/HB05650.JPG,15,BTR_60,HB05650
data/raw/Padded_imgs/BTR_60/HB05651 (another copy).JPG,15,BTR_60,HB05651 (another copy)
data/raw/Padded_imgs/BTR_60/HB05651 (copy).JPG,15,BTR_60,HB05651 (copy)
data/raw/Padded_imgs/BTR_60/HB05651.JPG,15,BTR_60,HB05651
data/raw/Padded_imgs/BTR_60/HB05652 (another copy).JPG,15,BTR_60,HB05652 (another copy)
data/raw/Padded_imgs/BTR_60/HB05652 (copy).JPG,15,BTR_60,HB05652 (copy)
data/raw/Padded_imgs/BTR_60/HB05652.JPG,15,BTR_60,HB05652
data/raw/Padded_imgs/BTR_60/HB05653 (another copy).JPG,15,BTR_60,HB05653 (another copy)
data/raw/Padded_imgs/BTR_60/HB05653 (copy).JPG,15,BTR_60,HB05653 (copy)
data/raw/Padded_imgs/BTR_60/HB05653.JPG,15,BTR_60,HB05653
data/raw/Padded_imgs/BTR_60/HB05654 (another copy).JPG,15,BTR_60,HB05654 (another copy)
data/raw/Padded_imgs/BTR_60/HB05654 (copy).JPG,15,BTR_60,HB05654 (copy)
data/raw/Padded_imgs/BTR_60/HB05654.JPG,15,BTR_60,HB05654
data/raw/Padded_imgs/BTR_60/HB05657 (another copy).JPG,15,BTR_60,HB05657 (another copy)
data/raw/Padded_imgs/BTR_60/HB05657 (copy).JPG,15,BTR_60,HB05657 (copy)
data/raw/Padded_imgs/BTR_60/HB05657.JPG,15,BTR_60,HB05657
data/raw/Padded_imgs/BTR_60/HB05658 (another copy).JPG,15,BTR_60,HB05658 (another copy)
data/raw/Padded_imgs/BTR_60/HB05658 (copy).JPG,15,BTR_60,HB05658 (copy)
data/raw/Padded_imgs/BTR_60/HB05658.JPG,15,BTR_60,HB05658
data/raw/Padded_imgs/BTR_60/HB05659 (another copy).JPG,15,BTR_60,HB05659 (another copy)
data/raw/Padded_imgs/BTR_60/HB05659 (copy).JPG,15,BTR_60,HB05659 (copy)
data/raw/Padded_imgs/BTR_60/HB05659.JPG,15,BTR_60,HB05659
data/raw/Padded_imgs/BTR_60/HB05660 (another copy).JPG,15,BTR_60,HB05660 (another copy)
data/raw/Padded_imgs/BTR_60/HB05660 (copy).JPG,15,BTR_60,HB05660 (copy)
data/raw/Padded_imgs/BTR_60/HB05660.JPG,15,BTR_60,HB05660
data/raw/Padded_imgs/BTR_60/HB05661 (another copy).JPG,15,BTR_60,HB05661 (another copy)
data/raw/Padded_imgs/BTR_60/HB05661 (copy).JPG,15,BTR_60,HB05661 (copy)
data/raw/Padded_imgs/BTR_60/HB05661.JPG,15,BTR_60,HB05661
data/raw/Padded_imgs/BTR_60/HB05662 (another copy).JPG,15,BTR_60,HB05662 (another copy)
data/raw/Padded_imgs/BTR_60/HB05662 (copy).JPG,15,BTR_60,HB05662 (copy)
data/raw/Padded_imgs/BTR_60/HB05662.JPG,15,BTR_60,HB05662
data/raw/Padded_imgs/BTR_60/HB05664 (another copy).JPG,15,BTR_60,HB05664 (another copy)
data/raw/Padded_imgs/BTR_60/HB05664 (copy).JPG,15,BTR_60,HB05664 (copy)
data/raw/Padded_imgs/BTR_60/HB05664.JPG,15,BTR_60,HB05664
data/raw/Padded_imgs/BTR_60/HB05665 (another copy).JPG,15,BTR_60,HB05665 (another copy)
data/raw/Padded_imgs/BTR_60/HB05665 (copy).JPG,15,BTR_60,HB05665 (copy)
data/raw/Padded_imgs/BTR_60/HB05665.JPG,15,BTR_60,HB05665
data/raw/Padded_imgs/BTR_60/HB05667 (another copy).JPG,15,BTR_60,HB05667 (another copy)
data/raw/Padded_imgs/BTR_60/HB05667 (copy).JPG,15,BTR_60,HB05667 (copy)
data/raw/Padded_imgs/BTR_60/HB05667.JPG,15,BTR_60,HB05667
data/raw/Padded_imgs/BTR_60/HB05669 (another copy).JPG,15,BTR_60,HB05669 (another copy)
data/raw/Padded_imgs/BTR_60/HB05669 (copy).JPG,15,BTR_60,HB05669 (copy)
data/raw/Padded_imgs/BTR_60/HB05669.JPG,15,BTR_60,HB05669
data/raw/Padded_imgs/BTR_60/HB05670 (another copy).JPG,15,BTR_60,HB05670 (another copy)
data/raw/Padded_imgs/BTR_60/HB05670 (copy).JPG,15,BTR_60,HB05670 (copy)
data/raw/Padded_imgs/BTR_60/HB05670.JPG,15,BTR_60,HB05670
data/raw/Padded_imgs/BTR_60/HB05671 (another copy).JPG,15,BTR_60,HB05671 (another copy)
data/raw/Padded_imgs/BTR_60/HB05671 (copy).JPG,15,BTR_60,HB05671 (copy)
data/raw/Padded_imgs/BTR_60/HB05671.JPG,15,BTR_60,HB05671
data/raw/Padded_imgs/BTR_60/HB05672 (another copy).JPG,15,BTR_60,HB05672 (another copy)
data/raw/Padded_imgs/BTR_60/HB05672 (copy).JPG,15,BTR_60,HB05672 (copy)
data/raw/Padded_imgs/BTR_60/HB05672.JPG,15,BTR_60,HB05672
data/raw/Padded_imgs/BTR_60/HB05674 (another copy).JPG,15,BTR_60,HB05674 (another copy)
data/raw/Padded_imgs/BTR_60/HB05674 (copy).JPG,15,BTR_60,HB05674 (copy)
data/raw/Padded_imgs/BTR_60/HB05674.JPG,15,BTR_60,HB05674
data/raw/Padded_imgs/BTR_60/HB05675 (another copy).JPG,15,BTR_60,HB05675 (another copy)
data/raw/Padded_imgs/BTR_60/HB05675 (copy).JPG,15,BTR_60,HB05675 (copy)
data/raw/Padded_imgs/BTR_60/HB05675.JPG,15,BTR_60,HB05675
data/raw/Padded_imgs/BTR_60/HB05676 (another copy).JPG,15,BTR_60,HB05676 (another copy)
data/raw/Padded_imgs/BTR_60/HB05676 (copy).JPG,15,BTR_60,HB05676 (copy)
data/raw/Padded_imgs/BTR_60/HB05676.JPG,15,BTR_60,HB05676
data/raw/Padded_imgs/BTR_60/HB05677 (another copy).JPG,15,BTR_60,HB05677 (another copy)
data/raw/Padded_imgs/BTR_60/HB05677 (copy).JPG,15,BTR_60,HB05677 (copy)
data/raw/Padded_imgs/BTR_60/HB05677.JPG,15,BTR_60,HB05677
data/raw/Padded_imgs/BTR_60/HB05679 (another copy).JPG,15,BTR_60,HB05679 (another copy)
data/raw/Padded_imgs/BTR_60/HB05679 (copy).JPG,15,BTR_60,HB05679 (copy)
data/raw/Padded_imgs/BTR_60/HB05679.JPG,15,BTR_60,HB05679
data/raw/Padded_imgs/BTR_60/HB05680 (another copy).JPG,15,BTR_60,HB05680 (another copy)
data/raw/Padded_imgs/BTR_60/HB05680 (copy).JPG,15,BTR_60,HB05680 (copy)
data/raw/Padded_imgs/BTR_60/HB05680.JPG,15,BTR_60,HB05680
data/raw/Padded_imgs/BTR_60/HB05681 (another copy).JPG,15,BTR_60,HB05681 (another copy)
data/raw/Padded_imgs/BTR_60/HB05681 (copy).JPG,15,BTR_60,HB05681 (copy)
data/raw/Padded_imgs/BTR_60/HB05681.JPG,15,BTR_60,HB05681
data/raw/Padded_imgs/BTR_60/HB05683 (another copy).JPG,15,BTR_60,HB05683 (another copy)
data/raw/Padded_imgs/BTR_60/HB05683 (copy).JPG,15,BTR_60,HB05683 (copy)
data/raw/Padded_imgs/BTR_60/HB05683.JPG,15,BTR_60,HB05683
data/raw/Padded_imgs/BTR_60/HB05684 (another copy).JPG,15,BTR_60,HB05684 (another copy)
data/raw/Padded_imgs/BTR_60/HB05684 (copy).JPG,15,BTR_60,HB05684 (copy)
data/raw/Padded_imgs/BTR_60/HB05684.JPG,15,BTR_60,HB05684
data/raw/Padded_imgs/D7/HB14931.JPG,15,D7,HB14931
data/raw/Padded_imgs/D7/HB14932.JPG,15,D7,HB14932
data/raw/Padded_imgs/D7/HB14933.JPG,15,D7,HB14933
data/raw/Padded_imgs/D7/HB14934.JPG,15,D7,HB14934
data/raw/Padded_imgs/D7/HB14935.JPG,15,D7,HB14935
data/raw/Padded_imgs/D7/HB14936.JPG,15,D7,HB14936
data/raw/Padded_imgs/D7/HB14937.JPG,15,D7,HB14937
data/raw/Padded_imgs/D7/HB14938.JPG,15,D7,HB14938
data/raw/Padded_imgs/D7/HB14939.JPG,15,D7,HB14939
data/raw/Padded_imgs/D7/HB14940.JPG,15,D7,HB14940
data/raw/Padded_imgs/D7/HB14941.JPG,15,D7,HB14941
data/raw/Padded_imgs/D7/HB14942.JPG,15,D7,HB14942
data/raw/Padded_imgs/D7/HB14943.JPG,15,D7,HB14943
data/raw/Padded_imgs/D7/HB14944.JPG,15,D7,HB14944
data/raw/Padded_imgs/D7/HB14945.JPG,15,D7,HB14945
data/raw/Padded_imgs/D7/HB14946.JPG,15,D7,HB14946
data/raw/Padded_imgs/D7/HB14947.JPG,15,D7,HB14947
data/raw/Padded_imgs/D7/HB14948.JPG,15,D7,HB14948
data/raw/Padded_imgs/D7/HB14950.JPG,15,D7,HB14950
data/raw/Padded_imgs/D7/HB14951.JPG,15,D7,HB14951
data/raw/Padded_imgs/D7/HB14954.JPG,15,D7,HB14954
data/raw/Padded_imgs/D7/HB14955.JPG,15,D7,HB14955
data/raw/Padded_imgs/D7/HB14956.JPG,15,D7,HB14956
data/raw/Padded_imgs/D7/HB14957.JPG,15,D7,HB14957
data/raw/Padded_imgs/D7/HB14958.JPG,15,D7,HB14958
data/raw/Padded_imgs/D7/HB14959.JPG,15,D7,HB14959
data/raw/Padded_imgs/D7/HB14960.JPG,15,D7,HB14960
data/raw/Padded_imgs/D7/HB14961.JPG,15,D7,HB14961
data/raw/Padded_imgs/D7/HB14962.JPG,15,D7,HB14962
data/raw/Padded_imgs/D7/HB14963.JPG,15,D7,HB14963
data/raw/Padded_imgs/D7/HB14964.JPG,15,D7,HB14964
data/raw/Padded_imgs/D7/HB14965.JPG,15,D7,HB14965
data/raw/Padded_imgs/D7/HB14967.JPG,15,D7,HB14967
data/raw/Padded_imgs/D7/HB14968.JPG,15,D7,HB14968
data/raw/Padded_imgs/D7/HB14969.JPG,15,D7,HB14969
data/raw/Padded_imgs/D7/HB14970.JPG,15,D7,HB14970
data/raw/Padded_imgs/D7/HB14971.JPG,15,D7,HB14971
data/raw/Padded_imgs/D7/HB14972.JPG,15,D7,HB14972
data/raw/Padded_imgs/D7/HB14973.JPG,15,D7,HB14973
data/raw/Padded_imgs/D7/HB14974.JPG,15,D7,HB14974
data/raw/Padded_imgs/D7/HB14975.JPG,15,D7,HB14975
data/raw/Padded_imgs/D7/HB14976.JPG,15,D7,HB14976
data/raw/Padded_imgs/D7/HB14977.JPG,15,D7,HB14977
data/raw/Padded_imgs/D7/HB14978.JPG,15,D7,HB14978
data/raw/Padded_imgs/D7/HB14979.JPG,15,D7,HB14979
data/raw/Padded_imgs/D7/HB14980.JPG,15,D7,HB14980
data/raw/Padded_imgs/D7/HB14981.JPG,15,D7,HB14981
data/raw/Padded_imgs/D7/HB14982.JPG,15,D7,HB14982
data/raw/Padded_imgs/D7/HB14983.JPG,15,D7,HB14983
data/raw/Padded_imgs/D7/HB14984.JPG,15,D7,HB14984
data/raw/Padded_imgs/D7/HB14986.JPG,15,D7,HB14986
data/raw/Padded_imgs/D7/HB14987.JPG,15,D7,HB14987
data/raw/Padded_imgs/D7/HB14990.JPG,15,D7,HB14990
data/raw/Padded_imgs/D7/HB14991.JPG,15,D7,HB14991
data/raw/Padded_imgs/D7/HB14992.JPG,15,D7,HB14992
data/raw/Padded_imgs/D7/HB14993.JPG,15,D7,HB14993
data/raw/Padded_imgs/D7/HB14994.JPG,15,D7,HB14994
data/raw/Padded_imgs/D7/HB14995.JPG,15,D7,HB14995
data/raw/Padded_imgs/D7/HB14997.JPG,15,D7,HB14997
data/raw/Padded_imgs/D7/HB14998.JPG,15,D7,HB14998
data/raw/Padded_imgs/D7/HB14999.JPG,15,D7,HB14999
data/raw/Padded_imgs/D7/HB15000.JPG,15,D7,HB15000
data/raw/Padded_imgs/D7/HB15001.JPG,15,D7,HB15001
data/raw/Padded_imgs/D7/HB15002.JPG,15,D7,HB15002
data/raw/Padded_imgs/D7/HB15003.JPG,15,D7,HB15003
data/raw/Padded_imgs/D7/HB15004.JPG,15,D7,HB15004
data/raw/Padded_imgs/D7/HB15005.JPG,15,D7,HB15005
data/raw/Padded_imgs/D7/HB15006.JPG,15,D7,HB15006
data/raw/Padded_imgs/D7/HB15008.JPG,15,D7,HB15008
data/raw/Padded_imgs/D7/HB15009.JPG,15,D7,HB15009
data/raw/Padded_imgs/D7/HB15010.JPG,15,D7,HB15010
data/raw/Padded_imgs/D7/HB15011.JPG,15,D7,HB15011
data/raw/Padded_imgs/D7/HB15012.JPG,15,D7,HB15012
data/raw/Padded_imgs/D7/HB15013.JPG,15,D7,HB15013
data/raw/Padded_imgs/D7/HB15014.JPG,15,D7,HB15014
data/raw/Padded_imgs/D7/HB15015.JPG,15,D7,HB15015
data/raw/Padded_imgs/D7/HB15016.JPG,15,D7,HB15016
data/raw/Padded_imgs/D7/HB15017.JPG,17,D7,HB15017
data/raw/Padded_imgs/D7/HB15018.JPG,15,D7,HB15018
data/raw/Padded_imgs/D7/HB15019.JPG,15,D7,HB15019
data/raw/Padded_imgs/D7/HB15020.JPG,15,D7,HB15020
data/raw/Padded_imgs/D7/HB15021.JPG,15,D7,HB15021
data/raw/Padded_imgs/D7/HB15022.JPG,15,D7,HB15022
data/raw/Padded_imgs/D7/HB15025.JPG,15,D7,HB15025
data/raw/Padded_imgs/D7/HB15026.JPG,15,D7,HB15026
data/raw/Padded_imgs/D7/HB15027.JPG,15,D7,HB15027
data/raw/Padded_imgs/D7/HB15028.JPG,15,D7,HB15028
data/raw/Padded_imgs/D7/HB15029.JPG,15,D7,HB15029
data/raw/Padded_imgs/D7/HB15030.JPG,15,D7,HB15030
data/raw/Padded_imgs/D7/HB15031.JPG,15,D7,HB15031
data/raw/Padded_imgs/D7/HB15032.JPG,15,D7,HB15032
data/raw/Padded_imgs/D7/HB15033.JPG,15,D7,HB15033
data/raw/Padded_imgs/D7/HB15034.JPG,15,D7,HB15034
data/raw/Padded_imgs/D7/HB15036.JPG,15,D7,HB15036
data/raw/Padded_imgs/D7/HB15037.JPG,15,D7,HB15037
data/raw/Padded_imgs/D7/HB15038.JPG,15,D7,HB15038
data/raw/Padded_imgs/D7/HB15039.JPG,15,D7,HB15039
data/raw/Padded_imgs/D7/HB15041.JPG,15,D7,HB15041
data/raw/Padded_imgs/D7/HB15042.JPG,15,D7,HB15042
data/raw/Padded_imgs/D7/HB15043.JPG,15,D7,HB15043
data/raw/Padded_imgs/D7/HB15044.JPG,15,D7,HB15044
data/raw/Padded_imgs/D7/HB15045.JPG,15,D7,HB15045
data/raw/Padded_imgs/D7/HB15046.JPG,15,D7,HB15046
data/raw/Padded_imgs/D7/HB15047.JPG,15,D7,HB15047
data/raw/Padded_imgs/D7/HB15048.JPG,15,D7,HB15048
data/raw/Padded_imgs/D7/HB15049.JPG,15,D7,HB15049
data/raw/Padded_imgs/D7/HB15050.JPG,15,D7,HB15050
data/raw/Padded_imgs/D7/HB15051.JPG,15,D7,HB15051
data/raw/Padded_imgs/D7/HB15052.JPG,15,D7,HB15052
data/raw/Padded_imgs/D7/HB15054.JPG,15,D7,HB15054
data/raw/Padded_imgs/D7/HB15055.JPG,15,D7,HB15055
data/raw/Padded_imgs/D7/HB15056.JPG,15,D7,HB15056
data/raw/Padded_imgs/D7/HB15057.JPG,15,D7,HB15057
data/raw/Padded_imgs/D7/HB15060.JPG,15,D7,HB15060
data/raw/Padded_imgs/D7/HB15062.JPG,15,D7,HB15062
data/raw/Padded_imgs/D7/HB15063.JPG,15,D7,HB15063
data/raw/Padded_imgs/D7/HB15064.JPG,15,D7,HB15064
data/raw/Padded_imgs/D7/HB15065.JPG,15,D7,HB15065
data/raw/Padded_imgs/D7/HB15066.JPG,15,D7,HB15066
data/raw/Padded_imgs/D7/HB15067.JPG,15,D7,HB15067
data/raw/Padded_imgs/D7/HB15068.JPG,15,D7,HB15068
data/raw/Padded_imgs/D7/HB15069.JPG,15,D7,HB15069
data/raw/Padded_imgs/D7/HB15070.JPG,15,D7,HB15070
data/raw/Padded_imgs/D7/HB15072.JPG,15,D7,HB15072
data/raw/Padded_imgs/D7/HB15073.JPG,15,D7,HB15073
data/raw/Padded_imgs/D7/HB15074.JPG,15,D7,HB15074
data/raw/Padded_imgs/D7/HB15075.JPG,15,D7,HB15075
data/raw/Padded_imgs/D7/HB15076.JPG,15,D7,HB15076
data/raw/Padded_imgs/D7/HB15077.JPG,15,D7,HB15077
data/raw/Padded_imgs/D7/HB15078.JPG,15,D7,HB15078
data/raw/Padded_imgs/D7/HB15079.JPG,15,D7,HB15079
data/raw/Padded_imgs/D7/HB15080.JPG,15,D7,HB15080
data/raw/Padded_imgs/D7/HB15082.JPG,15,D7,HB15082
data/raw/Padded_imgs/D7/HB15083.JPG,15,D7,HB15083
data/raw/Padded_imgs/D7/HB15084.JPG,15,D7,HB15084
data/raw/Padded_imgs/D7/HB15085.JPG,15,D7,HB15085
data/raw/Padded_imgs/D7/HB15086.JPG,15,D7,HB15086
data/raw/Padded_imgs/D7/HB15087.JPG,15,D7,HB15087
data/raw/Padded_imgs/D7/HB15088.JPG,15,D7,HB15088
data/raw/Padded_imgs/D7/HB15090.JPG,15,D7,HB15090
data/raw/Padded_imgs/D7/HB15091.JPG,15,D7,HB15091
data/raw/Padded_imgs/D7/HB15092.JPG,15,D7,HB15092
data/raw/Padded_imgs/D7/HB15096.JPG,15,D7,HB15096
data/raw/Padded_imgs/D7/HB15097.JPG,15,D7,HB15097
data/raw/Padded_imgs/D7/HB15098.JPG,15,D7,HB15098
data/raw/Padded_imgs/D7/HB15100.JPG,15,D7,HB15100
data/raw/Padded_imgs/D7/HB15101.JPG,15,D7,HB15101
data/raw/Padded_imgs/D7/HB15102.JPG,15,D7,HB15102
data/raw/Padded_imgs/D7/HB15103.JPG,15,D7,HB15103
data/raw/Padded_imgs/D7/HB15104.JPG,15,D7,HB15104
data/raw/Padded_imgs/D7/HB15106.JPG,15,D7,HB15106
data/raw/Padded_imgs/D7/HB15108.JPG,15,D7,HB15108
data/raw/Padded_imgs/D7/HB15109.JPG,15,D7,HB15109
data/raw/Padded_imgs/D7/HB15111.JPG,15,D7,HB15111
data/raw/Padded_imgs/D7/HB15112.JPG,15,D7,HB15112
data/raw/Padded_imgs/D7/HB15113.JPG,15,D7,HB15113
data/raw/Padded_imgs/D7/HB15114.JPG,15,D7,HB15114
data/raw/Padded_imgs/D7/HB15115.JPG,15,D7,HB15115
data/raw/Padded_imgs/D7/HB15116.JPG,15,D7,HB15116
data/raw/Padded_imgs/D7/HB15117.JPG,17,D7,HB15117
data/raw/Padded_imgs/D7/HB15118.JPG,15,D7,HB15118
data/raw/Padded_imgs/D7/HB15119.JPG,15,D7,HB15119
data/raw/Padded_imgs/D7/HB15120.JPG,15,D7,HB15120
data/raw/Padded_imgs/D7/HB15121.JPG,15,D7,HB15121
data/raw/Padded_imgs/D7/HB15122.JPG,15,D7,HB15122
data/raw/Padded_imgs/D7/HB15123.JPG,15,D7,HB15123
data/raw/Padded_imgs/D7/HB15124.JPG,15,D7,HB15124
data/raw/Padded_imgs/D7/HB15125.JPG,15,D7,HB15125
data/raw/Padded_imgs/D7/HB15129.JPG,15,D7,HB15129
data/raw/Padded_imgs/D7/HB15130.JPG,15,D7,HB15130
data/raw/Padded_imgs/D7/HB15132.JPG,15,D7,HB15132
data/raw/Padded_imgs/D7/HB15134.JPG,15,D7,HB15134
data/raw/Padded_imgs/D7/HB15135.JPG,15,D7,HB15135
data/raw/Padded_imgs/D7/HB15136.JPG,15,D7,HB15136
data/raw/Padded_imgs/D7/HB15138.JPG,15,D7,HB15138
data/raw/Padded_imgs/D7/HB15139.JPG,15,D7,HB15139
data/raw/Padded_imgs/D7/HB15140.JPG,15,D7,HB15140
data/raw/Padded_imgs/D7/HB15141.JPG,15,D7,HB15141
data/raw/Padded_imgs/D7/HB15142.JPG,15,D7,HB15142
data/raw/Padded_imgs/D7/HB15143.JPG,15,D7,HB15143
data/raw/Padded_imgs/D7/HB15144.JPG,15,D7,HB15144
data/raw/Padded_imgs/D7/HB15145.JPG,15,D7,HB15145
data/raw/Padded_imgs/D7/HB15146.JPG,15,D7,HB15146
data/raw/Padded_imgs/D7/HB15147.JPG,15,D7,HB15147
data/raw/Padded_imgs/D7/HB15148.JPG,15,D7,HB15148
data/raw/Padded_imgs/D7/HB15150.JPG,15,D7,HB15150
data/raw/Padded_imgs/D7/HB15151.JPG,15,D7,HB15151
data/raw/Padded_imgs/D7/HB15152.JPG,15,D7,HB15152
data/raw/Padded_imgs/D7/HB15154.JPG,15,D7,HB15154
data/raw/Padded_imgs/D7/HB15156.JPG,15,D7,HB15156
data/raw/Padded_imgs/D7/HB15157.JPG,15,D7,HB15157
data/raw/Padded_imgs/D7/HB15158.JPG,15,D7,HB15158
data/raw/Padded_imgs/D7/HB15161.JPG,15,D7,HB15161
data/raw/Padded_imgs/D7/HB15162.JPG,15,D7,HB15162
data/raw/Padded_imgs/D7/HB15163.JPG,15,D7,HB15163
data/raw/Padded_imgs/D7/HB15165.JPG,15,D7,HB15165
data/raw/Padded_imgs/D7/HB15166.JPG,15,D7,HB15166
data/raw/Padded_imgs/D7/HB15168.JPG,15,D7,HB15168
data/raw/Padded_imgs/D7/HB15169.JPG,15,D7,HB15169
data/raw/Padded_imgs/D7/HB15175.JPG,17,D7,HB15175
data/raw/Padded_imgs/D7/HB15176.JPG,17,D7,HB15176
data/raw/Padded_imgs/D7/HB15177.JPG,17,D7,HB15177
data/raw/Padded_imgs/D7/HB15178.JPG,17,D7,HB15178
data/raw/Padded_imgs/D7/HB15179.JPG,17,D7,HB15179
data/raw/Padded_imgs/D7/HB15180.JPG,15,D7,HB15180
data/raw/Padded_imgs/D7/HB15181.JPG,15,D7,HB15181
data/raw/Padded_imgs/D7/HB15182.JPG,15,D7,HB15182
data/raw/Padded_imgs/D7/HB15184.JPG,15,D7,HB15184
data/raw/Padded_imgs/D7/HB15185.JPG,15,D7,HB15185
data/raw/Padded_imgs/D7/HB15186.JPG,15,D7,HB15186
data/raw/Padded_imgs/D7/HB15190.JPG,15,D7,HB15190
data/raw/Padded_imgs/D7/HB15191.JPG,15,D7,HB15191
data/raw/Padded_imgs/D7/HB15192.JPG,15,D7,HB15192
data/raw/Padded_imgs/D7/HB15193.JPG,15,D7,HB15193
data/raw/Padded_imgs/D7/HB15194.JPG,15,D7,HB15194
data/raw/Padded_imgs/D7/HB15195.JPG,15,D7,HB15195
data/raw/Padded_imgs/D7/HB15196.JPG,15,D7,HB15196
data/raw/Padded_imgs/D7/HB15197.JPG,15,D7,HB15197
data/raw/Padded_imgs/D7/HB15198.JPG,15,D7,HB15198
data/raw/Padded_imgs/D7/HB15199.JPG,15,D7,HB15199
data/raw/Padded_imgs/D7/HB15201.JPG,15,D7,HB15201
data/raw/Padded_imgs/D7/HB15202.JPG,15,D7,HB15202
data/raw/Padded_imgs/D7/HB15203.JPG,15,D7,HB15203
data/raw/Padded_imgs/D7/HB15206.JPG,15,D7,HB15206
data/raw/Padded_imgs/D7/HB15207.JPG,15,D7,HB15207
data/raw/Padded_imgs/D7/HB15208.JPG,15,D7,HB15208
data/raw/Padded_imgs/D7/HB15209.JPG,15,D7,HB15209
data/raw/Padded_imgs/D7/HB15210.JPG,15,D7,HB15210
data/raw/Padded_imgs/D7/HB15211.JPG,15,D7,HB15211
data/raw/Padded_imgs/D7/HB15212.JPG,15,D7,HB15212
data/raw/Padded_imgs/D7/HB15214.JPG,15,D7,HB15214
data/raw/Padded_imgs/D7/HB15216.JPG,15,D7,HB15216
data/raw/Padded_imgs/D7/HB15217.JPG,17,D7,HB15217
data/raw/Padded_imgs/D7/HB15218.JPG,15,D7,HB15218
data/raw/Padded_imgs/D7/HB15220.JPG,15,D7,HB15220
data/raw/Padded_imgs/D7/HB15221.JPG,15,D7,HB15221
data/raw/Padded_imgs/D7/HB15223.JPG,15,D7,HB15223
data/raw/Padded_imgs/D7/HB15224.JPG,15,D7,HB15224
data/raw/Padded_imgs/D7/HB15227.JPG,15,D7,HB15227
data/raw/Padded_imgs/D7/HB15229.JPG,15,D7,HB15229
data/raw/Padded_imgs/D7/HB15230.JPG,15,D7,HB15230
data/raw/Padded_imgs/D7/HB15231.JPG,15,D7,HB15231
data/raw/Padded_imgs/D7/HB15232.JPG,15,D7,HB15232
data/raw/Padded_imgs/D7/HB15233.JPG,15,D7,HB15233
data/raw/Padded_imgs/D7/HB15235.JPG,15,D7,HB15235
data/raw/Padded_imgs/D7/HB15236.JPG,15,D7,HB15236
data/raw/Padded_imgs/D7/HB15237.JPG,15,D7,HB15237
data/raw/Padded_imgs/D7/HB15238.JPG,15,D7,HB15238
data/raw/Padded_imgs/D7/HB15239.JPG,15,D7,HB15239
data/raw/Padded_imgs/D7/HB15240.JPG,15,D7,HB15240
data/raw/Padded_imgs/D7/HB15241.JPG,15,D7,HB15241
data/raw/Padded_imgs/D7/HB15242.JPG,15,D7,HB15242
data/raw/Padded_imgs/D7/HB15243.JPG,15,D7,HB15243
data/raw/Padded_imgs/D7/HB15244.JPG,15,D7,HB15244
data/raw/Padded_imgs/D7/HB15245.JPG,15,D7,HB15245
data/raw/Padded_imgs/D7/HB15246.JPG,15,D7,HB15246
data/raw/Padded_imgs/D7/HB15247.JPG,15,D7,HB15247
data/raw/Padded_imgs/D7/HB15248.JPG,15,D7,HB15248
data/raw/Padded_imgs/D7/HB15251.JPG,15,D7,HB15251
data/raw/Padded_imgs/D7/HB15252.JPG,15,D7,HB15252
data/raw/Padded_imgs/D7/HB15254.JPG,15,D7,HB15254
data/raw/Padded_imgs/D7/HB15255.JPG,15,D7,HB15255
data/raw/Padded_imgs/D7/HB15256.JPG,15,D7,HB15256
data/raw/Padded_imgs/D7/HB15257.JPG,15,D7,HB15257
data/raw/Padded_imgs/D7/HB15258.JPG,15,D7,HB15258
data/raw/Padded_imgs/D7/HB15259.JPG,15,D7,HB15259
data/raw/Padded_imgs/D7/HB15260.JPG,15,D7,HB15260
data/raw/Padded_imgs/D7/HB15261.JPG,15,D7,HB15261
data/raw/Padded_imgs/D7/HB15262.JPG,15,D7,HB15262
data/raw/Padded_imgs/D7/HB15263.JPG,15,D7,HB15263
data/raw/Padded_imgs/D7/HB15264.JPG,15,D7,HB15264
data/raw/Padded_imgs/D7/HB15265.JPG,15,D7,HB15265
data/raw/Padded_imgs/D7/HB15266.JPG,15,D7,HB15266
data/raw/Padded_imgs/D7/HB15267.JPG,15,D7,HB15267
data/raw/Padded_imgs/D7/HB19377.JPG,15,D7,HB19377
data/raw/Padded_imgs/D7/HB19379.JPG,15,D7,HB19379
data/raw/Padded_imgs/D7/HB19381.JPG,15,D7,HB19381
data/raw/Padded_imgs/D7/HB19383.JPG,15,D7,HB19383
data/raw/Padded_imgs/D7/HB19389.JPG,15,D7,HB19389
data/raw/Padded_imgs/D7/HB19390.JPG,15,D7,HB19390
data/raw/Padded_imgs/D7/HB19394.JPG,15,D7,HB19394
data/raw/Padded_imgs/D7/HB19396.JPG,15,D7,HB19396
data/raw/Padded_imgs/D7/HB19398.JPG,15,D7,HB19398
data/raw/Padded_imgs/D7/HB19400.JPG,15,D7,HB19400
data/raw/Padded_imgs/D7/HB19402.JPG,15,D7,HB19402
data/raw/Padded_imgs/D7/HB19404.JPG,15,D7,HB19404
data/raw/Padded_imgs/D7/HB19406.JPG,15,D7,HB19406
data/raw/Padded_imgs/D7/HB19408.JPG,15,D7,HB19408
data/raw/Padded_imgs/D7/HB19410.JPG,15,D7,HB19410
data/raw/Padded_imgs/D7/HB19412.JPG,15,D7,HB19412
data/raw/Padded_imgs/D7/HB19414.JPG,15,D7,HB19414
data/raw/Padded_imgs/D7/HB19416.JPG,15,D7,HB19416
data/raw/Padded_imgs/D7/HB19418.JPG,15,D7,HB19418
data/raw/Padded_imgs/D7/HB19420.JPG,15,D7,HB19420
data/raw/Padded_imgs/D7/HB19422.JPG,15,D7,HB19422
data/raw/Padded_imgs/D7/HB19424.JPG,15,D7,HB19424
data/raw/Padded_imgs/D7/HB19426.JPG,15,D7,HB19426
data/raw/Padded_imgs/D7/HB19430.JPG,15,D7,HB19430
data/raw/Padded_imgs/D7/HB19432.JPG,15,D7,HB19432
data/raw/Padded_imgs/D7/HB19434.JPG,15,D7,HB19434
data/raw/Padded_imgs/D7/HB19436.JPG,15,D7,HB19436
data/raw/Padded_imgs/D7/HB19438.JPG,15,D7,HB19438
data/raw/Padded_imgs/D7/HB19440.JPG,15,D7,HB19440
data/raw/Padded_imgs/D7/HB19442.JPG,15,D7,HB19442
data/raw/Padded_imgs/D7/HB19444.JPG,15,D7,HB19444
data/raw/Padded_imgs/D7/HB19446.JPG,15,D7,HB19446
data/raw/Padded_imgs/D7/HB19448.JPG,15,D7,HB19448
data/raw/Padded_imgs/D7/HB19450.JPG,15,D7,HB19450
data/raw/Padded_imgs/D7/HB19454.JPG,15,D7,HB19454
data/raw/Padded_imgs/D7/HB19456.JPG,15,D7,HB19456
data/raw/Padded_imgs/D7/HB19458.JPG,15,D7,HB19458
data/raw/Padded_imgs/D7/HB19460.JPG,15,D7,HB19460
data/raw/Padded_imgs/D7/HB19462.JPG,15,D7,HB19462
data/raw/Padded_imgs/D7/HB19464.JPG,15,D7,HB19464
data/raw/Padded_imgs/D7/HB19466.JPG,15,D7,HB19466
data/raw/Padded_imgs/D7/HB19468.JPG,15,D7,HB19468
data/raw/Padded_imgs/D7/HB19470.JPG,15,D7,HB19470
data/raw/Padded_imgs/D7/HB19472.JPG,15,D7,HB19472
data/raw/Padded_imgs/D7/HB19474.JPG,15,D7,HB19474
data/raw/Padded_imgs/D7/HB19476.JPG,15,D7,HB19476
data/raw/Padded_imgs/D7/HB19478.JPG,15,D7,HB19478
data/raw/Padded_imgs/D7/HB19479.JPG,15,D7,HB19479
data/raw/Padded_imgs/D7/HB19481.JPG,15,D7,HB19481
data/raw/Padded_imgs/D7/HB19483.JPG,15,D7,HB19483
data/raw/Padded_imgs/D7/HB19487.JPG,15,D7,HB19487
data/raw/Padded_imgs/D7/HB19491.JPG,15,D7,HB19491
data/raw/Padded_imgs/D7/HB19495.JPG,15,D7,HB19495
data/raw/Padded_imgs/D7/HB19499.JPG,15,D7,HB19499
data/raw/Padded_imgs/D7/HB19501.JPG,15,D7,HB19501
data/raw/Padded_imgs/D7/HB19503.JPG,15,D7,HB19503
data/raw/Padded_imgs/D7/HB19505.JPG,15,D7,HB19505
data/raw/Padded_imgs/D7/HB19507.JPG,15,D7,HB19507
data/raw/Padded_imgs/D7/HB19508.JPG,15,D7,HB19508
data/raw/Padded_imgs/D7/HB19512.JPG,15,D7,HB19512
data/raw/Padded_imgs/D7/HB19514.JPG,15,D7,HB19514
data/raw/Padded_imgs/D7/HB19516.JPG,15,D7,HB19516
data/raw/Padded_imgs/D7/HB19518.JPG,15,D7,HB19518
data/raw/Padded_imgs/D7/HB19520.JPG,15,D7,HB19520
data/raw/Padded_imgs/D7/HB19522.JPG,15,D7,HB19522
data/raw/Padded_imgs/D7/HB19526.JPG,15,D7,HB19526
data/raw/Padded_imgs/D7/HB19528.JPG,15,D7,HB19528
data/raw/Padded_imgs/D7/HB19530.JPG,15,D7,HB19530
data/raw/Padded_imgs/D7/HB19534.JPG,15,D7,HB19534
data/raw/Padded_imgs/D7/HB19536.JPG,15,D7,HB19536
data/raw/Padded_imgs/D7/HB19538.JPG,15,D7,HB19538
data/raw/Padded_imgs/D7/HB19540.JPG,15,D7,HB19540
data/raw/Padded_imgs/D7/HB19542.JPG,15,D7,HB19542
data/raw/Padded_imgs/D7/HB19544.JPG,15,D7,HB19544
data/raw/Padded_imgs/D7/HB19545.JPG,15,D7,HB19545
data/raw/Padded_imgs/D7/HB19547.JPG,15,D7,HB19547
data/raw/Padded_imgs/D7/HB19549.JPG,15,D7,HB19549
data/raw/Padded_imgs/D7/HB19551.JPG,15,D7,HB19551
data/raw/Padded_imgs/D7/HB19553.JPG,15,D7,HB19553
data/raw/Padded_imgs/D7/HB19555.JPG,15,D7,HB19555
data/raw/Padded_imgs/D7/HB19557.JPG,15,D7,HB19557
data/raw/Padded_imgs/D7/HB19559.JPG,15,D7,HB19559
data/raw/Padded_imgs/D7/HB19561.JPG,15,D7,HB19561
data/raw/Padded_imgs/D7/HB19563.JPG,15,D7,HB19563
data/raw/Padded_imgs/D7/HB19567.JPG,15,D7,HB19567
data/raw/Padded_imgs/D7/HB19569.JPG,15,D7,HB19569
data/raw/Padded_imgs/D7/HB19571.JPG,15,D7,HB19571
data/raw/Padded_imgs/D7/HB19573.JPG,15,D7,HB19573
data/raw/Padded_imgs/D7/HB19575.JPG,15,D7,HB19575
data/raw/Padded_imgs/D7/HB19579.JPG,15,D7,HB19579
data/raw/Padded_imgs/D7/HB19581.JPG,15,D7,HB19581
data/raw/Padded_imgs/D7/HB19583.JPG,15,D7,HB19583
data/raw/Padded_imgs/D7/HB19780.JPG,15,D7,HB19780
data/raw/Padded_imgs/D7/HB19781.JPG,15,D7,HB19781
data/raw/Padded_imgs/D7/HB19782.JPG,15,D7,HB19782
data/raw/Padded_imgs/D7/HB19783.JPG,15,D7,HB19783
data/raw/Padded_imgs/D7/HB19784.JPG,15,D7,HB19784
data/raw/Padded_imgs/D7/HB19785.JPG,15,D7,HB19785
data/raw/Padded_imgs/D7/HB19786.JPG,15,D7,HB19786
data/raw/Padded_imgs/D7/HB19787.JPG,15,D7,HB19787
data/raw/Padded_imgs/D7/HB19788.JPG,15,D7,HB19788
data/raw/Padded_imgs/D7/HB19789.JPG,15,D7,HB19789
data/raw/Padded_imgs/D7/HB19790.JPG,15,D7,HB19790
data/raw/Padded_imgs/D7/HB19791.JPG,15,D7,HB19791
data/raw/Padded_imgs/D7/HB19792.JPG,15,D7,HB19792
data/raw/Padded_imgs/D7/HB19793.JPG,15,D7,HB19793
data/raw/Padded_imgs/D7/HB19794.JPG,15,D7,HB19794
data/raw/Padded_imgs/D7/HB19795.JPG,15,D7,HB19795
data/raw/Padded_imgs/D7/HB19797.JPG,15,D7,HB19797
data/raw/Padded_imgs/D7/HB19798.JPG,15,D7,HB19798
data/raw/Padded_imgs/D7/HB19799.JPG,15,D7,HB19799
data/raw/Padded_imgs/D7/HB19801.JPG,15,D7,HB19801
data/raw/Padded_imgs/D7/HB19803.JPG,15,D7,HB19803
data/raw/Padded_imgs/D7/HB19804.JPG,15,D7,HB19804
data/raw/Padded_imgs/D7/HB19805.JPG,15,D7,HB19805
data/raw/Padded_imgs/D7/HB19806.JPG,15,D7,HB19806
data/raw/Padded_imgs/D7/HB19807.JPG,15,D7,HB19807
data/raw/Padded_imgs/D7/HB19808.JPG,15,D7,HB19808
data/raw/Padded_imgs/D7/HB19809.JPG,15,D7,HB19809
data/raw/Padded_imgs/D7/HB19810.JPG,15,D7,HB19810
data/raw/Padded_imgs/D7/HB19811.JPG,15,D7,HB19811
data/raw/Padded_imgs/D7/HB19812.JPG,15,D7,HB19812
data/raw/Padded_imgs/D7/HB19813.JPG,15,D7,HB19813
data/raw/Padded_imgs/D7/HB19814.JPG,15,D7,HB19814
data/raw/Padded_imgs/D7/HB19816.JPG,15,D7,HB19816
data/raw/Padded_imgs/D7/HB19817.JPG,17,D7,HB19817
data/raw/Padded_imgs/D7/HB19818.JPG,15,D7,HB19818
data/raw/Padded_imgs/D7/HB19820.JPG,15,D7,HB19820
data/raw/Padded_imgs/D7/HB19821.JPG,15,D7,HB19821
data/raw/Padded_imgs/D7/HB19822.JPG,15,D7,HB19822
data/raw/Padded_imgs/D7/HB19823.JPG,15,D7,HB19823
data/raw/Padded_imgs/D7/HB19824.JPG,15,D7,HB19824
data/raw/Padded_imgs/D7/HB19825.JPG,15,D7,HB19825
data/raw/Padded_imgs/D7/HB19826.JPG,15,D7,HB19826
data/raw/Padded_imgs/D7/HB19827.JPG,15,D7,HB19827
data/raw/Padded_imgs/D7/HB19828.JPG,15,D7,HB19828
data/raw/Padded_imgs/D7/HB19829.JPG,15,D7,HB19829
data/raw/Padded_imgs/D7/HB19830.JPG,15,D7,HB19830
data/raw/Padded_imgs/D7/HB19831.JPG,15,D7,HB19831
data/raw/Padded_imgs/D7/HB19833.JPG,15,D7,HB19833
data/raw/Padded_imgs/D7/HB19834.JPG,15,D7,HB19834
data/raw/Padded_imgs/D7/HB19835.JPG,15,D7,HB19835
data/raw/Padded_imgs/D7/HB19836.JPG,15,D7,HB19836
data/raw/Padded_imgs/D7/HB19838.JPG,15,D7,HB19838
data/raw/Padded_imgs/D7/HB19839.JPG,15,D7,HB19839
data/raw/Padded_imgs/D7/HB19840.JPG,15,D7,HB19840
data/raw/Padded_imgs/D7/HB19841.JPG,15,D7,HB19841
data/raw/Padded_imgs/D7/HB19842.JPG,15,D7,HB19842
data/raw/Padded_imgs/D7/HB19843.JPG,15,D7,HB19843
data/raw/Padded_imgs/D7/HB19844.JPG,15,D7,HB19844
data/raw/Padded_imgs/D7/HB19845.JPG,15,D7,HB19845
data/raw/Padded_imgs/D7/HB19846.JPG,15,D7,HB19846
data/raw/Padded_imgs/D7/HB19847.JPG,15,D7,HB19847
data/raw/Padded_imgs/D7/HB19848.JPG,15,D7,HB19848
data/raw/Padded_imgs/D7/HB19849.JPG,15,D7,HB19849
data/raw/Padded_imgs/D7/HB19850.JPG,15,D7,HB19850
data/raw/Padded_imgs/D7/HB19851.JPG,15,D7,HB19851
data/raw/Padded_imgs/D7/HB19852.JPG,15,D7,HB19852
data/raw/Padded_imgs/D7/HB19853.JPG,15,D7,HB19853
data/raw/Padded_imgs/D7/HB19854.JPG,15,D7,HB19854
data/raw/Padded_imgs/D7/HB19855.JPG,15,D7,HB19855
data/raw/Padded_imgs/D7/HB19856.JPG,15,D7,HB19856
data/raw/Padded_imgs/D7/HB19857.JPG,15,D7,HB19857
data/raw/Padded_imgs/D7/HB19858.JPG,15,D7,HB19858
data/raw/Padded_imgs/D7/HB19859.JPG,15,D7,HB19859
data/raw/Padded_imgs/D7/HB19860.JPG,15,D7,HB19860
data/raw/Padded_imgs/D7/HB19861.JPG,15,D7,HB19861
data/raw/Padded_imgs/D7/HB19862.JPG,15,D7,HB19862
data/raw/Padded_imgs/D7/HB19863.JPG,15,D7,HB19863
data/raw/Padded_imgs/D7/HB19864.JPG,15,D7,HB19864
data/raw/Padded_imgs/D7/HB19865.JPG,15,D7,HB19865
data/raw/Padded_imgs/D7/HB19867.JPG,15,D7,HB19867
data/raw/Padded_imgs/D7/HB19868.JPG,15,D7,HB19868
data/raw/Padded_imgs/D7/HB19869.JPG,15,D7,HB19869
data/raw/Padded_imgs/D7/HB19871.JPG,15,D7,HB19871
data/raw/Padded_imgs/D7/HB19872.JPG,15,D7,HB19872
data/raw/Padded_imgs/D7/HB19873.JPG,15,D7,HB19873
data/raw/Padded_imgs/D7/HB19874.JPG,15,D7,HB19874
data/raw/Padded_imgs/D7/HB19875.JPG,15,D7,HB19875
data/raw/Padded_imgs/D7/HB19876.JPG,15,D7,HB19876
data/raw/Padded_imgs/D7/HB19877.JPG,15,D7,HB19877
data/raw/Padded_imgs/D7/HB19878.JPG,15,D7,HB19878
data/raw/Padded_imgs/D7/HB19879.JPG,15,D7,HB19879
data/raw/Padded_imgs/D7/HB19880.JPG,15,D7,HB19880
data/raw/Padded_imgs/D7/HB19881.JPG,15,D7,HB19881
data/raw/Padded_imgs/D7/HB19882.JPG,15,D7,HB19882
data/raw/Padded_imgs/D7/HB19883.JPG,15,D7,HB19883
data/raw/Padded_imgs/D7/HB19884.JPG,15,D7,HB19884
data/raw/Padded_imgs/D7/HB19885.JPG,15,D7,HB19885
data/raw/Padded_imgs/D7/HB19887.JPG,15,D7,HB19887
data/raw/Padded_imgs/D7/HB19888.JPG,15,D7,HB19888
data/raw/Padded_imgs/D7/HB19889.JPG,15,D7,HB19889
data/raw/Padded_imgs/D7/HB19890.JPG,15,D7,HB19890
data/raw/Padded_imgs/D7/HB19891.JPG,15,D7,HB19891
data/raw/Padded_imgs/D7/HB19892.JPG,15,D7,HB19892
data/raw/Padded_imgs/D7/HB19893.JPG,15,D7,HB19893
data/raw/Padded_imgs/D7/HB19894.JPG,15,D7,HB19894
data/raw/Padded_imgs/D7/HB19895.JPG,15,D7,HB19895
data/raw/Padded_imgs/D7/HB19896.JPG,15,D7,HB19896
data/raw/Padded_imgs/D7/HB19897.JPG,15,D7,HB19897
data/raw/Padded_imgs/D7/HB19898.JPG,15,D7,HB19898
data/raw/Padded_imgs/D7/HB19899.JPG,15,D7,HB19899
data/raw/Padded_imgs/D7/HB19901.JPG,15,D7,HB19901
data/raw/Padded_imgs/D7/HB19902.JPG,15,D7,HB19902
data/raw/Padded_imgs/D7/HB19903.JPG,15,D7,HB19903
data/raw/Padded_imgs/D7/HB19906.JPG,15,D7,HB19906
data/raw/Padded_imgs/D7/HB19907.JPG,15,D7,HB19907
data/raw/Padded_imgs/D7/HB19908.JPG,15,D7,HB19908
data/raw/Padded_imgs/D7/HB19909.JPG,15,D7,HB19909
data/raw/Padded_imgs/D7/HB19910.JPG,15,D7,HB19910
data/raw/Padded_imgs/D7/HB19911.JPG,15,D7,HB19911
data/raw/Padded_imgs/D7/HB19912.JPG,15,D7,HB19912
data/raw/Padded_imgs/D7/HB19913.JPG,15,D7,HB19913
data/raw/Padded_imgs/D7/HB19914.JPG,15,D7,HB19914
data/raw/Padded_imgs/D7/HB19915.JPG,15,D7,HB19915
data/raw/Padded_imgs/D7/HB19916.JPG,15,D7,HB19916
data/raw/Padded_imgs/D7/HB19917.JPG,17,D7,HB19917
data/raw/Padded_imgs/D7/HB19918.JPG,15,D7,HB19918
data/raw/Padded_imgs/D7/HB19919.JPG,15,D7,HB19919
data/raw/Padded_imgs/D7/HB19920.JPG,15,D7,HB19920
data/raw/Padded_imgs/D7/HB19923.JPG,15,D7,HB19923
data/raw/Padded_imgs/D7/HB19924.JPG,15,D7,HB19924
data/raw/Padded_imgs/D7/HB19925.JPG,15,D7,HB19925
data/raw/Padded_imgs/D7/HB19926.JPG,15,D7,HB19926
data/raw/Padded_imgs/D7/HB19927.JPG,15,D7,HB19927
data/raw/Padded_imgs/D7/HB19928.JPG,15,D7,HB19928
data/raw/Padded_imgs/D7/HB19929.JPG,15,D7,HB19929
data/raw/Padded_imgs/D7/HB19930.JPG,15,D7,HB19930
data/raw/Padded_imgs/D7/HB19931.JPG,15,D7,HB19931
data/raw/Padded_imgs/D7/HB19932.JPG,15,D7,HB19932
data/raw/Padded_imgs/D7/HB19933.JPG,15,D7,HB19933
data/raw/Padded_imgs/D7/HB19934.JPG,15,D7,HB19934
data/raw/Padded_imgs/D7/HB19935.JPG,15,D7,HB19935
data/raw/Padded_imgs/D7/HB19936.JPG,15,D7,HB19936
data/raw/Padded_imgs/D7/HB19938.JPG,15,D7,HB19938
data/raw/Padded_imgs/D7/HB19939.JPG,15,D7,HB19939
data/raw/Padded_imgs/D7/HB19941.JPG,15,D7,HB19941
data/raw/Padded_imgs/D7/HB19942.JPG,15,D7,HB19942
data/raw/Padded_imgs/D7/HB19943.JPG,15,D7,HB19943
data/raw/Padded_imgs/D7/HB19944.JPG,15,D7,HB19944
data/raw/Padded_imgs/D7/HB19945.JPG,15,D7,HB19945
data/raw/Padded_imgs/D7/HB19946.JPG,15,D7,HB19946
data/raw/Padded_imgs/D7/HB19947.JPG,15,D7,HB19947
data/raw/Padded_imgs/D7/HB19949.JPG,15,D7,HB19949
data/raw/Padded_imgs/D7/HB19950.JPG,15,D7,HB19950
data/raw/Padded_imgs/D7/HB19951.JPG,15,D7,HB19951
data/raw/Padded_imgs/D7/HB19952.JPG,15,D7,HB19952
data/raw/Padded_imgs/D7/HB19953.JPG,15,D7,HB19953
data/raw/Padded_imgs/D7/HB19954.JPG,15,D7,HB19954
data/raw/Padded_imgs/D7/HB19955.JPG,15,D7,HB19955
data/raw/Padded_imgs/D7/HB19957.JPG,15,D7,HB19957
data/raw/Padded_imgs/D7/HB19958.JPG,15,D7,HB19958
data/raw/Padded_imgs/D7/HB19959.JPG,15,D7,HB19959
data/raw/Padded_imgs/D7/HB19960.JPG,15,D7,HB19960
data/raw/Padded_imgs/D7/HB19961.JPG,15,D7,HB19961
data/raw/Padded_imgs/D7/HB19962.JPG,15,D7,HB19962
data/raw/Padded_imgs/D7/HB19963.JPG,15,D7,HB19963
data/raw/Padded_imgs/D7/HB19964.JPG,15,D7,HB19964
data/raw/Padded_imgs/D7/HB19965.JPG,15,D7,HB19965
data/raw/Padded_imgs/D7/HB19966.JPG,15,D7,HB19966
data/raw/Padded_imgs/D7/HB19967.JPG,15,D7,HB19967
data/raw/Padded_imgs/D7/HB19968.JPG,15,D7,HB19968
data/raw/Padded_imgs/D7/HB19969.JPG,15,D7,HB19969
data/raw/Padded_imgs/D7/HB19971.JPG,15,D7,HB19971
data/raw/Padded_imgs/D7/HB19972.JPG,15,D7,HB19972
data/raw/Padded_imgs/D7/HB19973.JPG,15,D7,HB19973
data/raw/Padded_imgs/D7/HB19975.JPG,15,D7,HB19975
data/raw/Padded_imgs/D7/HB19976.JPG,15,D7,HB19976
data/raw/Padded_imgs/D7/HB19977.JPG,15,D7,HB19977
data/raw/Padded_imgs/D7/HB19978.JPG,15,D7,HB19978
data/raw/Padded_imgs/D7/HB19979.JPG,15,D7,HB19979
data/raw/Padded_imgs/D7/HB19980.JPG,15,D7,HB19980
data/raw/Padded_imgs/D7/HB19981.JPG,15,D7,HB19981
data/raw/Padded_imgs/D7/HB19982.JPG,15,D7,HB19982
data/raw/Padded_imgs/D7/HB19983.JPG,15,D7,HB19983
data/raw/Padded_imgs/D7/HB19984.JPG,15,D7,HB19984
data/raw/Padded_imgs/D7/HB19986.JPG,15,D7,HB19986
data/raw/Padded_imgs/D7/HB19987.JPG,15,D7,HB19987
data/raw/Padded_imgs/D7/HB19988.JPG,15,D7,HB19988
data/raw/Padded_imgs/D7/HB19989.JPG,15,D7,HB19989
data/raw/Padded_imgs/D7/HB19990.JPG,15,D7,HB19990
data/raw/Padded_imgs/D7/HB19992.JPG,15,D7,HB19992
data/raw/Padded_imgs/D7/HB19993.JPG,15,D7,HB19993
data/raw/Padded_imgs/D7/HB19994.JPG,15,D7,HB19994
data/raw/Padded_imgs/D7/HB19995.JPG,15,D7,HB19995
data/raw/Padded_imgs/D7/HB19996.JPG,15,D7,HB19996
data/raw/Padded_imgs/D7/HB19997.JPG,15,D7,HB19997
data/raw/Padded_imgs/D7/HB19998.JPG,15,D7,HB19998
data/raw/Padded_imgs/D7/HB19999.JPG,15,D7,HB19999
data/raw/Padded_imgs/D7/HB20000.JPG,15,D7,HB20000
data/raw/Padded_imgs/D7/HB20001.JPG,15,D7,HB20001
data/raw/Padded_imgs/D7/HB20002.JPG,15,D7,HB20002
data/raw/Padded_imgs/D7/HB20007.JPG,15,D7,HB20007
data/raw/Padded_imgs/D7/HB20008.JPG,15,D7,HB20008
data/raw/Padded_imgs/D7/HB20009.JPG,15,D7,HB20009
data/raw/Padded_imgs/D7/HB20010.JPG,15,D7,HB20010
data/raw/Padded_imgs/D7/HB20011.JPG,15,D7,HB20011
data/raw/Padded_imgs/D7/HB20012.JPG,15,D7,HB20012
data/raw/Padded_imgs/D7/HB20013.JPG,15,D7,HB20013
data/raw/Padded_imgs/SLICY/HB14931.JPG,15,SLICY,HB14931
data/raw/Padded_imgs/SLICY/HB14934.JPG,15,SLICY,HB14934
data/raw/Padded_imgs/SLICY/HB14936.JPG,15,SLICY,HB14936
data/raw/Padded_imgs/SLICY/HB14937.JPG,15,SLICY,HB14937
data/raw/Padded_imgs/SLICY/HB14938.JPG,15,SLICY,HB14938
data/raw/Padded_imgs/SLICY/HB14939.JPG,15,SLICY,HB14939
data/raw/Padded_imgs/SLICY/HB14941.JPG,15,SLICY,HB14941
data/raw/Padded_imgs/SLICY/HB14944.JPG,15,SLICY,HB14944
data/raw/Padded_imgs/SLICY/HB14948.JPG,15,SLICY,HB14948
data/raw/Padded_imgs/SLICY/HB14955.JPG,15,SLICY,HB14955
data/raw/Padded_imgs/SLICY/HB14956.JPG,15,SLICY,HB14956
data/raw/Padded_imgs/SLICY/HB14957.JPG,15,SLICY,HB14957
data/raw/Padded_imgs/SLICY/HB14958.JPG,15,SLICY,HB14958
data/raw/Padded_imgs/SLICY/HB14962.JPG,15,SLICY,HB14962
data/raw/Padded_imgs/SLICY/HB14963.JPG,15,SLICY,HB14963
data/raw/Padded_imgs/SLICY/HB14964.JPG,15,SLICY,HB14964
data/raw/Padded_imgs/SLICY/HB14965.JPG,15,SLICY,HB14965
data/raw/Padded_imgs/SLICY/HB14967.JPG,15,SLICY,HB14967
data/raw/Padded_imgs/SLICY/HB14970.JPG,15,SLICY,HB14970
data/raw/Padded_imgs/SLICY/HB14975.JPG,15,SLICY,HB14975
data/raw/Padded_imgs/SLICY/HB14976.JPG,15,SLICY,HB14976
data/raw/Padded_imgs/SLICY/HB14981.JPG,15,SLICY,HB14981
data/raw/Padded_imgs/SLICY/HB14984.JPG,15,SLICY,HB14984
data/raw/Padded_imgs/SLICY/HB14986.JPG,15,SLICY,HB14986
data/raw/Padded_imgs/SLICY/HB14990.JPG,15,SLICY,HB14990
data/raw/Padded_imgs/SLICY/HB14991.JPG,15,SLICY,HB14991
data/raw/Padded_imgs/SLICY/HB14992.JPG,15,SLICY,HB14992
data/raw/Padded_imgs/SLICY/HB14993.JPG,15,SLICY,HB14993
data/raw/Padded_imgs/SLICY/HB14997.JPG,15,SLICY,HB14997
data/raw/Padded_imgs/SLICY/HB15002.JPG,15,SLICY,HB15002
data/raw/Padded_imgs/SLICY/HB15003.JPG,15,SLICY,HB15003
data/raw/Padded_imgs/SLICY/HB15005.JPG,15,SLICY,HB15005
data/raw/Padded_imgs/SLICY/HB15006.JPG,15,SLICY,HB15006
data/raw/Padded_imgs/SLICY/HB15010.JPG,15,SLICY,HB15010
data/raw/Padded_imgs/SLICY/HB15013.JPG,15,SLICY,HB15013
data/raw/Padded_imgs/SLICY/HB15014.JPG,15,SLICY,HB15014
data/raw/Padded_imgs/SLICY/HB15016.JPG,15,SLICY,HB15016
data/raw/Padded_imgs/SLICY/HB15019.JPG,15,SLICY,HB15019
data/raw/Padded_imgs/SLICY/HB15021.JPG,15,SLICY,HB15021
data/raw/Padded_imgs/SLICY/HB15022.JPG,15,SLICY,HB15022
data/raw/Padded_imgs/SLICY/HB15025.JPG,15,SLICY,HB15025
data/raw/Padded_imgs/SLICY/HB15027.JPG,15,SLICY,HB15027
data/raw/Padded_imgs/SLICY/HB15028.JPG,15,SLICY,HB15028
data/raw/Padded_imgs/SLICY/HB15029.JPG,15,SLICY,HB15029
data/raw/Padded_imgs/SLICY/HB15031.JPG,15,SLICY,HB15031
data/raw/Padded_imgs/SLICY/HB15036.JPG,15,SLICY,HB15036
data/raw/Padded_imgs/SLICY/HB15038.JPG,15,SLICY,HB15038
data/raw/Padded_imgs/SLICY/HB15041.JPG,15,SLICY,HB15041
data/raw/Padded_imgs/SLICY/HB15042.JPG,15,SLICY,HB15042
data/raw/Padded_imgs/SLICY/HB15044.JPG,15,SLICY,HB15044
data/raw/Padded_imgs/SLICY/HB15047.JPG,15,SLICY,HB15047
data/raw/Padded_imgs/SLICY/HB15048.JPG,15,SLICY,HB15048
data/raw/Padded_imgs/SLICY/HB15049.JPG,15,SLICY,HB15049
data/raw/Padded_imgs/SLICY/HB15055.JPG,15,SLICY,HB15055
data/raw/Padded_imgs/SLICY/HB15057.JPG,15,SLICY,HB15057
data/raw/Padded_imgs/SLICY/HB15060.JPG,15,SLICY,HB15060
data/raw/Padded_imgs/SLICY/HB15062.JPG,15,SLICY,HB15062
data/raw/Padded_imgs/SLICY/HB15063.JPG,15,SLICY,HB15063
data/raw/Padded_imgs/SLICY/HB15064.JPG,15,SLICY,HB15064
data/raw/Padded_imgs/SLICY/HB15066.JPG,15,SLICY,HB15066
data/raw/Padded_imgs/SLICY/HB15068.JPG,15,SLICY,HB15068
data/raw/Padded_imgs/SLICY/HB15069.JPG,15,SLICY,HB15069
data/raw/Padded_imgs/SLICY/HB15070.JPG,15,SLICY,HB15070
data/raw/Padded_imgs/SLICY/HB15075.JPG,15,SLICY,HB15075
data/raw/Padded_imgs/SLICY/HB15076.JPG,15,SLICY,HB15076
data/raw/Padded_imgs/SLICY/HB15077.JPG,15,SLICY,HB15077
data/raw/Padded_imgs/SLICY/HB15078.JPG,15,SLICY,HB15078
data/raw/Padded_imgs/SLICY/HB15079.JPG,15,SLICY,HB15079
data/raw/Padded_imgs/SLICY/HB15082.JPG,15,SLICY,HB15082
data/raw/Padded_imgs/SLICY/HB15086.JPG,15,SLICY,HB15086
data/raw/Padded_imgs/SLICY/HB15087.JPG,15,SLICY,HB15087
data/raw/Padded_imgs/SLICY/HB15090.JPG,15,SLICY,HB15090
data/raw/Padded_imgs/SLICY/HB15097.JPG,15,SLICY,HB15097
data/raw/Padded_imgs/SLICY/HB15100.JPG,15,SLICY,HB15100
data/raw/Padded_imgs/SLICY/HB15101.JPG,15,SLICY,HB15101
data/raw/Padded_imgs/SLICY/HB15104.JPG,15,SLICY,HB15104
data/raw/Padded_imgs/SLICY/HB15106.JPG,15,SLICY,HB15106
data/raw/Padded_imgs/SLICY/HB15108.JPG,15,SLICY,HB15108
data/raw/Padded_imgs/SLICY/HB15109.JPG,15,SLICY,HB15109
data/raw/Padded_imgs/SLICY/HB15113.JPG,15,SLICY,HB15113
data/raw/Padded_imgs/SLICY/HB15114.JPG,15,SLICY,HB15114
data/raw/Padded_imgs/SLICY/HB15118.JPG,15,SLICY,HB15118
data/raw/Padded_imgs/SLICY/HB15119.JPG,15,SLICY,HB15119
data/raw/Padded_imgs/SLICY/HB15124.JPG,15,SLICY,HB15124
data/raw/Padded_imgs/SLICY/HB15125.JPG,15,SLICY,HB15125
data/raw/Padded_imgs/SLICY/HB15132.JPG,15,SLICY,HB15132
data/raw/Padded_imgs/SLICY/HB15134.JPG,15,SLICY,HB15134
data/raw/Padded_imgs/SLICY/HB15135.JPG,15,SLICY,HB15135
data/raw/Padded_imgs/SLICY/HB15136.JPG,15,SLICY,HB15136
data/raw/Padded_imgs/SLICY/HB15139.JPG,15,SLICY,HB15139
data/raw/Padded_imgs/SLICY/HB15146.JPG,15,SLICY,HB15146
data/raw/Padded_imgs/SLICY/HB15147.JPG,15,SLICY,HB15147
data/raw/Padded_imgs/SLICY/HB15148.JPG,15,SLICY,HB15148
data/raw/Padded_imgs/SLICY/HB15154.JPG,15,SLICY,HB15154
data/raw/Padded_imgs/SLICY/HB15156.JPG,15,SLICY,HB15156
data/raw/Padded_imgs/SLICY/HB15161.JPG,15,SLICY,HB15161
data/raw/Padded_imgs/SLICY/HB15163.JPG,15,SLICY,HB15163
data/raw/Padded_imgs/SLICY/HB15165.JPG,15,SLICY,HB15165
data/raw/Padded_imgs/SLICY/HB15168.JPG,15,SLICY,HB15168
data/raw/Padded_imgs/SLICY/HB15169.JPG,15,SLICY,HB15169
data/raw/Padded_imgs/SLICY/HB15175.JPG,17,SLICY,HB15175
data/raw/Padded_imgs/SLICY/HB15177.JPG,17,SLICY,HB15177
data/raw/Padded_imgs/SLICY/HB15181.JPG,15,SLICY,HB15181
data/raw/Padded_imgs/SLICY/HB15182.JPG,15,SLICY,HB15182
data/raw/Padded_imgs/SLICY/HB15191.JPG,15,SLICY,HB15191
data/raw/Padded_imgs/SLICY/HB15192.JPG,15,SLICY,HB15192
data/raw/Padded_imgs/SLICY/HB15194.JPG,15,SLICY,HB15194
data/raw/Padded_imgs/SLICY/HB15195.JPG,15,SLICY,HB15195
data/raw/Padded_imgs/SLICY/HB15197.JPG,15,SLICY,HB15197
data/raw/Padded_imgs/SLICY/HB15199.JPG,15,SLICY,HB15199
data/raw/Padded_imgs/SLICY/HB15203.JPG,15,SLICY,HB15203
data/raw/Padded_imgs/SLICY/HB15207.JPG,15,SLICY,HB15207
data/raw/Padded_imgs/SLICY/HB15210.JPG,15,SLICY,HB15210
data/raw/Padded_imgs/SLICY/HB15214.JPG,15,SLICY,HB15214
data/raw/Padded_imgs/SLICY/HB15217.JPG,17,SLICY,HB15217
data/raw/Padded_imgs/SLICY/HB15224.JPG,15,SLICY,HB15224
data/raw/Padded_imgs/SLICY/HB15231.JPG,15,SLICY,HB15231
data/raw/Padded_imgs/SLICY/HB15232.JPG,15,SLICY,HB15232
data/raw/Padded_imgs/SLICY/HB15233.JPG,15,SLICY,HB15233
data/raw/Padded_imgs/SLICY/HB15236.JPG,15,SLICY,HB15236
data/raw/Padded_imgs/SLICY/HB15239.JPG,15,SLICY,HB15239
data/raw/Padded_imgs/SLICY/HB15241.JPG,15,SLICY,HB15241
data/raw/Padded_imgs/SLICY/HB15242.JPG,15,SLICY,HB15242
data/raw/Padded_imgs/SLICY/HB15243.JPG,15,SLICY,HB15243
data/raw/Padded_imgs/SLICY/HB15244.JPG,15,SLICY,HB15244
data/raw/Padded_imgs/SLICY/HB15245.JPG,15,SLICY,HB15245
data/raw/Padded_imgs/SLICY/HB15247.JPG,15,SLICY,HB15247
data/raw/Padded_imgs/SLICY/HB15252.JPG,15,SLICY,HB15252
data/raw/Padded_imgs/SLICY/HB15255.JPG,15,SLICY,HB15255
data/raw/Padded_imgs/SLICY/HB15257.JPG,15,SLICY,HB15257
data/raw/Padded_imgs/SLICY/HB15258.JPG,15,SLICY,HB15258
data/raw/Padded_imgs/SLICY/HB15259.JPG,15,SLICY,HB15259
data/raw/Padded_imgs/SLICY/HB15260.JPG,15,SLICY,HB15260
data/raw/Padded_imgs/SLICY/HB15262.JPG,15,SLICY,HB15262
data/raw/Padded_imgs/SLICY/HB15263.JPG,15,SLICY,HB15263
data/raw/Padded_imgs/SLICY/HB15264.JPG,15,SLICY,HB15264
data/raw/Padded_imgs/SLICY/HB15270.JPG,15,SLICY,HB15270
data/raw/Padded_imgs/SLICY/HB15271.JPG,15,SLICY,HB15271
data/raw/Padded_imgs/SLICY/HB15273.JPG,15,SLICY,HB15273
data/raw/Padded_imgs/SLICY/HB15275.JPG,15,SLICY,HB15275
data/raw/Padded_imgs/SLICY/HB15281.JPG,15,SLICY,HB15281
data/raw/Padded_imgs/SLICY/HB15282.JPG,15,SLICY,HB15282
data/raw/Padded_imgs/SLICY/HB15285.JPG,15,SLICY,HB15285
data/raw/Padded_imgs/SLICY/HB15293.JPG,15,SLICY,HB15293
data/raw/Padded_imgs/SLICY/HB15294.JPG,15,SLICY,HB15294
data/raw/Padded_imgs/SLICY/HB15301.JPG,15,SLICY,HB15301
data/raw/Padded_imgs/SLICY/HB15303.JPG,15,SLICY,HB15303
data/raw/Padded_imgs/SLICY/HB15304.JPG,15,SLICY,HB15304
data/raw/Padded_imgs/SLICY/HB15306.JPG,15,SLICY,HB15306
data/raw/Padded_imgs/SLICY/HB15307.JPG,15,SLICY,HB15307
data/raw/Padded_imgs/SLICY/HB15308.JPG,15,SLICY,HB15308
data/raw/Padded_imgs/SLICY/HB15309.JPG,15,SLICY,HB15309
data/raw/Padded_imgs/SLICY/HB15315.JPG,15,SLICY,HB15315
data/raw/Padded_imgs/SLICY/HB15319.JPG,15,SLICY,HB15319
data/raw/Padded_imgs/SLICY/HB15322.JPG,15,SLICY,HB15322
data/raw/Padded_imgs/SLICY/HB15325.JPG,15,SLICY,HB15325
data/raw/Padded_imgs/SLICY/HB15326.JPG,15,SLICY,HB15326
data/raw/Padded_imgs/SLICY/HB15329.JPG,15,SLICY,HB15329
data/raw/Padded_imgs/SLICY/HB15330.JPG,15,SLICY,HB15330
data/raw/Padded_imgs/SLICY/HB15332.JPG,15,SLICY,HB15332
data/raw/Padded_imgs/SLICY/HB15333.JPG,15,SLICY,HB15333
data/raw/Padded_imgs/SLICY/HB15335.JPG,15,SLICY,HB15335
data/raw/Padded_imgs/SLICY/HB15337.JPG,15,SLICY,HB15337
data/raw/Padded_imgs/SLICY/HB15338.JPG,15,SLICY,HB15338
data/raw/Padded_imgs/SLICY/HB15339.JPG,15,SLICY,HB15339
data/raw/Padded_imgs/SLICY/HB15341.JPG,15,SLICY,HB15341
data/raw/Padded_imgs/SLICY/HB15342.JPG,15,SLICY,HB15342
data/raw/Padded_imgs/SLICY/HB15345.JPG,15,SLICY,HB15345
data/raw/Padded_imgs/SLICY/HB15349.JPG,15,SLICY,HB15349
data/raw/Padded_imgs/SLICY/HB15350.JPG,15,SLICY,HB15350
data/raw/Padded_imgs/SLICY/HB15353.JPG,15,SLICY,HB15353
data/raw/Padded_imgs/SLICY/HB15356.JPG,15,SLICY,HB15356
data/raw/Padded_imgs/SLICY/HB15357.JPG,15,SLICY,HB15357
data/raw/Padded_imgs/SLICY/HB15361.JPG,15,SLICY,HB15361
data/raw/Padded_imgs/SLICY/HB15363.JPG,15,SLICY,HB15363
data/raw/Padded_imgs/SLICY/HB15364.JPG,15,SLICY,HB15364
data/raw/Padded_imgs/SLICY/HB15366.JPG,15,SLICY,HB15366
data/raw/Padded_imgs/SLICY/HB15367.JPG,15,SLICY,HB15367
data/raw/Padded_imgs/SLICY/HB15369.JPG,15,SLICY,HB15369
data/raw/Padded_imgs/SLICY/HB15371.JPG,15,SLICY,HB15371
data/raw/Padded_imgs/SLICY/HB15372.JPG,15,SLICY,HB15372
data/raw/Padded_imgs/SLICY/HB15374.JPG,15,SLICY,HB15374
data/raw/Padded_imgs/SLICY/HB15375.JPG,15,SLICY,HB15375
data/raw/Padded_imgs/SLICY/HB15377.JPG,15,SLICY,HB15377
data/raw/Padded_imgs/SLICY/HB15379.JPG,15,SLICY,HB15379
data/raw/Padded_imgs/SLICY/HB15380.JPG,15,SLICY,HB15380
data/raw/Padded_imgs/SLICY/HB15381.JPG,15,SLICY,HB15381
data/raw/Padded_imgs/SLICY/HB15384.JPG,15,SLICY,HB15384
data/raw/Padded_imgs/SLICY/HB15385.JPG,15,SLICY,HB15385
data/raw/Padded_imgs/SLICY/HB15386.JPG,15,SLICY,HB15386
data/raw/Padded_imgs/SLICY/HB15387.JPG,15,SLICY,HB15387
data/raw/Padded_imgs/SLICY/HB15392.JPG,15,SLICY,HB15392
data/raw/Padded_imgs/SLICY/HB15393.JPG,15,SLICY,HB15393
data/raw/Padded_imgs/SLICY/HB15394.JPG,15,SLICY,HB15394
data/raw/Padded_imgs/SLICY/HB15395.JPG,15,SLICY,HB15395
data/raw/Padded_imgs/SLICY/HB15400.JPG,15,SLICY,HB15400
data/raw/Padded_imgs/SLICY/HB15401.JPG,15,SLICY,HB15401
data/raw/Padded_imgs/SLICY/HB15407.JPG,15,SLICY,HB15407
data/raw/Padded_imgs/SLICY/HB15408.JPG,15,SLICY,HB15408
data/raw/Padded_imgs/SLICY/HB15409.JPG,15,SLICY,HB15409
data/raw/Padded_imgs/SLICY/HB15413.JPG,15,SLICY,HB15413
data/raw/Padded_imgs/SLICY/HB15414.JPG,15,SLICY,HB15414
data/raw/Padded_imgs/SLICY/HB15415.JPG,15,SLICY,HB15415
data/raw/Padded_imgs/SLICY/HB15422.JPG,15,SLICY,HB15422
data/raw/Padded_imgs/SLICY/HB15424.JPG,15,SLICY,HB15424
data/raw/Padded_imgs/SLICY/HB15427.JPG,15,SLICY,HB15427
data/raw/Padded_imgs/SLICY/HB15431.JPG,15,SLICY,HB15431
data/raw/Padded_imgs/SLICY/HB15432.JPG,15,SLICY,HB15432
data/raw/Padded_imgs/SLICY/HB15438.JPG,15,SLICY,HB15438
data/raw/Padded_imgs/SLICY/HB15445.JPG,15,SLICY,HB15445
data/raw/Padded_imgs/SLICY/HB15449.JPG,15,SLICY,HB15449
data/raw/Padded_imgs/SLICY/HB15452.JPG,15,SLICY,HB15452
data/raw/Padded_imgs/SLICY/HB15453.JPG,15,SLICY,HB15453
data/raw/Padded_imgs/SLICY/HB15457.JPG,15,SLICY,HB15457
data/raw/Padded_imgs/SLICY/HB15460.JPG,15,SLICY,HB15460
data/raw/Padded_imgs/SLICY/HB15468.JPG,15,SLICY,HB15468
data/raw/Padded_imgs/SLICY/HB15469.JPG,15,SLICY,HB15469
data/raw/Padded_imgs/SLICY/HB15473.JPG,15,SLICY,HB15473
data/raw/Padded_imgs/SLICY/HB15474.JPG,15,SLICY,HB15474
data/raw/Padded_imgs/SLICY/HB15477.JPG,15,SLICY,HB15477
data/raw/Padded_imgs/SLICY/HB15478.JPG,15,SLICY,HB15478
data/raw/Padded_imgs/SLICY/HB15479.JPG,15,SLICY,HB15479
data/raw/Padded_imgs/SLICY/HB15481.JPG,15,SLICY,HB15481
data/raw/Padded_imgs/SLICY/HB15484.JPG,15,SLICY,HB15484
data/raw/Padded_imgs/SLICY/HB15490.JPG,15,SLICY,HB15490
data/raw/Padded_imgs/SLICY/HB15493.JPG,15,SLICY,HB15493
data/raw/Padded_imgs/SLICY/HB15495.JPG,15,SLICY,HB15495
data/raw/Padded_imgs/SLICY/HB15496.JPG,15,SLICY,HB15496
data/raw/Padded_imgs/SLICY/HB15499.JPG,15,SLICY,HB15499
data/raw/Padded_imgs/SLICY/HB15502.JPG,15,SLICY,HB15502
data/raw/Padded_imgs/SLICY/HB15503.JPG,15,SLICY,HB15503
data/raw/Padded_imgs/SLICY/HB15505.JPG,15,SLICY,HB15505
data/raw/Padded_imgs/SLICY/HB15511.JPG,15,SLICY,HB15511
data/raw/Padded_imgs/SLICY/HB15514.JPG,15,SLICY,HB15514
data/raw/Padded_imgs/SLICY/HB15518.JPG,15,SLICY,HB15518
data/raw/Padded_imgs/SLICY/HB15522.JPG,15,SLICY,HB15522
data/raw/Padded_imgs/SLICY/HB15525.JPG,15,SLICY,HB15525
data/raw/Padded_imgs/SLICY/HB15526.JPG,15,SLICY,HB15526
data/raw/Padded_imgs/SLICY/HB15528.JPG,15,SLICY,HB15528
data/raw/Padded_imgs/SLICY/HB15529.JPG,15,SLICY,HB15529
data/raw/Padded_imgs/SLICY/HB15530.JPG,15,SLICY,HB15530
data/raw/Padded_imgs/SLICY/HB15534.JPG,15,SLICY,HB15534
data/raw/Padded_imgs/SLICY/HB15535.JPG,15,SLICY,HB15535
data/raw/Padded_imgs/SLICY/HB15538.JPG,15,SLICY,HB15538
data/raw/Padded_imgs/SLICY/HB15543.JPG,15,SLICY,HB15543
data/raw/Padded_imgs/SLICY/HB15545.JPG,15,SLICY,HB15545
data/raw/Padded_imgs/SLICY/HB15550.JPG,15,SLICY,HB15550
data/raw/Padded_imgs/SLICY/HB15551.JPG,15,SLICY,HB15551
data/raw/Padded_imgs/SLICY/HB15552.JPG,15,SLICY,HB15552
data/raw/Padded_imgs/SLICY/HB15553.JPG,15,SLICY,HB15553
data/raw/Padded_imgs/SLICY/HB15554.JPG,15,SLICY,HB15554
data/raw/Padded_imgs/SLICY/HB15557.JPG,15,SLICY,HB15557
data/raw/Padded_imgs/SLICY/HB15560.JPG,15,SLICY,HB15560
data/raw/Padded_imgs/SLICY/HB15562.JPG,15,SLICY,HB15562
data/raw/Padded_imgs/SLICY/HB15564.JPG,15,SLICY,HB15564
data/raw/Padded_imgs/SLICY/HB15565.JPG,15,SLICY,HB15565
data/raw/Padded_imgs/SLICY/HB15566.JPG,15,SLICY,HB15566
data/raw/Padded_imgs/SLICY/HB15567.JPG,15,SLICY,HB15567
data/raw/Padded_imgs/SLICY/HB15569.JPG,15,SLICY,HB15569
data/raw/Padded_imgs/SLICY/HB15572.JPG,15,SLICY,HB15572
data/raw/Padded_imgs/SLICY/HB15573.JPG,15,SLICY,HB15573
data/raw/Padded_imgs/SLICY/HB15577.JPG,15,SLICY,HB15577
data/raw/Padded_imgs/SLICY/HB15580.JPG,15,SLICY,HB15580
data/raw/Padded_imgs/SLICY/HB15582.JPG,15,SLICY,HB15582
data/raw/Padded_imgs/SLICY/HB15583.JPG,15,SLICY,HB15583
data/raw/Padded_imgs/SLICY/HB15585.JPG,15,SLICY,HB15585
data/raw/Padded_imgs/SLICY/HB15587.JPG,15,SLICY,HB15587
data/raw/Padded_imgs/SLICY/HB15588.JPG,15,SLICY,HB15588
data/raw/Padded_imgs/SLICY/HB15589.JPG,15,SLICY,HB15589
data/raw/Padded_imgs/SLICY/HB15590.JPG,15,SLICY,HB15590
data/raw/Padded_imgs/SLICY/HB15592.JPG,15,SLICY,HB15592
data/raw/Padded_imgs/SLICY/HB15594.JPG,15,SLICY,HB15594
data/raw/Padded_imgs/SLICY/HB15599.JPG,15,SLICY,HB15599
data/raw/Padded_imgs/SLICY/HB15600.JPG,15,SLICY,HB15600
data/raw/Padded_imgs/SLICY/HB15601.JPG,15,SLICY,HB15601
data/raw/Padded_imgs/SLICY/HB15603.JPG,15,SLICY,HB15603
data/raw/Padded_imgs/SLICY/HB15607.JPG,15,SLICY,HB15607
data/raw/Padded_imgs/SLICY/HB15608.JPG,15,SLICY,HB15608
data/raw/Padded_imgs/SLICY/HB15610.JPG,15,SLICY,HB15610
data/raw/Padded_imgs/SLICY/HB15611.JPG,15,SLICY,HB15611
data/raw/Padded_imgs/SLICY/HB15614.JPG,15,SLICY,HB15614
data/raw/Padded_imgs/SLICY/HB16942.JPG,15,SLICY,HB16942
data/raw/Padded_imgs/SLICY/HB16945.JPG,15,SLICY,HB16945
data/raw/Padded_imgs/SLICY/HB16948.JPG,15,SLICY,HB16948
data/raw/Padded_imgs/SLICY/HB16949.JPG,15,SLICY,HB16949
data/raw/Padded_imgs/SLICY/HB16953.JPG,15,SLICY,HB16953
data/raw/Padded_imgs/SLICY/HB16955.JPG,15,SLICY,HB16955
data/raw/Padded_imgs/SLICY/HB16961.JPG,15,SLICY,HB16961
data/raw/Padded_imgs/SLICY/HB16962.JPG,15,SLICY,HB16962
data/raw/Padded_imgs/SLICY/HB16964.JPG,15,SLICY,HB16964
data/raw/Padded_imgs/SLICY/HB16966.JPG,15,SLICY,HB16966
data/raw/Padded_imgs/SLICY/HB16970.JPG,15,SLICY,HB16970
data/raw/Padded_imgs/SLICY/HB16971.JPG,15,SLICY,HB16971
data/raw/Padded_imgs/SLICY/HB16973.JPG,15,SLICY,HB16973
data/raw/Padded_imgs/SLICY/HB16974.JPG,15,SLICY,HB16974
data/raw/Padded_imgs/SLICY/HB16975.JPG,15,SLICY,HB16975
data/raw/Padded_imgs/SLICY/HB16978.JPG,15,SLICY,HB16978
data/raw/Padded_imgs/SLICY/HB16983.JPG,15,SLICY,HB16983
data/raw/Padded_imgs/SLICY/HB16985.JPG,15,SLICY,HB16985
data/raw/Padded_imgs/SLICY/HB16986.JPG,15,SLICY,HB16986
data/raw/Padded_imgs/SLICY/HB16987.JPG,15,SLICY,HB16987
data/raw/Padded_imgs/SLICY/HB16988.JPG,15,SLICY,HB16988
data/raw/Padded_imgs/SLICY/HB16989.JPG,15,SLICY,HB16989
data/raw/Padded_imgs/SLICY/HB16990.JPG,15,SLICY,HB16990
data/raw/Padded_imgs/SLICY/HB16991.JPG,15,SLICY,HB16991
data/raw/Padded_imgs/SLICY/HB16992.JPG,15,SLICY,HB16992
data/raw/Padded_imgs/SLICY/HB16994.JPG,15,SLICY,HB16994
data/raw/Padded_imgs/SLICY/HB16995.JPG,15,SLICY,HB16995
data/raw/Padded_imgs/SLICY/HB16996.JPG,15,SLICY,HB16996
data/raw/Padded_imgs/SLICY/HB16997.JPG,15,SLICY,HB16997
data/raw/Padded_imgs/SLICY/HB16998.JPG,15,SLICY,HB16998
data/raw/Padded_imgs/SLICY/HB17001.JPG,17,SLICY,HB17001
data/raw/Padded_imgs/SLICY/HB17005.JPG,17,SLICY,HB17005
data/raw/Padded_imgs/SLICY/HB17007.JPG,17,SLICY,HB17007
data/raw/Padded_imgs/SLICY/HB17008.JPG,17,SLICY,HB17008
data/raw/Padded_imgs/SLICY/HB17018.JPG,17,SLICY,HB17018
data/raw/Padded_imgs/SLICY/HB17020.JPG,17,SLICY,HB17020
data/raw/Padded_imgs/SLICY/HB17023.JPG,17,SLICY,HB17023
data/raw/Padded_imgs/SLICY/HB17025.JPG,17,SLICY,HB17025
data/raw/Padded_imgs/SLICY/HB17027.JPG,17,SLICY,HB17027
data/raw/Padded_imgs/SLICY/HB17029.JPG,17,SLICY,HB17029
data/raw/Padded_imgs/SLICY/HB17031.JPG,17,SLICY,HB17031
data/raw/Padded_imgs/SLICY/HB17032.JPG,17,SLICY,HB17032
data/raw/Padded_imgs/SLICY/HB17035.JPG,17,SLICY,HB17035
data/raw/Padded_imgs/SLICY/HB17038.JPG,17,SLICY,HB17038
data/raw/Padded_imgs/SLICY/HB17041.JPG,17,SLICY,HB17041
data/raw/Padded_imgs/SLICY/HB17043.JPG,17,SLICY,HB17043
data/raw/Padded_imgs/SLICY/HB17044.JPG,17,SLICY,HB17044
data/raw/Padded_imgs/SLICY/HB17047.JPG,17,SLICY,HB17047
data/raw/Padded_imgs/SLICY/HB17054.JPG,17,SLICY,HB17054
data/raw/Padded_imgs/SLICY/HB17057.JPG,17,SLICY,HB17057
data/raw/Padded_imgs/SLICY/HB17059.JPG,17,SLICY,HB17059
data/raw/Padded_imgs/SLICY/HB17060.JPG,17,SLICY,HB17060
data/raw/Padded_imgs/SLICY/HB17065.JPG,17,SLICY,HB17065
data/raw/Padded_imgs/SLICY/HB17066.JPG,17,SLICY,HB17066
data/raw/Padded_imgs/SLICY/HB17071.JPG,17,SLICY,HB17071
data/raw/Padded_imgs/SLICY/HB17075.JPG,17,SLICY,HB17075
data/raw/Padded_imgs/SLICY/HB17077.JPG,17,SLICY,HB17077
data/raw/Padded_imgs/SLICY/HB17081.JPG,17,SLICY,HB17081
data/raw/Padded_imgs/SLICY/HB17084.JPG,17,SLICY,HB17084
data/raw/Padded_imgs/SLICY/HB17087.JPG,17,SLICY,HB17087
data/raw/Padded_imgs/SLICY/HB17089.JPG,17,SLICY,HB17089
data/raw/Padded_imgs/SLICY/HB17093.JPG,17,SLICY,HB17093
data/raw/Padded_imgs/SLICY/HB17094.JPG,17,SLICY,HB17094
data/raw/Padded_imgs/SLICY/HB17099.JPG,17,SLICY,HB17099
data/raw/Padded_imgs/SLICY/HB17102.JPG,17,SLICY,HB17102
data/raw/Padded_imgs/SLICY/HB17106.JPG,17,SLICY,HB17106
data/raw/Padded_imgs/SLICY/HB17109.JPG,17,SLICY,HB17109
data/raw/Padded_imgs/SLICY/HB17111.JPG,17,SLICY,HB17111
data/raw/Padded_imgs/SLICY/HB17114.JPG,17,SLICY,HB17114
data/raw/Padded_imgs/SLICY/HB17120.JPG,17,SLICY,HB17120
data/raw/Padded_imgs/SLICY/HB17121.JPG,17,SLICY,HB17121
data/raw/Padded_imgs/SLICY/HB17123.JPG,17,SLICY,HB17123
data/raw/Padded_imgs/SLICY/HB17124.JPG,17,SLICY,HB17124
data/raw/Padded_imgs/SLICY/HB17143.JPG,17,SLICY,HB17143
data/raw/Padded_imgs/SLICY/HB17145.JPG,17,SLICY,HB17145
data/raw/Padded_imgs/SLICY/HB17151.JPG,17,SLICY,HB17151
data/raw/Padded_imgs/SLICY/HB17152.JPG,17,SLICY,HB17152
data/raw/Padded_imgs/SLICY/HB17154.JPG,17,SLICY,HB17154
data/raw/Padded_imgs/SLICY/HB17164.JPG,17,SLICY,HB17164
data/raw/Padded_imgs/SLICY/HB17169.JPG,17,SLICY,HB17169
data/raw/Padded_imgs/SLICY/HB17173.JPG,17,SLICY,HB17173
data/raw/Padded_imgs/SLICY/HB17176.JPG,17,SLICY,HB17176
data/raw/Padded_imgs/SLICY/HB17178.JPG,17,SLICY,HB17178
data/raw/Padded_imgs/SLICY/HB17181.JPG,17,SLICY,HB17181
data/raw/Padded_imgs/SLICY/HB17182.JPG,17,SLICY,HB17182
data/raw/Padded_imgs/SLICY/HB17184.JPG,17,SLICY,HB17184
data/raw/Padded_imgs/SLICY/HB17186.JPG,17,SLICY,HB17186
data/raw/Padded_imgs/SLICY/HB17193.JPG,17,SLICY,HB17193
data/raw/Padded_imgs/SLICY/HB17196.JPG,17,SLICY,HB17196
data/raw/Padded_imgs/SLICY/HB17204.JPG,17,SLICY,HB17204
data/raw/Padded_imgs/SLICY/HB17206.JPG,17,SLICY,HB17206
data/raw/Padded_imgs/SLICY/HB17209.JPG,17,SLICY,HB17209
data/raw/Padded_imgs/SLICY/HB17210.JPG,17,SLICY,HB17210
data/raw/Padded_imgs/SLICY/HB17212.JPG,17,SLICY,HB17212
data/raw/Padded_imgs/SLICY/HB17217.JPG,17,SLICY,HB17217
data/raw/Padded_imgs/SLICY/HB17224.JPG,17,SLICY,HB17224
data/raw/Padded_imgs/SLICY/HB17226.JPG,17,SLICY,HB17226
data/raw/Padded_imgs/SLICY/HB17229.JPG,17,SLICY,HB17229
data/raw/Padded_imgs/SLICY/HB17232.JPG,17,SLICY,HB17232
data/raw/Padded_imgs/SLICY/HB17237.JPG,17,SLICY,HB17237
data/raw/Padded_imgs/SLICY/HB17243.JPG,17,SLICY,HB17243
data/raw/Padded_imgs/SLICY/HB17249.JPG,17,SLICY,HB17249
data/raw/Padded_imgs/SLICY/HB17253.JPG,17,SLICY,HB17253
data/raw/Padded_imgs/SLICY/HB17254.JPG,17,SLICY,HB17254
data/raw/Padded_imgs/SLICY/HB17255.JPG,17,SLICY,HB17255
data/raw/Padded_imgs/SLICY/HB17260.JPG,17,SLICY,HB17260
data/raw/Padded_imgs/SLICY/HB17262.JPG,17,SLICY,HB17262
data/raw/Padded_imgs/SLICY/HB17270.JPG,17,SLICY,HB17270
data/raw/Padded_imgs/SLICY/HB17277.JPG,17,SLICY,HB17277
data/raw/Padded_imgs/SLICY/HB17285.JPG,17,SLICY,HB17285
data/raw/Padded_imgs/SLICY/HB17286.JPG,17,SLICY,HB17286
data/raw/Padded_imgs/SLICY/HB17287.JPG,17,SLICY,HB17287
data/raw/Padded_imgs/SLICY/HB17290.JPG,17,SLICY,HB17290
data/raw/Padded_imgs/SLICY/HB17291.JPG,17,SLICY,HB17291
data/raw/Padded_imgs/SLICY/HB17292.JPG,17,SLICY,HB17292
data/raw/Padded_imgs/SLICY/HB17298.JPG,17,SLICY,HB17298
data/raw/Padded_imgs/SLICY/HB17299.JPG,17,SLICY,HB17299
data/raw/Padded_imgs/SLICY/HB17300.JPG,17,SLICY,HB17300
data/raw/Padded_imgs/SLICY/HB17301.JPG,17,SLICY,HB17301
data/raw/Padded_imgs/SLICY/HB17303.JPG,17,SLICY,HB17303
data/raw/Padded_imgs/SLICY/HB17305.JPG,17,SLICY,HB17305
data/raw/Padded_imgs/SLICY/HB17311.JPG,17,SLICY,HB17311
data/raw/Padded_imgs/SLICY/HB17313.JPG,17,SLICY,HB17313
data/raw/Padded_imgs/SLICY/HB17314.JPG,17,SLICY,HB17314
data/raw/Padded_imgs/SLICY/HB17316.JPG,17,SLICY,HB17316
data/raw/Padded_imgs/SLICY/HB17317.JPG,17,SLICY,HB17317
data/raw/Padded_imgs/SLICY/HB17320.JPG,17,SLICY,HB17320
data/raw/Padded_imgs/SLICY/HB17321.JPG,17,SLICY,HB17321
data/raw/Padded_imgs/SLICY/HB17322.JPG,17,SLICY,HB17322
data/raw/Padded_imgs/SLICY/HB17323.JPG,17,SLICY,HB17323
data/raw/Padded_imgs/SLICY/HB17327.JPG,17,SLICY,HB17327
data/raw/Padded_imgs/SLICY/HB17328.JPG,17,SLICY,HB17328
data/raw/Padded_imgs/SLICY/HB17329.JPG,17,SLICY,HB17329
data/raw/Padded_imgs/SLICY/HB17334.JPG,17,SLICY,HB17334
data/raw/Padded_imgs/SLICY/HB17336.JPG,17,SLICY,HB17336
data/raw/Padded_imgs/SLICY/HB17337.JPG,17,SLICY,HB17337
data/raw/Padded_imgs/SLICY/HB17340.JPG,17,SLICY,HB17340
data/raw/Padded_imgs/SLICY/HB17341.JPG,17,SLICY,HB17341
data/raw/Padded_imgs/SLICY/HB17344.JPG,17,SLICY,HB17344
data/raw/Padded_imgs/SLICY/HB17345.JPG,17,SLICY,HB17345
data/raw/Padded_imgs/SLICY/HB17346.JPG,17,SLICY,HB17346
data/raw/Padded_imgs/SLICY/HB17347.JPG,17,SLICY,HB17347
data/raw/Padded_imgs/SLICY/HB17348.JPG,17,SLICY,HB17348
data/raw/Padded_imgs/SLICY/HB17350.JPG,17,SLICY,HB17350
data/raw/Padded_imgs/SLICY/HB17352.JPG,17,SLICY,HB17352
data/raw/Padded_imgs/SLICY/HB17356.JPG,17,SLICY,HB17356
data/raw/Padded_imgs/SLICY/HB17359.JPG,17,SLICY,HB17359
data/raw/Padded_imgs/SLICY/HB17361.JPG,17,SLICY,HB17361
data/raw/Padded_imgs/SLICY/HB17362.JPG,17,SLICY,HB17362
data/raw/Padded_imgs/SLICY/HB17364.JPG,17,SLICY,HB17364
data/raw/Padded_imgs/SLICY/HB17367.JPG,17,SLICY,HB17367
data/raw/Padded_imgs/SLICY/HB17373.JPG,17,SLICY,HB17373
data/raw/Padded_imgs/SLICY/HB17374.JPG,17,SLICY,HB17374
data/raw/Padded_imgs/SLICY/HB17375.JPG,17,SLICY,HB17375
data/raw/Padded_imgs/SLICY/HB17376.JPG,17,SLICY,HB17376
data/raw/Padded_imgs/SLICY/HB17380.JPG,17,SLICY,HB17380
data/raw/Padded_imgs/SLICY/HB17381.JPG,17,SLICY,HB17381
data/raw/Padded_imgs/SLICY/HB17382.JPG,17,SLICY,HB17382
data/raw/Padded_imgs/SLICY/HB17384.JPG,17,SLICY,HB17384
data/raw/Padded_imgs/SLICY/HB17386.JPG,17,SLICY,HB17386
data/raw/Padded_imgs/SLICY/HB17387.JPG,17,SLICY,HB17387
data/raw/Padded_imgs/SLICY/HB17389.JPG,17,SLICY,HB17389
data/raw/Padded_imgs/SLICY/HB17393.JPG,17,SLICY,HB17393
data/raw/Padded_imgs/SLICY/HB17394.JPG,17,SLICY,HB17394
data/raw/Padded_imgs/SLICY/HB17397.JPG,17,SLICY,HB17397
data/raw/Padded_imgs/SLICY/HB17401.JPG,17,SLICY,HB17401
data/raw/Padded_imgs/SLICY/HB17402.JPG,17,SLICY,HB17402
data/raw/Padded_imgs/SLICY/HB17404.JPG,17,SLICY,HB17404
data/raw/Padded_imgs/SLICY/HB17407.JPG,17,SLICY,HB17407
data/raw/Padded_imgs/SLICY/HB17409.JPG,17,SLICY,HB17409
data/raw/Padded_imgs/SLICY/HB17412.JPG,17,SLICY,HB17412
data/raw/Padded_imgs/SLICY/HB17414.JPG,17,SLICY,HB17414
data/raw/Padded_imgs/SLICY/HB17415.JPG,17,SLICY,HB17415
data/raw/Padded_imgs/SLICY/HB17416.JPG,17,SLICY,HB17416
data/raw/Padded_imgs/SLICY/HB17420.JPG,17,SLICY,HB17420
data/raw/Padded_imgs/SLICY/HB17421.JPG,17,SLICY,HB17421
data/raw/Padded_imgs/SLICY/HB17422.JPG,17,SLICY,HB17422
data/raw/Padded_imgs/SLICY/HB17426.JPG,17,SLICY,HB17426
data/raw/Padded_imgs/SLICY/HB17428.JPG,17,SLICY,HB17428
data/raw/Padded_imgs/SLICY/HB17431.JPG,17,SLICY,HB17431
data/raw/Padded_imgs/SLICY/HB17435.JPG,17,SLICY,HB17435
data/raw/Padded_imgs/SLICY/HB17436.JPG,17,SLICY,HB17436
data/raw/Padded_imgs/SLICY/HB17437.JPG,17,SLICY,HB17437
data/raw/Padded_imgs/SLICY/HB17441.JPG,17,SLICY,HB17441
data/raw/Padded_imgs/SLICY/HB17444.JPG,17,SLICY,HB17444
data/raw/Padded_imgs/SLICY/HB17447.JPG,17,SLICY,HB17447
data/raw/Padded_imgs/SLICY/HB17450.JPG,17,SLICY,HB17450
data/raw/Padded_imgs/SLICY/HB17451.JPG,17,SLICY,HB17451
data/raw/Padded_imgs/SLICY/HB17453.JPG,17,SLICY,HB17453
data/raw/Padded_imgs/SLICY/HB17455.JPG,17,SLICY,HB17455
data/raw/Padded_imgs/SLICY/HB17457.JPG,17,SLICY,HB17457
data/raw/Padded_imgs/SLICY/HB17458.JPG,17,SLICY,HB17458
data/raw/Padded_imgs/SLICY/HB17459.JPG,17,SLICY,HB17459
data/raw/Padded_imgs/SLICY/HB17460.JPG,17,SLICY,HB17460
data/raw/Padded_imgs/SLICY/HB17461.JPG,17,SLICY,HB17461
data/raw/Padded_imgs/SLICY/HB17462.JPG,17,SLICY,HB17462
data/raw/Padded_imgs/SLICY/HB17469.JPG,17,SLICY,HB17469
data/raw/Padded_imgs/SLICY/HB17471.JPG,17,SLICY,HB17471
data/raw/Padded_imgs/SLICY/HB17477.JPG,17,SLICY,HB17477
data/raw/Padded_imgs/SLICY/HB17481.JPG,17,SLICY,HB17481
data/raw/Padded_imgs/SLICY/HB17482.JPG,17,SLICY,HB17482
data/raw/Padded_imgs/SLICY/HB17483.JPG,17,SLICY,HB17483
data/raw/Padded_imgs/SLICY/HB17489.JPG,17,SLICY,HB17489
data/raw/Padded_imgs/SLICY/HB17495.JPG,17,SLICY,HB17495
data/raw/Padded_imgs/SLICY/HB17496.JPG,17,SLICY,HB17496
data/raw/Padded_imgs/SLICY/HB17497.JPG,17,SLICY,HB17497
data/raw/Padded_imgs/SLICY/HB17499.JPG,17,SLICY,HB17499
data/raw/Padded_imgs/SLICY/HB17502.JPG,17,SLICY,HB17502
data/raw/Padded_imgs/SLICY/HB17503.JPG,17,SLICY,HB17503
data/raw/Padded_imgs/SLICY/HB17505.JPG,17,SLICY,HB17505
data/raw/Padded_imgs/SLICY/HB17506.JPG,17,SLICY,HB17506
data/raw/Padded_imgs/SLICY/HB17521.JPG,17,SLICY,HB17521
data/raw/Padded_imgs/SLICY/HB17522.JPG,17,SLICY,HB17522
data/raw/Padded_imgs/SLICY/HB17524.JPG,17,SLICY,HB17524
data/raw/Padded_imgs/SLICY/HB17525.JPG,17,SLICY,HB17525
data/raw/Padded_imgs/SLICY/HB17532.JPG,17,SLICY,HB17532
data/raw/Padded_imgs/SLICY/HB17540.JPG,17,SLICY,HB17540
data/raw/Padded_imgs/SLICY/HB17547.JPG,17,SLICY,HB17547
data/raw/Padded_imgs/SLICY/HB17550.JPG,17,SLICY,HB17550
data/raw/Padded_imgs/SLICY/HB17552.JPG,17,SLICY,HB17552
data/raw/Padded_imgs/SLICY/HB17553.JPG,17,SLICY,HB17553
data/raw/Padded_imgs/SLICY/HB17555.JPG,17,SLICY,HB17555
data/raw/Padded_imgs/SLICY/HB17557.JPG,17,SLICY,HB17557
data/raw/Padded_imgs/SLICY/HB17558.JPG,17,SLICY,HB17558
data/raw/Padded_imgs/SLICY/HB17563.JPG,17,SLICY,HB17563
data/raw/Padded_imgs/SLICY/HB17564.JPG,17,SLICY,HB17564
data/raw/Padded_imgs/SLICY/HB17568.JPG,17,SLICY,HB17568
data/raw/Padded_imgs/SLICY/HB17572.JPG,17,SLICY,HB17572
data/raw/Padded_imgs/SLICY/HB17573.JPG,17,SLICY,HB17573
data/raw/Padded_imgs/SLICY/HB17578.JPG,17,SLICY,HB17578
data/raw/Padded_imgs/SLICY/HB17579.JPG,17,SLICY,HB17579
data/raw/Padded_imgs/SLICY/HB17581.JPG,17,SLICY,HB17581
data/raw/Padded_imgs/SLICY/HB17582.JPG,17,SLICY,HB17582
data/raw/Padded_imgs/SLICY/HB17583.JPG,17,SLICY,HB17583
data/raw/Padded_imgs/SLICY/HB17585.JPG,17,SLICY,HB17585
data/raw/Padded_imgs/SLICY/HB17586.JPG,17,SLICY,HB17586
data/raw/Padded_imgs/SLICY/HB17588.JPG,17,SLICY,HB17588
data/raw/Padded_imgs/SLICY/HB17592.JPG,17,SLICY,HB17592
data/raw/Padded_imgs/SLICY/HB17597.JPG,17,SLICY,HB17597
data/raw/Padded_imgs/SLICY/HB17598.JPG,17,SLICY,HB17598
data/raw/Padded_imgs/SLICY/HB17601.JPG,17,SLICY,HB17601
data/raw/Padded_imgs/SLICY/HB17603.JPG,17,SLICY,HB17603
data/raw/Padded_imgs/SLICY/HB17604.JPG,17,SLICY,HB17604
data/raw/Padded_imgs/SLICY/HB17607.JPG,17,SLICY,HB17607
data/raw/Padded_imgs/SLICY/HB17609.JPG,17,SLICY,HB17609
data/raw/Padded_imgs/SLICY/HB17611.JPG,17,SLICY,HB17611
data/raw/Padded_imgs/SLICY/HB17614.JPG,17,SLICY,HB17614
data/raw/Padded_imgs/SLICY/HB17616.JPG,17,SLICY,HB17616
data/raw/Padded_imgs/SLICY/HB17619.JPG,17,SLICY,HB17619
data/raw/Padded_imgs/SLICY/HB17620.JPG,17,SLICY,HB17620
data/raw/Padded_imgs/SLICY/HB17621.JPG,17,SLICY,HB17621
data/raw/Padded_imgs/SLICY/HB17622.JPG,17,SLICY,HB17622
data/raw/Padded_imgs/SLICY/HB17624.JPG,17,SLICY,HB17624
data/raw/Padded_imgs/SLICY/HB17631.JPG,17,SLICY,HB17631
data/raw/Padded_imgs/SLICY/HB17635.JPG,17,SLICY,HB17635
data/raw/Padded_imgs/SLICY/HB17637.JPG,17,SLICY,HB17637
data/raw/Padded_imgs/SLICY/HB17638.JPG,17,SLICY,HB17638
data/raw/Padded_imgs/SLICY/HB17639.JPG,17,SLICY,HB17639
data/raw/Padded_imgs/SLICY/HB17640.JPG,17,SLICY,HB17640
data/raw/Padded_imgs/SLICY/HB17642.JPG,17,SLICY,HB17642
data/raw/Padded_imgs/SLICY/HB17643.JPG,17,SLICY,HB17643
data/raw/Padded_imgs/SLICY/HB17644.JPG,17,SLICY,HB17644
data/raw/Padded_imgs/SLICY/HB17645.JPG,17,SLICY,HB17645
data/raw/Padded_imgs/SLICY/HB17647.JPG,17,SLICY,HB17647
data/raw/Padded_imgs/SLICY/HB17651.JPG,17,SLICY,HB17651
data/raw/Padded_imgs/SLICY/HB17652.JPG,17,SLICY,HB17652
data/raw/Padded_imgs/SLICY/HB17657.JPG,17,SLICY,HB17657
data/raw/Padded_imgs/SLICY/HB17658.JPG,17,SLICY,HB17658
data/raw/Padded_imgs/SLICY/HB17662.JPG,17,SLICY,HB17662
data/raw/Padded_imgs/SLICY/HB17663.JPG,17,SLICY,HB17663
data/raw/Padded_imgs/SLICY/HB17666.JPG,17,SLICY,HB17666
data/raw/Padded_imgs/SLICY/HB17668.JPG,17,SLICY,HB17668
data/raw/Padded_imgs/SLICY/HB17669.JPG,17,SLICY,HB17669
data/raw/Padded_imgs/SLICY/HB17673.JPG,17,SLICY,HB17673
data/raw/Padded_imgs/SLICY/HB17677.JPG,17,SLICY,HB17677
data/raw/Padded_imgs/SLICY/HB17679.JPG,17,SLICY,HB17679
data/raw/Padded_imgs/SLICY/HB17680.JPG,17,SLICY,HB17680
data/raw/Padded_imgs/SLICY/HB17681.JPG,17,SLICY,HB17681
data/raw/Padded_imgs/SLICY/HB17682.JPG,17,SLICY,HB17682
data/raw/Padded_imgs/SLICY/HB17683.JPG,17,SLICY,HB17683
data/raw/Padded_imgs/SLICY/HB17684.JPG,17,SLICY,HB17684
data/raw/Padded_imgs/SLICY/HB17685.JPG,17,SLICY,HB17685
data/raw/Padded_imgs/SLICY/HB17686.JPG,17,SLICY,HB17686
data/raw/Padded_imgs/SLICY/HB17687.JPG,17,SLICY,HB17687
data/raw/Padded_imgs/SLICY/HB17689.JPG,17,SLICY,HB17689
data/raw/Padded_imgs/SLICY/HB17690.JPG,17,SLICY,HB17690
data/raw/Padded_imgs/SLICY/HB17693.JPG,17,SLICY,HB17693
data/raw/Padded_imgs/SLICY/HB17694.JPG,17,SLICY,HB17694
data/raw/Padded_imgs/SLICY/HB17696.JPG,17,SLICY,HB17696
data/raw/Padded_imgs/SLICY/HB17698.JPG,17,SLICY,HB17698
data/raw/Padded_imgs/SLICY/HB17700.JPG,17,SLICY,HB17700
data/raw/Padded_imgs/SLICY/HB17702.JPG,17,SLICY,HB17702
data/raw/Padded_imgs/SLICY/HB17703.JPG,17,SLICY,HB17703
data/raw/Padded_imgs/SLICY/HB17705.JPG,17,SLICY,HB17705
data/raw/Padded_imgs/SLICY/HB17708.JPG,17,SLICY,HB17708
data/raw/Padded_imgs/SLICY/HB17712.JPG,17,SLICY,HB17712
data/raw/Padded_imgs/SLICY/HB17715.JPG,17,SLICY,HB17715
data/raw/Padded_imgs/SLICY/HB17719.JPG,17,SLICY,HB17719
data/raw/Padded_imgs/SLICY/HB17721.JPG,17,SLICY,HB17721
data/raw/Padded_imgs/SLICY/HB17724.JPG,17,SLICY,HB17724
data/raw/Padded_imgs/SLICY/HB17728.JPG,17,SLICY,HB17728
data/raw/Padded_imgs/SLICY/HB17729.JPG,17,SLICY,HB17729
data/raw/Padded_imgs/SLICY/HB17730.JPG,17,SLICY,HB17730
data/raw/Padded_imgs/SLICY/HB17731.JPG,17,SLICY,HB17731
data/raw/Padded_imgs/SLICY/HB17732.JPG,17,SLICY,HB17732
data/raw/Padded_imgs/SLICY/HB17739.JPG,17,SLICY,HB17739
data/raw/Padded_imgs/SLICY/HB17743.JPG,17,SLICY,HB17743
data/raw/Padded_imgs/SLICY/HB17748.JPG,17,SLICY,HB17748
data/raw/Padded_imgs/SLICY/HB17750.JPG,17,SLICY,HB17750
data/raw/Padded_imgs/SLICY/HB17752.JPG,17,SLICY,HB17752
data/raw/Padded_imgs/SLICY/HB17754.JPG,17,SLICY,HB17754
data/raw/Padded_imgs/SLICY/HB17756.JPG,17,SLICY,HB17756
data/raw/Padded_imgs/SLICY/HB17757.JPG,17,SLICY,HB17757
data/raw/Padded_imgs/SLICY/HB17759.JPG,17,SLICY,HB17759
data/raw/Padded_imgs/SLICY/HB17760.JPG,17,SLICY,HB17760
data/raw/Padded_imgs/SLICY/HB17763.JPG,17,SLICY,HB17763
data/raw/Padded_imgs/SLICY/HB17765.JPG,17,SLICY,HB17765
data/raw/Padded_imgs/SLICY/HB17766.JPG,17,SLICY,HB17766
data/raw/Padded_imgs/SLICY/HB17767.JPG,17,SLICY,HB17767
data/raw/Padded_imgs/SLICY/HB17768.JPG,17,SLICY,HB17768
data/raw/Padded_imgs/SLICY/HB17771.JPG,17,SLICY,HB17771
data/raw/Padded_imgs/SLICY/HB17776.JPG,17,SLICY,HB17776
data/raw/Padded_imgs/SLICY/HB17778.JPG,17,SLICY,HB17778
data/raw/Padded_imgs/SLICY/HB17780.JPG,17,SLICY,HB17780
data/raw/Padded_imgs/SLICY/HB17782.JPG,17,SLICY,HB17782
data/raw/Padded_imgs/SLICY/HB17785.JPG,17,SLICY,HB17785
data/raw/Padded_imgs/SLICY/HB17788.JPG,17,SLICY,HB17788
data/raw/Padded_imgs/SLICY/HB17796.JPG,17,SLICY,HB17796
data/raw/Padded_imgs/SLICY/HB17798.JPG,17,SLICY,HB17798
data/raw/Padded_imgs/SLICY/HB17800.JPG,17,SLICY,HB17800
data/raw/Padded_imgs/SLICY/HB17803.JPG,17,SLICY,HB17803
data/raw/Padded_imgs/SLICY/HB17808.JPG,17,SLICY,HB17808
data/raw/Padded_imgs/SLICY/HB17809.JPG,17,SLICY,HB17809
data/raw/Padded_imgs/SLICY/HB17813.JPG,17,SLICY,HB17813
data/raw/Padded_imgs/SLICY/HB17814.JPG,17,SLICY,HB17814
data/raw/Padded_imgs/SLICY/HB17815.JPG,17,SLICY,HB17815
data/raw/Padded_imgs/SLICY/HB17816.JPG,17,SLICY,HB17816
data/raw/Padded_imgs/SLICY/HB17820.JPG,17,SLICY,HB17820
data/raw/Padded_imgs/SLICY/HB17821.JPG,17,SLICY,HB17821
data/raw/Padded_imgs/SLICY/HB17822.JPG,17,SLICY,HB17822
data/raw/Padded_imgs/SLICY/HB17823.JPG,17,SLICY,HB17823
data/raw/Padded_imgs/SLICY/HB17826.JPG,17,SLICY,HB17826
data/raw/Padded_imgs/SLICY/HB17827.JPG,17,SLICY,HB17827
data/raw/Padded_imgs/SLICY/HB17829.JPG,17,SLICY,HB17829
data/raw/Padded_imgs/SLICY/HB17831.JPG,17,SLICY,HB17831
data/raw/Padded_imgs/SLICY/HB17833.JPG,17,SLICY,HB17833
data/raw/Padded_imgs/SLICY/HB17836.JPG,17,SLICY,HB17836
data/raw/Padded_imgs/SLICY/HB17840.JPG,17,SLICY,HB17840
data/raw/Padded_imgs/SLICY/HB17843.JPG,17,SLICY,HB17843
data/raw/Padded_imgs/SLICY/HB17844.JPG,17,SLICY,HB17844
data/raw/Padded_imgs/SLICY/HB17865.JPG,17,SLICY,HB17865
data/raw/Padded_imgs/SLICY/HB17868.JPG,17,SLICY,HB17868
data/raw/Padded_imgs/SLICY/HB17872.JPG,17,SLICY,HB17872
data/raw/Padded_imgs/SLICY/HB17873.JPG,17,SLICY,HB17873
data/raw/Padded_imgs/SLICY/HB17875.JPG,17,SLICY,HB17875
data/raw/Padded_imgs/SLICY/HB17877.JPG,17,SLICY,HB17877
data/raw/Padded_imgs/SLICY/HB17878.JPG,17,SLICY,HB17878
data/raw/Padded_imgs/SLICY/HB17879.JPG,17,SLICY,HB17879
data/raw/Padded_imgs/SLICY/HB17880.JPG,17,SLICY,HB17880
data/raw/Padded_imgs/SLICY/HB17886.JPG,17,SLICY,HB17886
data/raw/Padded_imgs/SLICY/HB17888.JPG,17,SLICY,HB17888
data/raw/Padded_imgs/SLICY/HB17891.JPG,17,SLICY,HB17891
data/raw/Padded_imgs/SLICY/HB17892.JPG,17,SLICY,HB17892
data/raw/Padded_imgs/SLICY/HB17893.JPG,17,SLICY,HB17893
data/raw/Padded_imgs/SLICY/HB17895.JPG,17,SLICY,HB17895
data/raw/Padded_imgs/SLICY/HB17898.JPG,17,SLICY,HB17898
data/raw/Padded_imgs/SLICY/HB17899.JPG,17,SLICY,HB17899
data/raw/Padded_imgs/SLICY/HB17904.JPG,17,SLICY,HB17904
data/raw/Padded_imgs/SLICY/HB17910.JPG,17,SLICY,HB17910
data/raw/Padded_imgs/SLICY/HB17915.JPG,17,SLICY,HB17915
data/raw/Padded_imgs/SLICY/HB17920.JPG,17,SLICY,HB17920
data/raw/Padded_imgs/SLICY/HB17921.JPG,17,SLICY,HB17921
data/raw/Padded_imgs/SLICY/HB17922.JPG,17,SLICY,HB17922
data/raw/Padded_imgs/SLICY/HB17924.JPG,17,SLICY,HB17924
data/raw/Padded_imgs/SLICY/HB17928.JPG,17,SLICY,HB17928
data/raw/Padded_imgs/SLICY/HB17931.JPG,17,SLICY,HB17931
data/raw/Padded_imgs/SLICY/HB17933.JPG,17,SLICY,HB17933
data/raw/Padded_imgs/SLICY/HB17938.JPG,17,SLICY,HB17938
data/raw/Padded_imgs/SLICY/HB17940.JPG,17,SLICY,HB17940
data/raw/Padded_imgs/SLICY/HB17943.JPG,17,SLICY,HB17943
data/raw/Padded_imgs/SLICY/HB17945.JPG,17,SLICY,HB17945
data/raw/Padded_imgs/SLICY/HB17946.JPG,17,SLICY,HB17946
data/raw/Padded_imgs/SLICY/HB17947.JPG,17,SLICY,HB17947
data/raw/Padded_imgs/SLICY/HB17948.JPG,17,SLICY,HB17948
data/raw/Padded_imgs/SLICY/HB17950.JPG,17,SLICY,HB17950
data/raw/Padded_imgs/SLICY/HB17951.JPG,17,SLICY,HB17951
data/raw/Padded_imgs/SLICY/HB17954.JPG,17,SLICY,HB17954
data/raw/Padded_imgs/SLICY/HB17955.JPG,17,SLICY,HB17955
data/raw/Padded_imgs/SLICY/HB17963.JPG,17,SLICY,HB17963
data/raw/Padded_imgs/SLICY/HB17964.JPG,17,SLICY,HB17964
data/raw/Padded_imgs/SLICY/HB17965.JPG,17,SLICY,HB17965
data/raw/Padded_imgs/SLICY/HB17966.JPG,17,SLICY,HB17966
data/raw/Padded_imgs/SLICY/HB17967.JPG,17,SLICY,HB17967
data/raw/Padded_imgs/SLICY/HB17969.JPG,17,SLICY,HB17969
data/raw/Padded_imgs/SLICY/HB17977.JPG,17,SLICY,HB17977
data/raw/Padded_imgs/SLICY/HB17980.JPG,17,SLICY,HB17980
data/raw/Padded_imgs/SLICY/HB17981.JPG,17,SLICY,HB17981
data/raw/Padded_imgs/SLICY/HB17982.JPG,17,SLICY,HB17982
data/raw/Padded_imgs/SLICY/HB17987.JPG,17,SLICY,HB17987
data/raw/Padded_imgs/SLICY/HB17989.JPG,17,SLICY,HB17989
data/raw/Padded_imgs/SLICY/HB17991.JPG,17,SLICY,HB17991
data/raw/Padded_imgs/SLICY/HB17993.JPG,17,SLICY,HB17993
data/raw/Padded_imgs/SLICY/HB17995.JPG,17,SLICY,HB17995
data/raw/Padded_imgs/SLICY/HB17996.JPG,17,SLICY,HB17996
data/raw/Padded_imgs/SLICY/HB17997.JPG,17,SLICY,HB17997
data/raw/Padded_imgs/SLICY/HB17999.JPG,17,SLICY,HB17999
data/raw/Padded_imgs/SLICY/HB18000.JPG,15,SLICY,HB18000
data/raw/Padded_imgs/SLICY/HB18001.JPG,15,SLICY,HB18001
data/raw/Padded_imgs/SLICY/HB18005.JPG,15,SLICY,HB18005
data/raw/Padded_imgs/SLICY/HB18007.JPG,15,SLICY,HB18007
data/raw/Padded_imgs/SLICY/HB18009.JPG,15,SLICY,HB18009
data/raw/Padded_imgs/SLICY/HB18010.JPG,15,SLICY,HB18010
data/raw/Padded_imgs/SLICY/HB18011.JPG,15,SLICY,HB18011
data/raw/Padded_imgs/SLICY/HB18014.JPG,15,SLICY,HB18014
data/raw/Padded_imgs/SLICY/HB18021.JPG,15,SLICY,HB18021
data/raw/Padded_imgs/SLICY/HB18023.JPG,15,SLICY,HB18023
data/raw/Padded_imgs/SLICY/HB18024.JPG,15,SLICY,HB18024
data/raw/Padded_imgs/SLICY/HB18028.JPG,15,SLICY,HB18028
data/raw/Padded_imgs/SLICY/HB18031.JPG,15,SLICY,HB18031
data/raw/Padded_imgs/SLICY/HB18032.JPG,15,SLICY,HB18032
data/raw/Padded_imgs/SLICY/HB18035.JPG,15,SLICY,HB18035
data/raw/Padded_imgs/SLICY/HB18040.JPG,15,SLICY,HB18040
data/raw/Padded_imgs/SLICY/HB18042.JPG,15,SLICY,HB18042
data/raw/Padded_imgs/SLICY/HB18043.JPG,15,SLICY,HB18043
data/raw/Padded_imgs/SLICY/HB18046.JPG,15,SLICY,HB18046
data/raw/Padded_imgs/SLICY/HB18050.JPG,15,SLICY,HB18050
data/raw/Padded_imgs/SLICY/HB18232.JPG,15,SLICY,HB18232
data/raw/Padded_imgs/SLICY/HB18233.JPG,15,SLICY,HB18233
data/raw/Padded_imgs/SLICY/HB18235.JPG,15,SLICY,HB18235
data/raw/Padded_imgs/SLICY/HB18238.JPG,15,SLICY,HB18238
data/raw/Padded_imgs/SLICY/HB18242.JPG,15,SLICY,HB18242
data/raw/Padded_imgs/SLICY/HB18243.JPG,15,SLICY,HB18243
data/raw/Padded_imgs/SLICY/HB18244.JPG,15,SLICY,HB18244
data/raw/Padded_imgs/SLICY/HB18248.JPG,15,SLICY,HB18248
data/raw/Padded_imgs/SLICY/HB18250.JPG,15,SLICY,HB18250
data/raw/Padded_imgs/SLICY/HB18255.JPG,15,SLICY,HB18255
data/raw/Padded_imgs/SLICY/HB18256.JPG,15,SLICY,HB18256
data/raw/Padded_imgs/SLICY/HB18259.JPG,15,SLICY,HB18259
data/raw/Padded_imgs/SLICY/HB18261.JPG,15,SLICY,HB18261
data/raw/Padded_imgs/SLICY/HB18264.JPG,15,SLICY,HB18264
data/raw/Padded_imgs/SLICY/HB18265.JPG,15,SLICY,HB18265
data/raw/Padded_imgs/SLICY/HB18267.JPG,15,SLICY,HB18267
data/raw/Padded_imgs/SLICY/HB18268.JPG,15,SLICY,HB18268
data/raw/Padded_imgs/SLICY/HB18269.JPG,15,SLICY,HB18269
data/raw/Padded_imgs/SLICY/HB18271.JPG,15,SLICY,HB18271
data/raw/Padded_imgs/SLICY/HB18274.JPG,15,SLICY,HB18274
data/raw/Padded_imgs/SLICY/HB18279.JPG,15,SLICY,HB18279
data/raw/Padded_imgs/SLICY/HB18282.JPG,15,SLICY,HB18282
data/raw/Padded_imgs/SLICY/HB18285.JPG,15,SLICY,HB18285
data/raw/Padded_imgs/SLICY/HB18288.JPG,15,SLICY,HB18288
data/raw/Padded_imgs/SLICY/HB18292.JPG,15,SLICY,HB18292
data/raw/Padded_imgs/SLICY/HB18294.JPG,15,SLICY,HB18294
data/raw/Padded_imgs/SLICY/HB18297.JPG,15,SLICY,HB18297
data/raw/Padded_imgs/SLICY/HB18299.JPG,15,SLICY,HB18299
data/raw/Padded_imgs/SLICY/HB18300.JPG,15,SLICY,HB18300
data/raw/Padded_imgs/SLICY/HB18301.JPG,15,SLICY,HB18301
data/raw/Padded_imgs/SLICY/HB18306.JPG,15,SLICY,HB18306
data/raw/Padded_imgs/SLICY/HB18307.JPG,15,SLICY,HB18307
data/raw/Padded_imgs/SLICY/HB18309.JPG,15,SLICY,HB18309
data/raw/Padded_imgs/SLICY/HB18312.JPG,15,SLICY,HB18312
data/raw/Padded_imgs/SLICY/HB18316.JPG,15,SLICY,HB18316
data/raw/Padded_imgs/SLICY/HB18319.JPG,15,SLICY,HB18319
data/raw/Padded_imgs/SLICY/HB18320.JPG,15,SLICY,HB18320
data/raw/Padded_imgs/SLICY/HB18322.JPG,15,SLICY,HB18322
data/raw/Padded_imgs/SLICY/HB18323.JPG,15,SLICY,HB18323
data/raw/Padded_imgs/SLICY/HB18324.JPG,15,SLICY,HB18324
data/raw/Padded_imgs/SLICY/HB18331.JPG,15,SLICY,HB18331
data/raw/Padded_imgs/SLICY/HB18332.JPG,15,SLICY,HB18332
data/raw/Padded_imgs/SLICY/HB18336.JPG,15,SLICY,HB18336
data/raw/Padded_imgs/SLICY/HB18338.JPG,15,SLICY,HB18338
data/raw/Padded_imgs/SLICY/HB18339.JPG,15,SLICY,HB18339
data/raw/Padded_imgs/SLICY/HB18340.JPG,15,SLICY,HB18340
data/raw/Padded_imgs/SLICY/HB18343.JPG,15,SLICY,HB18343
data/raw/Padded_imgs/SLICY/HB18344.JPG,15,SLICY,HB18344
data/raw/Padded_imgs/SLICY/HB18349.JPG,15,SLICY,HB18349
data/raw/Padded_imgs/SLICY/HB18351.JPG,15,SLICY,HB18351
data/raw/Padded_imgs/SLICY/HB18356.JPG,15,SLICY,HB18356
data/raw/Padded_imgs/SLICY/HB18360.JPG,15,SLICY,HB18360
data/raw/Padded_imgs/SLICY/HB18361.JPG,15,SLICY,HB18361
data/raw/Padded_imgs/SLICY/HB18362.JPG,15,SLICY,HB18362
data/raw/Padded_imgs/SLICY/HB18376.JPG,15,SLICY,HB18376
data/raw/Padded_imgs/SLICY/HB18381.JPG,15,SLICY,HB18381
data/raw/Padded_imgs/SLICY/HB18385.JPG,15,SLICY,HB18385
data/raw/Padded_imgs/SLICY/HB18386.JPG,15,SLICY,HB18386
data/raw/Padded_imgs/SLICY/HB18390.JPG,15,SLICY,HB18390
data/raw/Padded_imgs/SLICY/HB18392.JPG,15,SLICY,HB18392
data/raw/Padded_imgs/SLICY/HB18393.JPG,15,SLICY,HB18393
data/raw/Padded_imgs/SLICY/HB18395.JPG,15,SLICY,HB18395
data/raw/Padded_imgs/SLICY/HB18397.JPG,15,SLICY,HB18397
data/raw/Padded_imgs/SLICY/HB18399.JPG,15,SLICY,HB18399
data/raw/Padded_imgs/SLICY/HB18400.JPG,15,SLICY,HB18400
data/raw/Padded_imgs/SLICY/HB18401.JPG,15,SLICY,HB18401
data/raw/Padded_imgs/SLICY/HB18402.JPG,15,SLICY,HB18402
data/raw/Padded_imgs/SLICY/HB18403.JPG,15,SLICY,HB18403
data/raw/Padded_imgs/SLICY/HB18408.JPG,15,SLICY,HB18408
data/raw/Padded_imgs/SLICY/HB18413.JPG,15,SLICY,HB18413
data/raw/Padded_imgs/SLICY/HB18414.JPG,15,SLICY,HB18414
data/raw/Padded_imgs/SLICY/HB18419.JPG,15,SLICY,HB18419
data/raw/Padded_imgs/SLICY/HB18421.JPG,15,SLICY,HB18421
data/raw/Padded_imgs/SLICY/HB18422.JPG,15,SLICY,HB18422
data/raw/Padded_imgs/SLICY/HB18426.JPG,15,SLICY,HB18426
data/raw/Padded_imgs/SLICY/HB18429.JPG,15,SLICY,HB18429
data/raw/Padded_imgs/SLICY/HB18430.JPG,15,SLICY,HB18430
data/raw/Padded_imgs/SLICY/HB18432.JPG,15,SLICY,HB18432
data/raw/Padded_imgs/SLICY/HB18436.JPG,15,SLICY,HB18436
data/raw/Padded_imgs/SLICY/HB18438.JPG,15,SLICY,HB18438
data/raw/Padded_imgs/SLICY/HB18439.JPG,15,SLICY,HB18439
data/raw/Padded_imgs/SLICY/HB18442.JPG,15,SLICY,HB18442
data/raw/Padded_imgs/SLICY/HB18444.JPG,15,SLICY,HB18444
data/raw/Padded_imgs/SLICY/HB18445.JPG,15,SLICY,HB18445
data/raw/Padded_imgs/SLICY/HB18450.JPG,15,SLICY,HB18450
data/raw/Padded_imgs/SLICY/HB18453.JPG,15,SLICY,HB18453
data/raw/Padded_imgs/SLICY/HB18455.JPG,15,SLICY,HB18455
data/raw/Padded_imgs/SLICY/HB18654.JPG,15,SLICY,HB18654
data/raw/Padded_imgs/SLICY/HB18664.JPG,15,SLICY,HB18664
data/raw/Padded_imgs/SLICY/HB18665.JPG,15,SLICY,HB18665
data/raw/Padded_imgs/SLICY/HB18666.JPG,15,SLICY,HB18666
data/raw/Padded_imgs/SLICY/HB18671.JPG,15,SLICY,HB18671
data/raw/Padded_imgs/SLICY/HB18675.JPG,15,SLICY,HB18675
data/raw/Padded_imgs/SLICY/HB18677.JPG,15,SLICY,HB18677
data/raw/Padded_imgs/SLICY/HB18678.JPG,15,SLICY,HB18678
data/raw/Padded_imgs/SLICY/HB18679.JPG,15,SLICY,HB18679
data/raw/Padded_imgs/SLICY/HB18682.JPG,15,SLICY,HB18682
data/raw/Padded_imgs/SLICY/HB18688.JPG,15,SLICY,HB18688
data/raw/Padded_imgs/SLICY/HB18689.JPG,15,SLICY,HB18689
data/raw/Padded_imgs/SLICY/HB18692.JPG,15,SLICY,HB18692
data/raw/Padded_imgs/SLICY/HB18694.JPG,15,SLICY,HB18694
data/raw/Padded_imgs/SLICY/HB18695.JPG,15,SLICY,HB18695
data/raw/Padded_imgs/SLICY/HB18696.JPG,15,SLICY,HB18696
data/raw/Padded_imgs/SLICY/HB18697.JPG,15,SLICY,HB18697
data/raw/Padded_imgs/SLICY/HB18700.JPG,15,SLICY,HB18700
data/raw/Padded_imgs/SLICY/HB18705.JPG,15,SLICY,HB18705
data/raw/Padded_imgs/SLICY/HB18706.JPG,15,SLICY,HB18706
data/raw/Padded_imgs/SLICY/HB18708.JPG,15,SLICY,HB18708
data/raw/Padded_imgs/SLICY/HB18709.JPG,15,SLICY,HB18709
data/raw/Padded_imgs/SLICY/HB18710.JPG,15,SLICY,HB18710
data/raw/Padded_imgs/SLICY/HB18711.JPG,15,SLICY,HB18711
data/raw/Padded_imgs/SLICY/HB18712.JPG,15,SLICY,HB18712
data/raw/Padded_imgs/SLICY/HB18714.JPG,15,SLICY,HB18714
data/raw/Padded_imgs/SLICY/HB18715.JPG,15,SLICY,HB18715
data/raw/Padded_imgs/SLICY/HB18717.JPG,17,SLICY,HB18717
data/raw/Padded_imgs/SLICY/HB18720.JPG,15,SLICY,HB18720
data/raw/Padded_imgs/SLICY/HB18722.JPG,15,SLICY,HB18722
data/raw/Padded_imgs/SLICY/HB18723.JPG,15,SLICY,HB18723
data/raw/Padded_imgs/SLICY/HB18724.JPG,15,SLICY,HB18724
data/raw/Padded_imgs/SLICY/HB18725.JPG,15,SLICY,HB18725
data/raw/Padded_imgs/SLICY/HB18727.JPG,15,SLICY,HB18727
data/raw/Padded_imgs/SLICY/HB18729.JPG,15,SLICY,HB18729
data/raw/Padded_imgs/SLICY/HB18731.JPG,15,SLICY,HB18731
data/raw/Padded_imgs/SLICY/HB18737.JPG,15,SLICY,HB18737
data/raw/Padded_imgs/SLICY/HB18741.JPG,15,SLICY,HB18741
data/raw/Padded_imgs/SLICY/HB18742.JPG,15,SLICY,HB18742
data/raw/Padded_imgs/SLICY/HB18743.JPG,15,SLICY,HB18743
data/raw/Padded_imgs/SLICY/HB18746.JPG,15,SLICY,HB18746
data/raw/Padded_imgs/SLICY/HB18749.JPG,15,SLICY,HB18749
data/raw/Padded_imgs/SLICY/HB18750.JPG,15,SLICY,HB18750
data/raw/Padded_imgs/SLICY/HB18751.JPG,15,SLICY,HB18751
data/raw/Padded_imgs/SLICY/HB18752.JPG,15,SLICY,HB18752
data/raw/Padded_imgs/SLICY/HB18755.JPG,15,SLICY,HB18755
data/raw/Padded_imgs/SLICY/HB18757.JPG,15,SLICY,HB18757
data/raw/Padded_imgs/SLICY/HB18759.JPG,15,SLICY,HB18759
data/raw/Padded_imgs/SLICY/HB18760.JPG,15,SLICY,HB18760
data/raw/Padded_imgs/SLICY/HB18761.JPG,15,SLICY,HB18761
data/raw/Padded_imgs/SLICY/HB18764.JPG,15,SLICY,HB18764
data/raw/Padded_imgs/SLICY/HB18766.JPG,15,SLICY,HB18766
data/raw/Padded_imgs/SLICY/HB18768.JPG,15,SLICY,HB18768
data/raw/Padded_imgs/SLICY/HB18772.JPG,15,SLICY,HB18772
data/raw/Padded_imgs/SLICY/HB18774.JPG,15,SLICY,HB18774
data/raw/Padded_imgs/SLICY/HB18775.JPG,15,SLICY,HB18775
data/raw/Padded_imgs/SLICY/HB18776.JPG,15,SLICY,HB18776
data/raw/Padded_imgs/SLICY/HB18777.JPG,15,SLICY,HB18777
data/raw/Padded_imgs/SLICY/HB18778.JPG,15,SLICY,HB18778
data/raw/Padded_imgs/SLICY/HB18788.JPG,15,SLICY,HB18788
data/raw/Padded_imgs/SLICY/HB18790.JPG,15,SLICY,HB18790
data/raw/Padded_imgs/SLICY/HB18792.JPG,15,SLICY,HB18792
data/raw/Padded_imgs/SLICY/HB18794.JPG,15,SLICY,HB18794
data/raw/Padded_imgs/SLICY/HB18797.JPG,15,SLICY,HB18797
data/raw/Padded_imgs/SLICY/HB18798.JPG,15,SLICY,HB18798
data/raw/Padded_imgs/SLICY/HB18800.JPG,15,SLICY,HB18800
data/raw/Padded_imgs/SLICY/HB18802.JPG,15,SLICY,HB18802
data/raw/Padded_imgs/SLICY/HB18803.JPG,15,SLICY,HB18803
data/raw/Padded_imgs/SLICY/HB18808.JPG,15,SLICY,HB18808
data/raw/Padded_imgs/SLICY/HB18809.JPG,15,SLICY,HB18809
data/raw/Padded_imgs/SLICY/HB18811.JPG,15,SLICY,HB18811
data/raw/Padded_imgs/SLICY/HB18812.JPG,15,SLICY,HB18812
data/raw/Padded_imgs/SLICY/HB18815.JPG,15,SLICY,HB18815
data/raw/Padded_imgs/SLICY/HB18818.JPG,15,SLICY,HB18818
data/raw/Padded_imgs/SLICY/HB18820.JPG,15,SLICY,HB18820
data/raw/Padded_imgs/SLICY/HB18825.JPG,15,SLICY,HB18825
data/raw/Padded_imgs/SLICY/HB18827.JPG,15,SLICY,HB18827
data/raw/Padded_imgs/SLICY/HB18828.JPG,15,SLICY,HB18828
data/raw/Padded_imgs/SLICY/HB18830.JPG,15,SLICY,HB18830
data/raw/Padded_imgs/SLICY/HB18832.JPG,15,SLICY,HB18832
data/raw/Padded_imgs/SLICY/HB18833.JPG,15,SLICY,HB18833
data/raw/Padded_imgs/SLICY/HB18836.JPG,15,SLICY,HB18836
data/raw/Padded_imgs/SLICY/HB18838.JPG,15,SLICY,HB18838
data/raw/Padded_imgs/SLICY/HB18839.JPG,15,SLICY,HB18839
data/raw/Padded_imgs/SLICY/HB18845.JPG,15,SLICY,HB18845
data/raw/Padded_imgs/SLICY/HB18849.JPG,15,SLICY,HB18849
data/raw/Padded_imgs/SLICY/HB18853.JPG,15,SLICY,HB18853
data/raw/Padded_imgs/SLICY/HB18858.JPG,15,SLICY,HB18858
data/raw/Padded_imgs/SLICY/HB18859.JPG,15,SLICY,HB18859
data/raw/Padded_imgs/SLICY/HB18862.JPG,15,SLICY,HB18862
data/raw/Padded_imgs/SLICY/HB18866.JPG,15,SLICY,HB18866
data/raw/Padded_imgs/SLICY/HB18867.JPG,15,SLICY,HB18867
data/raw/Padded_imgs/SLICY/HB18869.JPG,15,SLICY,HB18869
data/raw/Padded_imgs/SLICY/HB18873.JPG,15,SLICY,HB18873
data/raw/Padded_imgs/SLICY/HB18879.JPG,15,SLICY,HB18879
data/raw/Padded_imgs/SLICY/HB18880.JPG,15,SLICY,HB18880
data/raw/Padded_imgs/SLICY/HB18881.JPG,15,SLICY,HB18881
data/raw/Padded_imgs/SLICY/HB18883.JPG,15,SLICY,HB18883
data/raw/Padded_imgs/SLICY/HB18885.JPG,15,SLICY,HB18885
data/raw/Padded_imgs/SLICY/HB18887.JPG,15,SLICY,HB18887
data/raw/Padded_imgs/SLICY/HB18888.JPG,15,SLICY,HB18888
data/raw/Padded_imgs/SLICY/HB18889.JPG,15,SLICY,HB18889
data/raw/Padded_imgs/SLICY/HB18892.JPG,15,SLICY,HB18892
data/raw/Padded_imgs/SLICY/HB18893.JPG,15,SLICY,HB18893
data/raw/Padded_imgs/SLICY/HB18896.JPG,15,SLICY,HB18896
data/raw/Padded_imgs/SLICY/HB18897.JPG,15,SLICY,HB18897
data/raw/Padded_imgs/SLICY/HB18898.JPG,15,SLICY,HB18898
data/raw/Padded_imgs/SLICY/HB18899.JPG,15,SLICY,HB18899
data/raw/Padded_imgs/SLICY/HB18906.JPG,15,SLICY,HB18906
data/raw/Padded_imgs/SLICY/HB18908.JPG,15,SLICY,HB18908
data/raw/Padded_imgs/SLICY/HB18909.JPG,15,SLICY,HB18909
data/raw/Padded_imgs/SLICY/HB18912.JPG,15,SLICY,HB18912
data/raw/Padded_imgs/SLICY/HB18917.JPG,17,SLICY,HB18917
data/raw/Padded_imgs/SLICY/HB18918.JPG,15,SLICY,HB18918
data/raw/Padded_imgs/SLICY/HB18919.JPG,15,SLICY,HB18919
data/raw/Padded_imgs/SLICY/HB18922.JPG,15,SLICY,HB18922
data/raw/Padded_imgs/SLICY/HB18923.JPG,15,SLICY,HB18923
data/raw/Padded_imgs/SLICY/HB18927.JPG,15,SLICY,HB18927
data/raw/Padded_imgs/SLICY/HB18928.JPG,15,SLICY,HB18928
data/raw/Padded_imgs/SLICY/HB18931.JPG,15,SLICY,HB18931
data/raw/Padded_imgs/SLICY/HB18932.JPG,15,SLICY,HB18932
data/raw/Padded_imgs/SLICY/HB18935.JPG,15,SLICY,HB18935
data/raw/Padded_imgs/SLICY/HB18942.JPG,15,SLICY,HB18942
data/raw/Padded_imgs/SLICY/HB18944.JPG,15,SLICY,HB18944
data/raw/Padded_imgs/SLICY/HB18950.JPG,15,SLICY,HB18950
data/raw/Padded_imgs/SLICY/HB18954.JPG,15,SLICY,HB18954
data/raw/Padded_imgs/SLICY/HB18956.JPG,15,SLICY,HB18956
data/raw/Padded_imgs/SLICY/HB18964.JPG,15,SLICY,HB18964
data/raw/Padded_imgs/SLICY/HB18968.JPG,15,SLICY,HB18968
data/raw/Padded_imgs/SLICY/HB18970.JPG,15,SLICY,HB18970
data/raw/Padded_imgs/SLICY/HB18972.JPG,15,SLICY,HB18972
data/raw/Padded_imgs/SLICY/HB18976.JPG,15,SLICY,HB18976
data/raw/Padded_imgs/SLICY/HB18982.JPG,15,SLICY,HB18982
data/raw/Padded_imgs/SLICY/HB18986.JPG,15,SLICY,HB18986
data/raw/Padded_imgs/SLICY/HB18988.JPG,15,SLICY,HB18988
data/raw/Padded_imgs/SLICY/HB18992.JPG,15,SLICY,HB18992
data/raw/Padded_imgs/SLICY/HB18994.JPG,15,SLICY,HB18994
data/raw/Padded_imgs/SLICY/HB18996.JPG,15,SLICY,HB18996
data/raw/Padded_imgs/SLICY/HB18998.JPG,15,SLICY,HB18998
data/raw/Padded_imgs/SLICY/HB19001.JPG,15,SLICY,HB19001
data/raw/Padded_imgs/SLICY/HB19003.JPG,15,SLICY,HB19003
data/raw/Padded_imgs/SLICY/HB19004.JPG,15,SLICY,HB19004
data/raw/Padded_imgs/SLICY/HB19008.JPG,15,SLICY,HB19008
data/raw/Padded_imgs/SLICY/HB19016.JPG,15,SLICY,HB19016
data/raw/Padded_imgs/SLICY/HB19018.JPG,15,SLICY,HB19018
data/raw/Padded_imgs/SLICY/HB19026.JPG,15,SLICY,HB19026
data/raw/Padded_imgs/SLICY/HB19031.JPG,15,SLICY,HB19031
data/raw/Padded_imgs/SLICY/HB19045.JPG,15,SLICY,HB19045
data/raw/Padded_imgs/SLICY/HB19048.JPG,15,SLICY,HB19048
data/raw/Padded_imgs/SLICY/HB19052.JPG,15,SLICY,HB19052
data/raw/Padded_imgs/SLICY/HB19056.JPG,15,SLICY,HB19056
data/raw/Padded_imgs/SLICY/HB19062.JPG,15,SLICY,HB19062
data/raw/Padded_imgs/SLICY/HB19064.JPG,15,SLICY,HB19064
data/raw/Padded_imgs/SLICY/HB19076.JPG,15,SLICY,HB19076
data/raw/Padded_imgs/SLICY/HB19087.JPG,15,SLICY,HB19087
data/raw/Padded_imgs/SLICY/HB19089.JPG,15,SLICY,HB19089
data/raw/Padded_imgs/SLICY/HB19094.JPG,15,SLICY,HB19094
data/raw/Padded_imgs/SLICY/HB19096.JPG,15,SLICY,HB19096
data/raw/Padded_imgs/SLICY/HB19104.JPG,15,SLICY,HB19104
data/raw/Padded_imgs/SLICY/HB19106.JPG,15,SLICY,HB19106
data/raw/Padded_imgs/SLICY/HB19121.JPG,15,SLICY,HB19121
data/raw/Padded_imgs/SLICY/HB19125.JPG,15,SLICY,HB19125
data/raw/Padded_imgs/SLICY/HB19133.JPG,15,SLICY,HB19133
data/raw/Padded_imgs/SLICY/HB19135.JPG,15,SLICY,HB19135
data/raw/Padded_imgs/SLICY/HB19139.JPG,15,SLICY,HB19139
data/raw/Padded_imgs/SLICY/HB19143.JPG,15,SLICY,HB19143
data/raw/Padded_imgs/SLICY/HB19145.JPG,15,SLICY,HB19145
data/raw/Padded_imgs/SLICY/HB19149.JPG,15,SLICY,HB19149
data/raw/Padded_imgs/SLICY/HB19161.JPG,15,SLICY,HB19161
data/raw/Padded_imgs/SLICY/HB19163.JPG,15,SLICY,HB19163
data/raw/Padded_imgs/SLICY/HB19171.JPG,17,SLICY,HB19171
data/raw/Padded_imgs/SLICY/HB19175.JPG,17,SLICY,HB19175
data/raw/Padded_imgs/SLICY/HB19181.JPG,15,SLICY,HB19181
data/raw/Padded_imgs/SLICY/HB19189.JPG,15,SLICY,HB19189
data/raw/Padded_imgs/SLICY/HB19191.JPG,15,SLICY,HB19191
data/raw/Padded_imgs/SLICY/HB19193.JPG,15,SLICY,HB19193
data/raw/Padded_imgs/SLICY/HB19195.JPG,15,SLICY,HB19195
data/raw/Padded_imgs/SLICY/HB19197.JPG,15,SLICY,HB19197
data/raw/Padded_imgs/SLICY/HB19203.JPG,15,SLICY,HB19203
data/raw/Padded_imgs/SLICY/HB19205.JPG,15,SLICY,HB19205
data/raw/Padded_imgs/SLICY/HB19207.JPG,15,SLICY,HB19207
data/raw/Padded_imgs/SLICY/HB19209.JPG,15,SLICY,HB19209
data/raw/Padded_imgs/SLICY/HB19213.JPG,15,SLICY,HB19213
data/raw/Padded_imgs/SLICY/HB19221.JPG,15,SLICY,HB19221
data/raw/Padded_imgs/SLICY/HB19223.JPG,15,SLICY,HB19223
data/raw/Padded_imgs/SLICY/HB19228.JPG,15,SLICY,HB19228
data/raw/Padded_imgs/SLICY/HB19230.JPG,15,SLICY,HB19230
data/raw/Padded_imgs/SLICY/HB19232.JPG,15,SLICY,HB19232
data/raw/Padded_imgs/SLICY/HB19234.JPG,15,SLICY,HB19234
data/raw/Padded_imgs/SLICY/HB19236.JPG,15,SLICY,HB19236
data/raw/Padded_imgs/SLICY/HB19240.JPG,15,SLICY,HB19240
data/raw/Padded_imgs/SLICY/HB19244.JPG,15,SLICY,HB19244
data/raw/Padded_imgs/SLICY/HB19248.JPG,15,SLICY,HB19248
data/raw/Padded_imgs/SLICY/HB19258.JPG,15,SLICY,HB19258
data/raw/Padded_imgs/SLICY/HB19260.JPG,15,SLICY,HB19260
data/raw/Padded_imgs/SLICY/HB19264.JPG,15,SLICY,HB19264
data/raw/Padded_imgs/SLICY/HB19376.JPG,15,SLICY,HB19376
data/raw/Padded_imgs/SLICY/HB19377.JPG,15,SLICY,HB19377
data/raw/Padded_imgs/SLICY/HB19378.JPG,15,SLICY,HB19378
data/raw/Padded_imgs/SLICY/HB19383.JPG,15,SLICY,HB19383
data/raw/Padded_imgs/SLICY/HB19384.JPG,15,SLICY,HB19384
data/raw/Padded_imgs/SLICY/HB19390.JPG,15,SLICY,HB19390
data/raw/Padded_imgs/SLICY/HB19393.JPG,15,SLICY,HB19393
data/raw/Padded_imgs/SLICY/HB19395.JPG,15,SLICY,HB19395
data/raw/Padded_imgs/SLICY/HB19398.JPG,15,SLICY,HB19398
data/raw/Padded_imgs/SLICY/HB19403.JPG,15,SLICY,HB19403
data/raw/Padded_imgs/SLICY/HB19407.JPG,15,SLICY,HB19407
data/raw/Padded_imgs/SLICY/HB19408.JPG,15,SLICY,HB19408
data/raw/Padded_imgs/SLICY/HB19409.JPG,15,SLICY,HB19409
data/raw/Padded_imgs/SLICY/HB19410.JPG,15,SLICY,HB19410
data/raw/Padded_imgs/SLICY/HB19412.JPG,15,SLICY,HB19412
data/raw/Padded_imgs/SLICY/HB19417.JPG,17,SLICY,HB19417
data/raw/Padded_imgs/SLICY/HB19419.JPG,15,SLICY,HB19419
data/raw/Padded_imgs/SLICY/HB19421.JPG,15,SLICY,HB19421
data/raw/Padded_imgs/SLICY/HB19429.JPG,15,SLICY,HB19429
data/raw/Padded_imgs/SLICY/HB19430.JPG,15,SLICY,HB19430
data/raw/Padded_imgs/SLICY/HB19433.JPG,15,SLICY,HB19433
data/raw/Padded_imgs/SLICY/HB19435.JPG,15,SLICY,HB19435
data/raw/Padded_imgs/SLICY/HB19436.JPG,15,SLICY,HB19436
data/raw/Padded_imgs/SLICY/HB19441.JPG,15,SLICY,HB19441
data/raw/Padded_imgs/SLICY/HB19442.JPG,15,SLICY,HB19442
data/raw/Padded_imgs/SLICY/HB19444.JPG,15,SLICY,HB19444
data/raw/Padded_imgs/SLICY/HB19448.JPG,15,SLICY,HB19448
data/raw/Padded_imgs/SLICY/HB19450.JPG,15,SLICY,HB19450
data/raw/Padded_imgs/SLICY/HB19454.JPG,15,SLICY,HB19454
data/raw/Padded_imgs/SLICY/HB19456.JPG,15,SLICY,HB19456
data/raw/Padded_imgs/SLICY/HB19459.JPG,15,SLICY,HB19459
data/raw/Padded_imgs/SLICY/HB19461.JPG,15,SLICY,HB19461
data/raw/Padded_imgs/SLICY/HB19462.JPG,15,SLICY,HB19462
data/raw/Padded_imgs/SLICY/HB19464.JPG,15,SLICY,HB19464
data/raw/Padded_imgs/SLICY/HB19465.JPG,15,SLICY,HB19465
data/raw/Padded_imgs/SLICY/HB19471.JPG,15,SLICY,HB19471
data/raw/Padded_imgs/SLICY/HB19472.JPG,15,SLICY,HB19472
data/raw/Padded_imgs/SLICY/HB19473.JPG,15,SLICY,HB19473
data/raw/Padded_imgs/SLICY/HB19474.JPG,15,SLICY,HB19474
data/raw/Padded_imgs/SLICY/HB19475.JPG,15,SLICY,HB19475
data/raw/Padded_imgs/SLICY/HB19478.JPG,15,SLICY,HB19478
data/raw/Padded_imgs/SLICY/HB19479.JPG,15,SLICY,HB19479
data/raw/Padded_imgs/SLICY/HB19480.JPG,15,SLICY,HB19480
data/raw/Padded_imgs/SLICY/HB19482.JPG,15,SLICY,HB19482
data/raw/Padded_imgs/SLICY/HB19483.JPG,15,SLICY,HB19483
data/raw/Padded_imgs/SLICY/HB19484.JPG,15,SLICY,HB19484
data/raw/Padded_imgs/SLICY/HB19486.JPG,15,SLICY,HB19486
data/raw/Padded_imgs/SLICY/HB19488.JPG,15,SLICY,HB19488
data/raw/Padded_imgs/SLICY/HB19490.JPG,15,SLICY,HB19490
data/raw/Padded_imgs/SLICY/HB19492.JPG,15,SLICY,HB19492
data/raw/Padded_imgs/SLICY/HB19494.JPG,15,SLICY,HB19494
data/raw/Padded_imgs/SLICY/HB19495.JPG,15,SLICY,HB19495
data/raw/Padded_imgs/SLICY/HB19496.JPG,15,SLICY,HB19496
data/raw/Padded_imgs/SLICY/HB19499.JPG,15,SLICY,HB19499
data/raw/Padded_imgs/SLICY/HB19500.JPG,15,SLICY,HB19500
data/raw/Padded_imgs/SLICY/HB19502.JPG,15,SLICY,HB19502
data/raw/Padded_imgs/SLICY/HB19503.JPG,15,SLICY,HB19503
data/raw/Padded_imgs/SLICY/HB19504.JPG,15,SLICY,HB19504
data/raw/Padded_imgs/SLICY/HB19505.JPG,15,SLICY,HB19505
data/raw/Padded_imgs/SLICY/HB19508.JPG,15,SLICY,HB19508
data/raw/Padded_imgs/SLICY/HB19509.JPG,15,SLICY,HB19509
data/raw/Padded_imgs/SLICY/HB19512.JPG,15,SLICY,HB19512
data/raw/Padded_imgs/SLICY/HB19514.JPG,15,SLICY,HB19514
data/raw/Padded_imgs/SLICY/HB19516.JPG,15,SLICY,HB19516
data/raw/Padded_imgs/SLICY/HB19517.JPG,17,SLICY,HB19517
data/raw/Padded_imgs/SLICY/HB19518.JPG,15,SLICY,HB19518
data/raw/Padded_imgs/SLICY/HB19521.JPG,15,SLICY,HB19521
data/raw/Padded_imgs/SLICY/HB19530.JPG,15,SLICY,HB19530
data/raw/Padded_imgs/SLICY/HB19531.JPG,15,SLICY,HB19531
data/raw/Padded_imgs/SLICY/HB19533.JPG,15,SLICY,HB19533
data/raw/Padded_imgs/SLICY/HB19534.JPG,15,SLICY,HB19534
data/raw/Padded_imgs/SLICY/HB19535.JPG,15,SLICY,HB19535
data/raw/Padded_imgs/SLICY/HB19536.JPG,15,SLICY,HB19536
data/raw/Padded_imgs/SLICY/HB19537.JPG,15,SLICY,HB19537
data/raw/Padded_imgs/SLICY/HB19538.JPG,15,SLICY,HB19538
data/raw/Padded_imgs/SLICY/HB19539.JPG,15,SLICY,HB19539
data/raw/Padded_imgs/SLICY/HB19540.JPG,15,SLICY,HB19540
data/raw/Padded_imgs/SLICY/HB19541.JPG,15,SLICY,HB19541
data/raw/Padded_imgs/SLICY/HB19543.JPG,15,SLICY,HB19543
data/raw/Padded_imgs/SLICY/HB19546.JPG,15,SLICY,HB19546
data/raw/Padded_imgs/SLICY/HB19548.JPG,15,SLICY,HB19548
data/raw/Padded_imgs/SLICY/HB19558.JPG,15,SLICY,HB19558
data/raw/Padded_imgs/SLICY/HB19561.JPG,15,SLICY,HB19561
data/raw/Padded_imgs/SLICY/HB19563.JPG,15,SLICY,HB19563
data/raw/Padded_imgs/SLICY/HB19567.JPG,15,SLICY,HB19567
data/raw/Padded_imgs/SLICY/HB19569.JPG,15,SLICY,HB19569
data/raw/Padded_imgs/SLICY/HB19570.JPG,15,SLICY,HB19570
data/raw/Padded_imgs/SLICY/HB19572.JPG,15,SLICY,HB19572
data/raw/Padded_imgs/SLICY/HB19573.JPG,15,SLICY,HB19573
data/raw/Padded_imgs/SLICY/HB19575.JPG,15,SLICY,HB19575
data/raw/Padded_imgs/SLICY/HB19576.JPG,15,SLICY,HB19576
data/raw/Padded_imgs/SLICY/HB19578.JPG,15,SLICY,HB19578
data/raw/Padded_imgs/SLICY/HB19584.JPG,15,SLICY,HB19584
data/raw/Padded_imgs/SLICY/HB19596.JPG,15,SLICY,HB19596
data/raw/Padded_imgs/SLICY/HB19597.JPG,15,SLICY,HB19597
data/raw/Padded_imgs/SLICY/HB19602.JPG,15,SLICY,HB19602
data/raw/Padded_imgs/SLICY/HB19609.JPG,15,SLICY,HB19609
data/raw/Padded_imgs/SLICY/HB19610.JPG,15,SLICY,HB19610
data/raw/Padded_imgs/SLICY/HB19611.JPG,15,SLICY,HB19611
data/raw/Padded_imgs/SLICY/HB19613.JPG,15,SLICY,HB19613
data/raw/Padded_imgs/SLICY/HB19615.JPG,15,SLICY,HB19615
data/raw/Padded_imgs/SLICY/HB19618.JPG,15,SLICY,HB19618
data/raw/Padded_imgs/SLICY/HB19620.JPG,15,SLICY,HB19620
data/raw/Padded_imgs/SLICY/HB19627.JPG,15,SLICY,HB19627
data/raw/Padded_imgs/SLICY/HB19632.JPG,15,SLICY,HB19632
data/raw/Padded_imgs/SLICY/HB19634.JPG,15,SLICY,HB19634
data/raw/Padded_imgs/SLICY/HB19635.JPG,15,SLICY,HB19635
data/raw/Padded_imgs/SLICY/HB19636.JPG,15,SLICY,HB19636
data/raw/Padded_imgs/SLICY/HB19637.JPG,15,SLICY,HB19637
data/raw/Padded_imgs/SLICY/HB19638.JPG,15,SLICY,HB19638
data/raw/Padded_imgs/SLICY/HB19641.JPG,15,SLICY,HB19641
data/raw/Padded_imgs/SLICY/HB19642.JPG,15,SLICY,HB19642
data/raw/Padded_imgs/SLICY/HB19646.JPG,15,SLICY,HB19646
data/raw/Padded_imgs/SLICY/HB19647.JPG,15,SLICY,HB19647
data/raw/Padded_imgs/SLICY/HB19649.JPG,15,SLICY,HB19649
data/raw/Padded_imgs/SLICY/HB19650.JPG,15,SLICY,HB19650
data/raw/Padded_imgs/SLICY/HB19651.JPG,15,SLICY,HB19651
data/raw/Padded_imgs/SLICY/HB19657.JPG,15,SLICY,HB19657
data/raw/Padded_imgs/SLICY/HB19658.JPG,15,SLICY,HB19658
data/raw/Padded_imgs/SLICY/HB19659.JPG,15,SLICY,HB19659
data/raw/Padded_imgs/SLICY/HB19661.JPG,15,SLICY,HB19661
data/raw/Padded_imgs/SLICY/HB19667.JPG,15,SLICY,HB19667
data/raw/Padded_imgs/SLICY/HB19671.JPG,15,SLICY,HB19671
data/raw/Padded_imgs/SLICY/HB19673.JPG,15,SLICY,HB19673
data/raw/Padded_imgs/SLICY/HB19676.JPG,15,SLICY,HB19676
data/raw/Padded_imgs/SLICY/HB19677.JPG,15,SLICY,HB19677
data/raw/Padded_imgs/SLICY/HB19678.JPG,15,SLICY,HB19678
data/raw/Padded_imgs/SLICY/HB19679.JPG,15,SLICY,HB19679
data/raw/Padded_imgs/SLICY/HB19684.JPG,15,SLICY,HB19684
data/raw/Padded_imgs/SLICY/HB19686.JPG,15,SLICY,HB19686
data/raw/Padded_imgs/SLICY/HB19687.JPG,15,SLICY,HB19687
data/raw/Padded_imgs/SLICY/HB19691.JPG,15,SLICY,HB19691
data/raw/Padded_imgs/SLICY/HB19692.JPG,15,SLICY,HB19692
data/raw/Padded_imgs/SLICY/HB19694.JPG,15,SLICY,HB19694
data/raw/Padded_imgs/SLICY/HB19697.JPG,15,SLICY,HB19697
data/raw/Padded_imgs/SLICY/HB19700.JPG,15,SLICY,HB19700
data/raw/Padded_imgs/SLICY/HB19703.JPG,15,SLICY,HB19703
data/raw/Padded_imgs/SLICY/HB19705.JPG,15,SLICY,HB19705
data/raw/Padded_imgs/SLICY/HB19709.JPG,15,SLICY,HB19709
data/raw/Padded_imgs/SLICY/HB19711.JPG,15,SLICY,HB19711
data/raw/Padded_imgs/SLICY/HB19712.JPG,15,SLICY,HB19712
data/raw/Padded_imgs/SLICY/HB19714.JPG,15,SLICY,HB19714
data/raw/Padded_imgs/SLICY/HB19716.JPG,15,SLICY,HB19716
data/raw/Padded_imgs/SLICY/HB19718.JPG,15,SLICY,HB19718
data/raw/Padded_imgs/SLICY/HB19719.JPG,15,SLICY,HB19719
data/raw/Padded_imgs/SLICY/HB19721.JPG,15,SLICY,HB19721
data/raw/Padded_imgs/SLICY/HB19723.JPG,15,SLICY,HB19723
data/raw/Padded_imgs/SLICY/HB19725.JPG,15,SLICY,HB19725
data/raw/Padded_imgs/SLICY/HB19736.JPG,15,SLICY,HB19736
data/raw/Padded_imgs/SLICY/HB19737.JPG,15,SLICY,HB19737
data/raw/Padded_imgs/SLICY/HB19739.JPG,15,SLICY,HB19739
data/raw/Padded_imgs/SLICY/HB19740.JPG,15,SLICY,HB19740
data/raw/Padded_imgs/SLICY/HB19744.JPG,15,SLICY,HB19744
data/raw/Padded_imgs/SLICY/HB19745.JPG,15,SLICY,HB19745
data/raw/Padded_imgs/SLICY/HB19748.JPG,15,SLICY,HB19748
data/raw/Padded_imgs/SLICY/HB19749.JPG,15,SLICY,HB19749
data/raw/Padded_imgs/SLICY/HB19750.JPG,15,SLICY,HB19750
data/raw/Padded_imgs/SLICY/HB19759.JPG,15,SLICY,HB19759
data/raw/Padded_imgs/SLICY/HB19766.JPG,15,SLICY,HB19766
data/raw/Padded_imgs/SLICY/HB19769.JPG,15,SLICY,HB19769
data/raw/Padded_imgs/SLICY/HB19770.JPG,15,SLICY,HB19770
data/raw/Padded_imgs/SLICY/HB19772.JPG,15,SLICY,HB19772
data/raw/Padded_imgs/SLICY/HB19777.JPG,15,SLICY,HB19777
data/raw/Padded_imgs/SLICY/HB19779.JPG,15,SLICY,HB19779
data/raw/Padded_imgs/SLICY/HB19780.JPG,15,SLICY,HB19780
data/raw/Padded_imgs/SLICY/HB19782.JPG,15,SLICY,HB19782
data/raw/Padded_imgs/SLICY/HB19783.JPG,15,SLICY,HB19783
data/raw/Padded_imgs/SLICY/HB19786.JPG,15,SLICY,HB19786
data/raw/Padded_imgs/SLICY/HB19787.JPG,15,SLICY,HB19787
data/raw/Padded_imgs/SLICY/HB19788.JPG,15,SLICY,HB19788
data/raw/Padded_imgs/SLICY/HB19789.JPG,15,SLICY,HB19789
data/raw/Padded_imgs/SLICY/HB19790.JPG,15,SLICY,HB19790
data/raw/Padded_imgs/SLICY/HB19792.JPG,15,SLICY,HB19792
data/raw/Padded_imgs/SLICY/HB19794.JPG,15,SLICY,HB19794
data/raw/Padded_imgs/SLICY/HB19795.JPG,15,SLICY,HB19795
data/raw/Padded_imgs/SLICY/HB19797.JPG,15,SLICY,HB19797
data/raw/Padded_imgs/SLICY/HB19798.JPG,15,SLICY,HB19798
data/raw/Padded_imgs/SLICY/HB19799.JPG,15,SLICY,HB19799
data/raw/Padded_imgs/SLICY/HB19801.JPG,15,SLICY,HB19801
data/raw/Padded_imgs/SLICY/HB19803.JPG,15,SLICY,HB19803
data/raw/Padded_imgs/SLICY/HB19808.JPG,15,SLICY,HB19808
data/raw/Padded_imgs/SLICY/HB19810.JPG,15,SLICY,HB19810
data/raw/Padded_imgs/SLICY/HB19814.JPG,15,SLICY,HB19814
data/raw/Padded_imgs/SLICY/HB19818.JPG,15,SLICY,HB19818
data/raw/Padded_imgs/SLICY/HB19825.JPG,15,SLICY,HB19825
data/raw/Padded_imgs/SLICY/HB19827.JPG,15,SLICY,HB19827
data/raw/Padded_imgs/SLICY/HB19829.JPG,15,SLICY,HB19829
data/raw/Padded_imgs/SLICY/HB19830.JPG,15,SLICY,HB19830
data/raw/Padded_imgs/SLICY/HB19833.JPG,15,SLICY,HB19833
data/raw/Padded_imgs/SLICY/HB19834.JPG,15,SLICY,HB19834
data/raw/Padded_imgs/SLICY/HB19836.JPG,15,SLICY,HB19836
data/raw/Padded_imgs/SLICY/HB19842.JPG,15,SLICY,HB19842
data/raw/Padded_imgs/SLICY/HB19844.JPG,15,SLICY,HB19844
data/raw/Padded_imgs/SLICY/HB19853.JPG,15,SLICY,HB19853
data/raw/Padded_imgs/SLICY/HB19856.JPG,15,SLICY,HB19856
data/raw/Padded_imgs/SLICY/HB19860.JPG,15,SLICY,HB19860
data/raw/Padded_imgs/SLICY/HB19861.JPG,15,SLICY,HB19861
data/raw/Padded_imgs/SLICY/HB19864.JPG,15,SLICY,HB19864
data/raw/Padded_imgs/SLICY/HB19865.JPG,15,SLICY,HB19865
data/raw/Padded_imgs/SLICY/HB19869.JPG,15,SLICY,HB19869
data/raw/Padded_imgs/SLICY/HB19871.JPG,15,SLICY,HB19871
data/raw/Padded_imgs/SLICY/HB19872.JPG,15,SLICY,HB19872
data/raw/Padded_imgs/SLICY/HB19874.JPG,15,SLICY,HB19874
data/raw/Padded_imgs/SLICY/HB19875.JPG,15,SLICY,HB19875
data/raw/Padded_imgs/SLICY/HB19879.JPG,15,SLICY,HB19879
data/raw/Padded_imgs/SLICY/HB19880.JPG,15,SLICY,HB19880
data/raw/Padded_imgs/SLICY/HB19881.JPG,15,SLICY,HB19881
data/raw/Padded_imgs/SLICY/HB19882.JPG,15,SLICY,HB19882
data/raw/Padded_imgs/SLICY/HB19883.JPG,15,SLICY,HB19883
data/raw/Padded_imgs/SLICY/HB19884.JPG,15,SLICY,HB19884
data/raw/Padded_imgs/SLICY/HB19885.JPG,15,SLICY,HB19885
data/raw/Padded_imgs/SLICY/HB19887.JPG,15,SLICY,HB19887
data/raw/Padded_imgs/SLICY/HB19889.JPG,15,SLICY,HB19889
data/raw/Padded_imgs/SLICY/HB19891.JPG,15,SLICY,HB19891
data/raw/Padded_imgs/SLICY/HB19892.JPG,15,SLICY,HB19892
data/raw/Padded_imgs/SLICY/HB19894.JPG,15,SLICY,HB19894
data/raw/Padded_imgs/SLICY/HB19895.JPG,15,SLICY,HB19895
data/raw/Padded_imgs/SLICY/HB19897.JPG,15,SLICY,HB19897
data/raw/Padded_imgs/SLICY/HB19898.JPG,15,SLICY,HB19898
data/raw/Padded_imgs/SLICY/HB19902.JPG,15,SLICY,HB19902
data/raw/Padded_imgs/SLICY/HB19906.JPG,15,SLICY,HB19906
data/raw/Padded_imgs/SLICY/HB19907.JPG,15,SLICY,HB19907
data/raw/Padded_imgs/SLICY/HB19908.JPG,15,SLICY,HB19908
data/raw/Padded_imgs/SLICY/HB19909.JPG,15,SLICY,HB19909
data/raw/Padded_imgs/SLICY/HB19910.JPG,15,SLICY,HB19910
data/raw/Padded_imgs/SLICY/HB19911.JPG,15,SLICY,HB19911
data/raw/Padded_imgs/SLICY/HB19912.JPG,15,SLICY,HB19912
data/raw/Padded_imgs/SLICY/HB19914.JPG,15,SLICY,HB19914
data/raw/Padded_imgs/SLICY/HB19915.JPG,15,SLICY,HB19915
data/raw/Padded_imgs/SLICY/HB19916.JPG,15,SLICY,HB19916
data/raw/Padded_imgs/SLICY/HB19918.JPG,15,SLICY,HB19918
data/raw/Padded_imgs/SLICY/HB19919.JPG,15,SLICY,HB19919
data/raw/Padded_imgs/SLICY/HB19923.JPG,15,SLICY,HB19923
data/raw/Padded_imgs/SLICY/HB19925.JPG,15,SLICY,HB19925
data/raw/Padded_imgs/SLICY/HB19927.JPG,15,SLICY,HB19927
data/raw/Padded_imgs/SLICY/HB19928.JPG,15,SLICY,HB19928
data/raw/Padded_imgs/SLICY/HB19929.JPG,15,SLICY,HB19929
data/raw/Padded_imgs/SLICY/HB19930.JPG,15,SLICY,HB19930
data/raw/Padded_imgs/SLICY/HB19932.JPG,15,SLICY,HB19932
data/raw/Padded_imgs/SLICY/HB19933.JPG,15,SLICY,HB19933
data/raw/Padded_imgs/SLICY/HB19934.JPG,15,SLICY,HB19934
data/raw/Padded_imgs/SLICY/HB19936.JPG,15,SLICY,HB19936
data/raw/Padded_imgs/SLICY/HB19938.JPG,15,SLICY,HB19938
data/raw/Padded_imgs/SLICY/HB19943.JPG,15,SLICY,HB19943
data/raw/Padded_imgs/SLICY/HB19944.JPG,15,SLICY,HB19944
data/raw/Padded_imgs/SLICY/HB19945.JPG,15,SLICY,HB19945
data/raw/Padded_imgs/SLICY/HB19947.JPG,15,SLICY,HB19947
data/raw/Padded_imgs/SLICY/HB19949.JPG,15,SLICY,HB19949
data/raw/Padded_imgs/SLICY/HB19951.JPG,15,SLICY,HB19951
data/raw/Padded_imgs/SLICY/HB19952.JPG,15,SLICY,HB19952
data/raw/Padded_imgs/SLICY/HB19955.JPG,15,SLICY,HB19955
data/raw/Padded_imgs/SLICY/HB19957.JPG,15,SLICY,HB19957
data/raw/Padded_imgs/SLICY/HB19958.JPG,15,SLICY,HB19958
data/raw/Padded_imgs/SLICY/HB19959.JPG,15,SLICY,HB19959
data/raw/Padded_imgs/SLICY/HB19960.JPG,15,SLICY,HB19960
data/raw/Padded_imgs/SLICY/HB19962.JPG,15,SLICY,HB19962
data/raw/Padded_imgs/SLICY/HB19963.JPG,15,SLICY,HB19963
data/raw/Padded_imgs/SLICY/HB19964.JPG,15,SLICY,HB19964
data/raw/Padded_imgs/SLICY/HB19967.JPG,15,SLICY,HB19967
data/raw/Padded_imgs/SLICY/HB19971.JPG,15,SLICY,HB19971
data/raw/Padded_imgs/SLICY/HB19972.JPG,15,SLICY,HB19972
data/raw/Padded_imgs/SLICY/HB19975.JPG,15,SLICY,HB19975
data/raw/Padded_imgs/SLICY/HB19976.JPG,15,SLICY,HB19976
data/raw/Padded_imgs/SLICY/HB19977.JPG,15,SLICY,HB19977
data/raw/Padded_imgs/SLICY/HB19982.JPG,15,SLICY,HB19982
data/raw/Padded_imgs/SLICY/HB19984.JPG,15,SLICY,HB19984
data/raw/Padded_imgs/SLICY/HB19987.JPG,15,SLICY,HB19987
data/raw/Padded_imgs/SLICY/HB19988.JPG,15,SLICY,HB19988
data/raw/Padded_imgs/SLICY/HB19990.JPG,15,SLICY,HB19990
data/raw/Padded_imgs/SLICY/HB19994.JPG,15,SLICY,HB19994
data/raw/Padded_imgs/SLICY/HB19995.JPG,15,SLICY,HB19995
data/raw/Padded_imgs/SLICY/HB19997.JPG,15,SLICY,HB19997
data/raw/Padded_imgs/SLICY/HB19998.JPG,15,SLICY,HB19998
data/raw/Padded_imgs/SLICY/HB20000.JPG,15,SLICY,HB20000
data/raw/Padded_imgs/SLICY/HB20001.JPG,15,SLICY,HB20001
data/raw/Padded_imgs/SLICY/HB20002.JPG,15,SLICY,HB20002
data/raw/Padded_imgs/SLICY/HB20007.JPG,15,SLICY,HB20007
data/raw/Padded_imgs/SLICY/HB20008.JPG,15,SLICY,HB20008
data/raw/Padded_imgs/SLICY/HB20009.JPG,15,SLICY,HB20009
data/raw/Padded_imgs/SLICY/HB20012.JPG,15,SLICY,HB20012
data/raw/Padded_imgs/T62/HB14931 (copy).JPG,15,T62,HB14931 (copy)
data/raw/Padded_imgs/T62/HB14931.JPG,15,T62,HB14931
data/raw/Padded_imgs/T62/HB14932 (copy).JPG,15,T62,HB14932 (copy)
data/raw/Padded_imgs/T62/HB14932.JPG,15,T62,HB14932
data/raw/Padded_imgs/T62/HB14933 (copy).JPG,15,T62,HB14933 (copy)
data/raw/Padded_imgs/T62/HB14933.JPG,15,T62,HB14933
data/raw/Padded_imgs/T62/HB14934 (copy).JPG,15,T62,HB14934 (copy)
data/raw/Padded_imgs/T62/HB14934.JPG,15,T62,HB14934
data/raw/Padded_imgs/T62/HB14935 (copy).JPG,15,T62,HB14935 (copy)
data/raw/Padded_imgs/T62/HB14935.JPG,15,T62,HB14935
data/raw/Padded_imgs/T62/HB14936 (copy).JPG,15,T62,HB14936 (copy)
data/raw/Padded_imgs/T62/HB14936.JPG,15,T62,HB14936
data/raw/Padded_imgs/T62/HB14937 (copy).JPG,15,T62,HB14937 (copy)
data/raw/Padded_imgs/T62/HB14937.JPG,15,T62,HB14937
data/raw/Padded_imgs/T62/HB14938 (copy).JPG,15,T62,HB14938 (copy)
data/raw/Padded_imgs/T62/HB14938.JPG,15,T62,HB14938
data/raw/Padded_imgs/T62/HB14939 (copy).JPG,15,T62,HB14939 (copy)
data/raw/Padded_imgs/T62/HB14939.JPG,15,T62,HB14939
data/raw/Padded_imgs/T62/HB14940 (copy).JPG,15,T62,HB14940 (copy)
data/raw/Padded_imgs/T62/HB14940.JPG,15,T62,HB14940
data/raw/Padded_imgs/T62/HB14941 (copy).JPG,15,T62,HB14941 (copy)
data/raw/Padded_imgs/T62/HB14941.JPG,15,T62,HB14941
data/raw/Padded_imgs/T62/HB14942 (copy).JPG,15,T62,HB14942 (copy)
data/raw/Padded_imgs/T62/HB14942.JPG,15,T62,HB14942
data/raw/Padded_imgs/T62/HB14943 (copy).JPG,15,T62,HB14943 (copy)
data/raw/Padded_imgs/T62/HB14943.JPG,15,T62,HB14943
data/raw/Padded_imgs/T62/HB14944 (copy).JPG,15,T62,HB14944 (copy)
data/raw/Padded_imgs/T62/HB14944.JPG,15,T62,HB14944
data/raw/Padded_imgs/T62/HB14945 (copy).JPG,15,T62,HB14945 (copy)
data/raw/Padded_imgs/T62/HB14945.JPG,15,T62,HB14945
data/raw/Padded_imgs/T62/HB14946 (copy).JPG,15,T62,HB14946 (copy)
data/raw/Padded_imgs/T62/HB14946.JPG,15,T62,HB14946
data/raw/Padded_imgs/T62/HB14947 (copy).JPG,15,T62,HB14947 (copy)
data/raw/Padded_imgs/T62/HB14947.JPG,15,T62,HB14947
data/raw/Padded_imgs/T62/HB14948 (copy).JPG,15,T62,HB14948 (copy)
data/raw/Padded_imgs/T62/HB14948.JPG,15,T62,HB14948
data/raw/Padded_imgs/T62/HB14950 (copy).JPG,15,T62,HB14950 (copy)
data/raw/Padded_imgs/T62/HB14950.JPG,15,T62,HB14950
data/raw/Padded_imgs/T62/HB14951 (copy).JPG,15,T62,HB14951 (copy)
data/raw/Padded_imgs/T62/HB14951.JPG,15,T62,HB14951
data/raw/Padded_imgs/T62/HB14954 (copy).JPG,15,T62,HB14954 (copy)
data/raw/Padded_imgs/T62/HB14954.JPG,15,T62,HB14954
data/raw/Padded_imgs/T62/HB14955 (copy).JPG,15,T62,HB14955 (copy)
data/raw/Padded_imgs/T62/HB14955.JPG,15,T62,HB14955
data/raw/Padded_imgs/T62/HB14956 (copy).JPG,15,T62,HB14956 (copy)
data/raw/Padded_imgs/T62/HB14956.JPG,15,T62,HB14956
data/raw/Padded_imgs/T62/HB14957 (copy).JPG,15,T62,HB14957 (copy)
data/raw/Padded_imgs/T62/HB14957.JPG,15,T62,HB14957
data/raw/Padded_imgs/T62/HB14958 (copy).JPG,15,T62,HB14958 (copy)
data/raw/Padded_imgs/T62/HB14958.JPG,15,T62,HB14958
data/raw/Padded_imgs/T62/HB14959 (copy).JPG,15,T62,HB14959 (copy)
data/raw/Padded_imgs/T62/HB14959.JPG,15,T62,HB14959
data/raw/Padded_imgs/T62/HB14960 (copy).JPG,15,T62,HB14960 (copy)
data/raw/Padded_imgs/T62/HB14960.JPG,15,T62,HB14960
data/raw/Padded_imgs/T62/HB14961 (copy).JPG,15,T62,HB14961 (copy)
data/raw/Padded_imgs/T62/HB14961.JPG,15,T62,HB14961
data/raw/Padded_imgs/T62/HB14962 (copy).JPG,15,T62,HB14962 (copy)
data/raw/Padded_imgs/T62/HB14962.JPG,15,T62,HB14962
data/raw/Padded_imgs/T62/HB14963 (copy).JPG,15,T62,HB14963 (copy)
data/raw/Padded_imgs/T62/HB14963.JPG,15,T62,HB14963
data/raw/Padded_imgs/T62/HB14964 (copy).JPG,15,T62,HB14964 (copy)
data/raw/Padded_imgs/T62/HB14964.JPG,15,T62,HB14964
data/raw/Padded_imgs/T62/HB14965 (copy).JPG,15,T62,HB14965 (copy)
data/raw/Padded_imgs/T62/HB14965.JPG,15,T62,HB14965
data/raw/Padded_imgs/T62/HB14967 (copy).JPG,15,T62,HB14967 (copy)
data/raw/Padded_imgs/T62/HB14967.JPG,15,T62,HB14967
data/raw/Padded_imgs/T62/HB14968 (copy).JPG,15,T62,HB14968 (copy)
data/raw/Padded_imgs/T62/HB14968.JPG,15,T62,HB14968
data/raw/Padded_imgs/T62/HB14969 (copy).JPG,15,T62,HB14969 (copy)
data/raw/Padded_imgs/T62/HB14969.JPG,15,T62,HB14969
data/raw/Padded_imgs/T62/HB14970 (copy).JPG,15,T62,HB14970 (copy)
data/raw/Padded_imgs/T62/HB14970.JPG,15,T62,HB14970
data/raw/Padded_imgs/T62/HB14971 (copy).JPG,15,T62,HB14971 (copy)
data/raw/Padded_imgs/T62/HB14971.JPG,15,T62,HB14971
data/raw/Padded_imgs/T62/HB14972 (copy).JPG,15,T62,HB14972 (copy)
data/raw/Padded_imgs/T62/HB14972.JPG,15,T62,HB14972
data/raw/Padded_imgs/T62/HB14973 (copy).JPG,15,T62,HB14973 (copy)
data/raw/Padded_imgs/T62/HB14973.JPG,15,T62,HB14973
data/raw/Padded_imgs/T62/HB14974 (copy).JPG,15,T62,HB14974 (copy)
data/raw/Padded_imgs/T62/HB14974.JPG,15,T62,HB14974
data/raw/Padded_imgs/T62/HB14975 (copy).JPG,15,T62,HB14975 (copy)
data/raw/Padded_imgs/T62/HB14975.JPG,15,T62,HB14975
data/raw/Padded_imgs/T62/HB14976 (copy).JPG,15,T62,HB14976 (copy)
data/raw/Padded_imgs/T62/HB14976.JPG,15,T62,HB14976
data/raw/Padded_imgs/T62/HB14977 (copy).JPG,15,T62,HB14977 (copy)
data/raw/Padded_imgs/T62/HB14977.JPG,15,T62,HB14977
data/raw/Padded_imgs/T62/HB14978 (copy).JPG,15,T62,HB14978 (copy)
data/raw/Padded_imgs/T62/HB14978.JPG,15,T62,HB14978
data/raw/Padded_imgs/T62/HB14979 (copy).JPG,15,T62,HB14979 (copy)
data/raw/Padded_imgs/T62/HB14979.JPG,15,T62,HB14979
data/raw/Padded_imgs/T62/HB14980 (copy).JPG,15,T62,HB14980 (copy)
data/raw/Padded_imgs/T62/HB14980.JPG,15,T62,HB14980
data/raw/Padded_imgs/T62/HB14981 (copy).JPG,15,T62,HB14981 (copy)
data/raw/Padded_imgs/T62/HB14981.JPG,15,T62,HB14981
data/raw/Padded_imgs/T62/HB14982 (copy).JPG,15,T62,HB14982 (copy)
data/raw/Padded_imgs/T62/HB14982.JPG,15,T62,HB14982
data/raw/Padded_imgs/T62/HB14983 (copy).JPG,15,T62,HB14983 (copy)
data/raw/Padded_imgs/T62/HB14983.JPG,15,T62,HB14983
data/raw/Padded_imgs/T62/HB14984 (copy).JPG,15,T62,HB14984 (copy)
data/raw/Padded_imgs/T62/HB14984.JPG,15,T62,HB14984
data/raw/Padded_imgs/T62/HB14986 (copy).JPG,15,T62,HB14986 (copy)
data/raw/Padded_imgs/T62/HB14986.JPG,15,T62,HB14986
data/raw/Padded_imgs/T62/HB14987 (copy).JPG,15,T62,HB14987 (copy)
data/raw/Padded_imgs/T62/HB14987.JPG,15,T62,HB14987
data/raw/Padded_imgs/T62/HB14990 (copy).JPG,15,T62,HB14990 (copy)
data/raw/Padded_imgs/T62/HB14990.JPG,15,T62,HB14990
data/raw/Padded_imgs/T62/HB14991 (copy).JPG,15,T62,HB14991 (copy)
data/raw/Padded_imgs/T62/HB14991.JPG,15,T62,HB14991
data/raw/Padded_imgs/T62/HB14992 (copy).JPG,15,T62,HB14992 (copy)
data/raw/Padded_imgs/T62/HB14992.JPG,15,T62,HB14992
data/raw/Padded_imgs/T62/HB14993 (copy).JPG,15,T62,HB14993 (copy)
data/raw/Padded_imgs/T62/HB14993.JPG,15,T62,HB14993
data/raw/Padded_imgs/T62/HB14994 (copy).JPG,15,T62,HB14994 (copy)
data/raw/Padded_imgs/T62/HB14994.JPG,15,T62,HB14994
data/raw/Padded_imgs/T62/HB14995 (copy).JPG,15,T62,HB14995 (copy)
data/raw/Padded_imgs/T62/HB14995.JPG,15,T62,HB14995
data/raw/Padded_imgs/T62/HB14997 (copy).JPG,15,T62,HB14997 (copy)
data/raw/Padded_imgs/T62/HB14997.JPG,15,T62,HB14997
data/raw/Padded_imgs/T62/HB14998 (copy).JPG,15,T62,HB14998 (copy)
data/raw/Padded_imgs/T62/HB14998.JPG,15,T62,HB14998
data/raw/Padded_imgs/T62/HB14999 (copy).JPG,15,T62,HB14999 (copy)
data/raw/Padded_imgs/T62/HB14999.JPG,15,T62,HB14999
data/raw/Padded_imgs/T62/HB15000 (copy).JPG,15,T62,HB15000 (copy)
data/raw/Padded_imgs/T62/HB15000.JPG,15,T62,HB15000
data/raw/Padded_imgs/T62/HB15001 (copy).JPG,15,T62,HB15001 (copy)
data/raw/Padded_imgs/T62/HB15001.JPG,15,T62,HB15001
data/raw/Padded_imgs/T62/HB15002 (copy).JPG,15,T62,HB15002 (copy)
data/raw/Padded_imgs/T62/HB15002.JPG,15,T62,HB15002
data/raw/Padded_imgs/T62/HB15003 (copy).JPG,15,T62,HB15003 (copy)
data/raw/Padded_imgs/T62/HB15003.JPG,15,T62,HB15003
data/raw/Padded_imgs/T62/HB15004 (copy).JPG,15,T62,HB15004 (copy)
data/raw/Padded_imgs/T62/HB15004.JPG,15,T62,HB15004
data/raw/Padded_imgs/T62/HB15005 (copy).JPG,15,T62,HB15005 (copy)
data/raw/Padded_imgs/T62/HB15005.JPG,15,T62,HB15005
data/raw/Padded_imgs/T62/HB15006 (copy).JPG,15,T62,HB15006 (copy)
data/raw/Padded_imgs/T62/HB15006.JPG,15,T62,HB15006
data/raw/Padded_imgs/T62/HB15008 (copy).JPG,15,T62,HB15008 (copy)
data/raw/Padded_imgs/T62/HB15008.JPG,15,T62,HB15008
data/raw/Padded_imgs/T62/HB15009 (copy).JPG,15,T62,HB15009 (copy)
data/raw/Padded_imgs/T62/HB15009.JPG,15,T62,HB15009
data/raw/Padded_imgs/T62/HB15010 (copy).JPG,15,T62,HB15010 (copy)
data/raw/Padded_imgs/T62/HB15010.JPG,15,T62,HB15010
data/raw/Padded_imgs/T62/HB15011 (copy).JPG,15,T62,HB15011 (copy)
data/raw/Padded_imgs/T62/HB15011.JPG,15,T62,HB15011
data/raw/Padded_imgs/T62/HB15012 (copy).JPG,15,T62,HB15012 (copy)
data/raw/Padded_imgs/T62/HB15012.JPG,15,T62,HB15012
data/raw/Padded_imgs/T62/HB15013 (copy).JPG,15,T62,HB15013 (copy)
data/raw/Padded_imgs/T62/HB15013.JPG,15,T62,HB15013
data/raw/Padded_imgs/T62/HB15014 (copy).JPG,15,T62,HB15014 (copy)
data/raw/Padded_imgs/T62/HB15014.JPG,15,T62,HB15014
data/raw/Padded_imgs/T62/HB15015 (copy).JPG,15,T62,HB15015 (copy)
data/raw/Padded_imgs/T62/HB15015.JPG,15,T62,HB15015
data/raw/Padded_imgs/T62/HB15016 (copy).JPG,15,T62,HB15016 (copy)
data/raw/Padded_imgs/T62/HB15016.JPG,15,T62,HB15016
data/raw/Padded_imgs/T62/HB15017 (copy).JPG,17,T62,HB15017 (copy)
data/raw/Padded_imgs/T62/HB15017.JPG,17,T62,HB15017
data/raw/Padded_imgs/T62/HB15018 (copy).JPG,15,T62,HB15018 (copy)
data/raw/Padded_imgs/T62/HB15018.JPG,15,T62,HB15018
data/raw/Padded_imgs/T62/HB15019 (copy).JPG,15,T62,HB15019 (copy)
data/raw/Padded_imgs/T62/HB15019.JPG,15,T62,HB15019
data/raw/Padded_imgs/T62/HB15020 (copy).JPG,15,T62,HB15020 (copy)
data/raw/Padded_imgs/T62/HB15020.JPG,15,T62,HB15020
data/raw/Padded_imgs/T62/HB15021 (copy).JPG,15,T62,HB15021 (copy)
data/raw/Padded_imgs/T62/HB15021.JPG,15,T62,HB15021
data/raw/Padded_imgs/T62/HB15022 (copy).JPG,15,T62,HB15022 (copy)
data/raw/Padded_imgs/T62/HB15022.JPG,15,T62,HB15022
data/raw/Padded_imgs/T62/HB15025 (copy).JPG,15,T62,HB15025 (copy)
data/raw/Padded_imgs/T62/HB15025.JPG,15,T62,HB15025
data/raw/Padded_imgs/T62/HB15026 (copy).JPG,15,T62,HB15026 (copy)
data/raw/Padded_imgs/T62/HB15026.JPG,15,T62,HB15026
data/raw/Padded_imgs/T62/HB15027 (copy).JPG,15,T62,HB15027 (copy)
data/raw/Padded_imgs/T62/HB15027.JPG,15,T62,HB15027
data/raw/Padded_imgs/T62/HB15028 (copy).JPG,15,T62,HB15028 (copy)
data/raw/Padded_imgs/T62/HB15028.JPG,15,T62,HB15028
data/raw/Padded_imgs/T62/HB15029 (copy).JPG,15,T62,HB15029 (copy)
data/raw/Padded_imgs/T62/HB15029.JPG,15,T62,HB15029
data/raw/Padded_imgs/T62/HB15030 (copy).JPG,15,T62,HB15030 (copy)
data/raw/Padded_imgs/T62/HB15030.JPG,15,T62,HB15030
data/raw/Padded_imgs/T62/HB15031 (copy).JPG,15,T62,HB15031 (copy)
data/raw/Padded_imgs/T62/HB15031.JPG,15,T62,HB15031
data/raw/Padded_imgs/T62/HB15032 (copy).JPG,15,T62,HB15032 (copy)
data/raw/Padded_imgs/T62/HB15032.JPG,15,T62,HB15032
data/raw/Padded_imgs/T62/HB15033 (copy).JPG,15,T62,HB15033 (copy)
data/raw/Padded_imgs/T62/HB15033.JPG,15,T62,HB15033
data/raw/Padded_imgs/T62/HB15034 (copy).JPG,15,T62,HB15034 (copy)
data/raw/Padded_imgs/T62/HB15034.JPG,15,T62,HB15034
data/raw/Padded_imgs/T62/HB15036 (copy).JPG,15,T62,HB15036 (copy)
data/raw/Padded_imgs/T62/HB15036.JPG,15,T62,HB15036
data/raw/Padded_imgs/T62/HB15037 (copy).JPG,15,T62,HB15037 (copy)
data/raw/Padded_imgs/T62/HB15037.JPG,15,T62,HB15037
data/raw/Padded_imgs/T62/HB15038 (copy).JPG,15,T62,HB15038 (copy)
data/raw/Padded_imgs/T62/HB15038.JPG,15,T62,HB15038
data/raw/Padded_imgs/T62/HB15039 (copy).JPG,15,T62,HB15039 (copy)
data/raw/Padded_imgs/T62/HB15039.JPG,15,T62,HB15039
data/raw/Padded_imgs/T62/HB15041 (copy).JPG,15,T62,HB15041 (copy)
data/raw/Padded_imgs/T62/HB15041.JPG,15,T62,HB15041
data/raw/Padded_imgs/T62/HB15042 (copy).JPG,15,T62,HB15042 (copy)
data/raw/Padded_imgs/T62/HB15042.JPG,15,T62,HB15042
data/raw/Padded_imgs/T62/HB15043 (copy).JPG,15,T62,HB15043 (copy)
data/raw/Padded_imgs/T62/HB15043.JPG,15,T62,HB15043
data/raw/Padded_imgs/T62/HB15044 (copy).JPG,15,T62,HB15044 (copy)
data/raw/Padded_imgs/T62/HB15044.JPG,15,T62,HB15044
data/raw/Padded_imgs/T62/HB15045 (copy).JPG,15,T62,HB15045 (copy)
data/raw/Padded_imgs/T62/HB15045.JPG,15,T62,HB15045
data/raw/Padded_imgs/T62/HB15046 (copy).JPG,15,T62,HB15046 (copy)
data/raw/Padded_imgs/T62/HB15046.JPG,15,T62,HB15046
data/raw/Padded_imgs/T62/HB15047 (copy).JPG,15,T62,HB15047 (copy)
data/raw/Padded_imgs/T62/HB15047.JPG,15,T62,HB15047
data/raw/Padded_imgs/T62/HB15048 (copy).JPG,15,T62,HB15048 (copy)
data/raw/Padded_imgs/T62/HB15048.JPG,15,T62,HB15048
data/raw/Padded_imgs/T62/HB15049 (copy).JPG,15,T62,HB15049 (copy)
data/raw/Padded_imgs/T62/HB15049.JPG,15,T62,HB15049
data/raw/Padded_imgs/T62/HB15050 (copy).JPG,15,T62,HB15050 (copy)
data/raw/Padded_imgs/T62/HB15050.JPG,15,T62,HB15050
data/raw/Padded_imgs/T62/HB15051 (copy).JPG,15,T62,HB15051 (copy)
data/raw/Padded_imgs/T62/HB15051.JPG,15,T62,HB15051
data/raw/Padded_imgs/T62/HB15052 (copy).JPG,15,T62,HB15052 (copy)
data/raw/Padded_imgs/T62/HB15052.JPG,15,T62,HB15052
data/raw/Padded_imgs/T62/HB15054 (copy).JPG,15,T62,HB15054 (copy)
data/raw/Padded_imgs/T62/HB15054.JPG,15,T62,HB15054
data/raw/Padded_imgs/T62/HB15055 (copy).JPG,15,T62,HB15055 (copy)
data/raw/Padded_imgs/T62/HB15055.JPG,15,T62,HB15055
data/raw/Padded_imgs/T62/HB15056 (copy).JPG,15,T62,HB15056 (copy)
data/raw/Padded_imgs/T62/HB15056.JPG,15,T62,HB15056
data/raw/Padded_imgs/T62/HB15057 (copy).JPG,15,T62,HB15057 (copy)
data/raw/Padded_imgs/T62/HB15057.JPG,15,T62,HB15057
data/raw/Padded_imgs/T62/HB15060 (copy).JPG,15,T62,HB15060 (copy)
data/raw/Padded_imgs/T62/HB15060.JPG,15,T62,HB15060
data/raw/Padded_imgs/T62/HB15062 (copy).JPG,15,T62,HB15062 (copy)
data/raw/Padded_imgs/T62/HB15062.JPG,15,T62,HB15062
data/raw/Padded_imgs/T62/HB15063 (copy).JPG,15,T62,HB15063 (copy)
data/raw/Padded_imgs/T62/HB15063.JPG,15,T62,HB15063
data/raw/Padded_imgs/T62/HB15064 (copy).JPG,15,T62,HB15064 (copy)
data/raw/Padded_imgs/T62/HB15064.JPG,15,T62,HB15064
data/raw/Padded_imgs/T62/HB15065 (copy).JPG,15,T62,HB15065 (copy)
data/raw/Padded_imgs/T62/HB15065.JPG,15,T62,HB15065
data/raw/Padded_imgs/T62/HB15066 (copy).JPG,15,T62,HB15066 (copy)
data/raw/Padded_imgs/T62/HB15066.JPG,15,T62,HB15066
data/raw/Padded_imgs/T62/HB15067 (copy).JPG,15,T62,HB15067 (copy)
data/raw/Padded_imgs/T62/HB15067.JPG,15,T62,HB15067
data/raw/Padded_imgs/T62/HB15068 (copy).JPG,15,T62,HB15068 (copy)
data/raw/Padded_imgs/T62/HB15068.JPG,15,T62,HB15068
data/raw/Padded_imgs/T62/HB15069 (copy).JPG,15,T62,HB15069 (copy)
data/raw/Padded_imgs/T62/HB15069.JPG,15,T62,HB15069
data/raw/Padded_imgs/T62/HB15070 (copy).JPG,15,T62,HB15070 (copy)
data/raw/Padded_imgs/T62/HB15070.JPG,15,T62,HB15070
data/raw/Padded_imgs/T62/HB15072 (copy).JPG,15,T62,HB15072 (copy)
data/raw/Padded_imgs/T62/HB15072.JPG,15,T62,HB15072
data/raw/Padded_imgs/T62/HB15073 (copy).JPG,15,T62,HB15073 (copy)
data/raw/Padded_imgs/T62/HB15073.JPG,15,T62,HB15073
data/raw/Padded_imgs/T62/HB15074 (copy).JPG,15,T62,HB15074 (copy)
data/raw/Padded_imgs/T62/HB15074.JPG,15,T62,HB15074
data/raw/Padded_imgs/T62/HB15075 (copy).JPG,15,T62,HB15075 (copy)
data/raw/Padded_imgs/T62/HB15075.JPG,15,T62,HB15075
data/raw/Padded_imgs/T62/HB15076 (copy).JPG,15,T62,HB15076 (copy)
data/raw/Padded_imgs/T62/HB15076.JPG,15,T62,HB15076
data/raw/Padded_imgs/T62/HB15077 (copy).JPG,15,T62,HB15077 (copy)
data/raw/Padded_imgs/T62/HB15077.JPG,15,T62,HB15077
data/raw/Padded_imgs/T62/HB15078 (copy).JPG,15,T62,HB15078 (copy)
data/raw/Padded_imgs/T62/HB15078.JPG,15,T62,HB15078
data/raw/Padded_imgs/T62/HB15079 (copy).JPG,15,T62,HB15079 (copy)
data/raw/Padded_imgs/T62/HB15079.JPG,15,T62,HB15079
data/raw/Padded_imgs/T62/HB15080 (copy).JPG,15,T62,HB15080 (copy)
data/raw/Padded_imgs/T62/HB15080.JPG,15,T62,HB15080
data/raw/Padded_imgs/T62/HB15082 (copy).JPG,15,T62,HB15082 (copy)
data/raw/Padded_imgs/T62/HB15082.JPG,15,T62,HB15082
data/raw/Padded_imgs/T62/HB15083 (copy).JPG,15,T62,HB15083 (copy)
data/raw/Padded_imgs/T62/HB15083.JPG,15,T62,HB15083
data/raw/Padded_imgs/T62/HB15084 (copy).JPG,15,T62,HB15084 (copy)
data/raw/Padded_imgs/T62/HB15084.JPG,15,T62,HB15084
data/raw/Padded_imgs/T62/HB15085 (copy).JPG,15,T62,HB15085 (copy)
data/raw/Padded_imgs/T62/HB15085.JPG,15,T62,HB15085
data/raw/Padded_imgs/T62/HB15086 (copy).JPG,15,T62,HB15086 (copy)
data/raw/Padded_imgs/T62/HB15086.JPG,15,T62,HB15086
data/raw/Padded_imgs/T62/HB15087 (copy).JPG,15,T62,HB15087 (copy)
data/raw/Padded_imgs/T62/HB15087.JPG,15,T62,HB15087
data/raw/Padded_imgs/T62/HB15088 (copy).JPG,15,T62,HB15088 (copy)
data/raw/Padded_imgs/T62/HB15088.JPG,15,T62,HB15088
data/raw/Padded_imgs/T62/HB15090 (copy).JPG,15,T62,HB15090 (copy)
data/raw/Padded_imgs/T62/HB15090.JPG,15,T62,HB15090
data/raw/Padded_imgs/T62/HB15091 (copy).JPG,15,T62,HB15091 (copy)
data/raw/Padded_imgs/T62/HB15091.JPG,15,T62,HB15091
data/raw/Padded_imgs/T62/HB15092 (copy).JPG,15,T62,HB15092 (copy)
data/raw/Padded_imgs/T62/HB15092.JPG,15,T62,HB15092
data/raw/Padded_imgs/T62/HB15096 (copy).JPG,15,T62,HB15096 (copy)
data/raw/Padded_imgs/T62/HB15096.JPG,15,T62,HB15096
data/raw/Padded_imgs/T62/HB15097 (copy).JPG,15,T62,HB15097 (copy)
data/raw/Padded_imgs/T62/HB15097.JPG,15,T62,HB15097
data/raw/Padded_imgs/T62/HB15098 (copy).JPG,15,T62,HB15098 (copy)
data/raw/Padded_imgs/T62/HB15098.JPG,15,T62,HB15098
data/raw/Padded_imgs/T62/HB15100 (copy).JPG,15,T62,HB15100 (copy)
data/raw/Padded_imgs/T62/HB15100.JPG,15,T62,HB15100
data/raw/Padded_imgs/T62/HB15101 (copy).JPG,15,T62,HB15101 (copy)
data/raw/Padded_imgs/T62/HB15101.JPG,15,T62,HB15101
data/raw/Padded_imgs/T62/HB15102 (copy).JPG,15,T62,HB15102 (copy)
data/raw/Padded_imgs/T62/HB15102.JPG,15,T62,HB15102
data/raw/Padded_imgs/T62/HB15103 (copy).JPG,15,T62,HB15103 (copy)
data/raw/Padded_imgs/T62/HB15103.JPG,15,T62,HB15103
data/raw/Padded_imgs/T62/HB15104 (copy).JPG,15,T62,HB15104 (copy)
data/raw/Padded_imgs/T62/HB15104.JPG,15,T62,HB15104
data/raw/Padded_imgs/T62/HB15106 (copy).JPG,15,T62,HB15106 (copy)
data/raw/Padded_imgs/T62/HB15106.JPG,15,T62,HB15106
data/raw/Padded_imgs/T62/HB15108 (copy).JPG,15,T62,HB15108 (copy)
data/raw/Padded_imgs/T62/HB15108.JPG,15,T62,HB15108
data/raw/Padded_imgs/T62/HB15109 (copy).JPG,15,T62,HB15109 (copy)
data/raw/Padded_imgs/T62/HB15109.JPG,15,T62,HB15109
data/raw/Padded_imgs/T62/HB15111 (copy).JPG,15,T62,HB15111 (copy)
data/raw/Padded_imgs/T62/HB15111.JPG,15,T62,HB15111
data/raw/Padded_imgs/T62/HB15112 (copy).JPG,15,T62,HB15112 (copy)
data/raw/Padded_imgs/T62/HB15112.JPG,15,T62,HB15112
data/raw/Padded_imgs/T62/HB15113 (copy).JPG,15,T62,HB15113 (copy)
data/raw/Padded_imgs/T62/HB15113.JPG,15,T62,HB15113
data/raw/Padded_imgs/T62/HB15114 (copy).JPG,15,T62,HB15114 (copy)
data/raw/Padded_imgs/T62/HB15114.JPG,15,T62,HB15114
data/raw/Padded_imgs/T62/HB15115 (copy).JPG,15,T62,HB15115 (copy)
data/raw/Padded_imgs/T62/HB15115.JPG,15,T62,HB15115
data/raw/Padded_imgs/T62/HB15116 (copy).JPG,15,T62,HB15116 (copy)
data/raw/Padded_imgs/T62/HB15116.JPG,15,T62,HB15116
data/raw/Padded_imgs/T62/HB15117 (copy).JPG,17,T62,HB15117 (copy)
data/raw/Padded_imgs/T62/HB15117.JPG,17,T62,HB15117
data/raw/Padded_imgs/T62/HB15118 (copy).JPG,15,T62,HB15118 (copy)
data/raw/Padded_imgs/T62/HB15118.JPG,15,T62,HB15118
data/raw/Padded_imgs/T62/HB15119 (copy).JPG,15,T62,HB15119 (copy)
data/raw/Padded_imgs/T62/HB15119.JPG,15,T62,HB15119
data/raw/Padded_imgs/T62/HB15120 (copy).JPG,15,T62,HB15120 (copy)
data/raw/Padded_imgs/T62/HB15120.JPG,15,T62,HB15120
data/raw/Padded_imgs/T62/HB15121 (copy).JPG,15,T62,HB15121 (copy)
data/raw/Padded_imgs/T62/HB15121.JPG,15,T62,HB15121
data/raw/Padded_imgs/T62/HB15122 (copy).JPG,15,T62,HB15122 (copy)
data/raw/Padded_imgs/T62/HB15122.JPG,15,T62,HB15122
data/raw/Padded_imgs/T62/HB15123 (copy).JPG,15,T62,HB15123 (copy)
data/raw/Padded_imgs/T62/HB15123.JPG,15,T62,HB15123
data/raw/Padded_imgs/T62/HB15124 (copy).JPG,15,T62,HB15124 (copy)
data/raw/Padded_imgs/T62/HB15124.JPG,15,T62,HB15124
data/raw/Padded_imgs/T62/HB15125 (copy).JPG,15,T62,HB15125 (copy)
data/raw/Padded_imgs/T62/HB15125.JPG,15,T62,HB15125
data/raw/Padded_imgs/T62/HB15129 (copy).JPG,15,T62,HB15129 (copy)
data/raw/Padded_imgs/T62/HB15129.JPG,15,T62,HB15129
data/raw/Padded_imgs/T62/HB15130 (copy).JPG,15,T62,HB15130 (copy)
data/raw/Padded_imgs/T62/HB15130.JPG,15,T62,HB15130
data/raw/Padded_imgs/T62/HB15132 (copy).JPG,15,T62,HB15132 (copy)
data/raw/Padded_imgs/T62/HB15132.JPG,15,T62,HB15132
data/raw/Padded_imgs/T62/HB15134 (copy).JPG,15,T62,HB15134 (copy)
data/raw/Padded_imgs/T62/HB15134.JPG,15,T62,HB15134
data/raw/Padded_imgs/T62/HB15135 (copy).JPG,15,T62,HB15135 (copy)
data/raw/Padded_imgs/T62/HB15135.JPG,15,T62,HB15135
data/raw/Padded_imgs/T62/HB15136 (copy).JPG,15,T62,HB15136 (copy)
data/raw/Padded_imgs/T62/HB15136.JPG,15,T62,HB15136
data/raw/Padded_imgs/T62/HB15138 (copy).JPG,15,T62,HB15138 (copy)
data/raw/Padded_imgs/T62/HB15138.JPG,15,T62,HB15138
data/raw/Padded_imgs/T62/HB15139 (copy).JPG,15,T62,HB15139 (copy)
data/raw/Padded_imgs/T62/HB15139.JPG,15,T62,HB15139
data/raw/Padded_imgs/T62/HB15140 (copy).JPG,15,T62,HB15140 (copy)
data/raw/Padded_imgs/T62/HB15140.JPG,15,T62,HB15140
data/raw/Padded_imgs/T62/HB15141 (copy).JPG,15,T62,HB15141 (copy)
data/raw/Padded_imgs/T62/HB15141.JPG,15,T62,HB15141
data/raw/Padded_imgs/T62/HB15142 (copy).JPG,15,T62,HB15142 (copy)
data/raw/Padded_imgs/T62/HB15142.JPG,15,T62,HB15142
data/raw/Padded_imgs/T62/HB15143 (copy).JPG,15,T62,HB15143 (copy)
data/raw/Padded_imgs/T62/HB15143.JPG,15,T62,HB15143
data/raw/Padded_imgs/T62/HB15144 (copy).JPG,15,T62,HB15144 (copy)
data/raw/Padded_imgs/T62/HB15144.JPG,15,T62,HB15144
data/raw/Padded_imgs/T62/HB15145 (copy).JPG,15,T62,HB15145 (copy)
data/raw/Padded_imgs/T62/HB15145.JPG,15,T62,HB15145
data/raw/Padded_imgs/T62/HB15146 (copy).JPG,15,T62,HB15146 (copy)
data/raw/Padded_imgs/T62/HB15146.JPG,15,T62,HB15146
data/raw/Padded_imgs/T62/HB15147 (copy).JPG,15,T62,HB15147 (copy)
data/raw/Padded_imgs/T62/HB15147.JPG,15,T62,HB15147
data/raw/Padded_imgs/T62/HB15148 (copy).JPG,15,T62,HB15148 (copy)
data/raw/Padded_imgs/T62/HB15148.JPG,15,T62,HB15148
data/raw/Padded_imgs/T62/HB15150 (copy).JPG,15,T62,HB15150 (copy)
data/raw/Padded_imgs/T62/HB15150.JPG,15,T62,HB15150
data/raw/Padded_imgs/T62/HB15151 (copy).JPG,15,T62,HB15151 (copy)
data/raw/Padded_imgs/T62/HB15151.JPG,15,T62,HB15151
data/raw/Padded_imgs/T62/HB15152 (copy).JPG,15,T62,HB15152 (copy)
data/raw/Padded_imgs/T62/HB15152.JPG,15,T62,HB15152
data/raw/Padded_imgs/T62/HB15154 (copy).JPG,15,T62,HB15154 (copy)
data/raw/Padded_imgs/T62/HB15154.JPG,15,T62,HB15154
data/raw/Padded_imgs/T62/HB15156 (copy).JPG,15,T62,HB15156 (copy)
data/raw/Padded_imgs/T62/HB15156.JPG,15,T62,HB15156
data/raw/Padded_imgs/T62/HB15157 (copy).JPG,15,T62,HB15157 (copy)
data/raw/Padded_imgs/T62/HB15157.JPG,15,T62,HB15157
data/raw/Padded_imgs/T62/HB15158 (copy).JPG,15,T62,HB15158 (copy)
data/raw/Padded_imgs/T62/HB15158.JPG,15,T62,HB15158
data/raw/Padded_imgs/T62/HB15161 (copy).JPG,15,T62,HB15161 (copy)
data/raw/Padded_imgs/T62/HB15161.JPG,15,T62,HB15161
data/raw/Padded_imgs/T62/HB15162 (copy).JPG,15,T62,HB15162 (copy)
data/raw/Padded_imgs/T62/HB15162.JPG,15,T62,HB15162
data/raw/Padded_imgs/T62/HB15163 (copy).JPG,15,T62,HB15163 (copy)
data/raw/Padded_imgs/T62/HB15163.JPG,15,T62,HB15163
data/raw/Padded_imgs/T62/HB15165 (copy).JPG,15,T62,HB15165 (copy)
data/raw/Padded_imgs/T62/HB15165.JPG,15,T62,HB15165
data/raw/Padded_imgs/T62/HB15166 (copy).JPG,15,T62,HB15166 (copy)
data/raw/Padded_imgs/T62/HB15166.JPG,15,T62,HB15166
data/raw/Padded_imgs/T62/HB15168 (copy).JPG,15,T62,HB15168 (copy)
data/raw/Padded_imgs/T62/HB15168.JPG,15,T62,HB15168
data/raw/Padded_imgs/T62/HB15169 (copy).JPG,15,T62,HB15169 (copy)
data/raw/Padded_imgs/T62/HB15169.JPG,15,T62,HB15169
data/raw/Padded_imgs/T62/HB15175 (copy).JPG,17,T62,HB15175 (copy)
data/raw/Padded_imgs/T62/HB15175.JPG,17,T62,HB15175
data/raw/Padded_imgs/T62/HB15176 (copy).JPG,17,T62,HB15176 (copy)
data/raw/Padded_imgs/T62/HB15176.JPG,17,T62,HB15176
data/raw/Padded_imgs/T62/HB15177 (copy).JPG,17,T62,HB15177 (copy)
data/raw/Padded_imgs/T62/HB15177.JPG,17,T62,HB15177
data/raw/Padded_imgs/T62/HB15178 (copy).JPG,17,T62,HB15178 (copy)
data/raw/Padded_imgs/T62/HB15178.JPG,17,T62,HB15178
data/raw/Padded_imgs/T62/HB15179 (copy).JPG,17,T62,HB15179 (copy)
data/raw/Padded_imgs/T62/HB15179.JPG,17,T62,HB15179
data/raw/Padded_imgs/T62/HB15180 (copy).JPG,15,T62,HB15180 (copy)
data/raw/Padded_imgs/T62/HB15180.JPG,15,T62,HB15180
data/raw/Padded_imgs/T62/HB15181 (copy).JPG,15,T62,HB15181 (copy)
data/raw/Padded_imgs/T62/HB15181.JPG,15,T62,HB15181
data/raw/Padded_imgs/T62/HB15182 (copy).JPG,15,T62,HB15182 (copy)
data/raw/Padded_imgs/T62/HB15182.JPG,15,T62,HB15182
data/raw/Padded_imgs/T62/HB15184 (copy).JPG,15,T62,HB15184 (copy)
data/raw/Padded_imgs/T62/HB15184.JPG,15,T62,HB15184
data/raw/Padded_imgs/T62/HB15185 (copy).JPG,15,T62,HB15185 (copy)
data/raw/Padded_imgs/T62/HB15185.JPG,15,T62,HB15185
data/raw/Padded_imgs/T62/HB15186 (copy).JPG,15,T62,HB15186 (copy)
data/raw/Padded_imgs/T62/HB15186.JPG,15,T62,HB15186
data/raw/Padded_imgs/T62/HB15190 (copy).JPG,15,T62,HB15190 (copy)
data/raw/Padded_imgs/T62/HB15190.JPG,15,T62,HB15190
data/raw/Padded_imgs/T62/HB15191 (copy).JPG,15,T62,HB15191 (copy)
data/raw/Padded_imgs/T62/HB15191.JPG,15,T62,HB15191
data/raw/Padded_imgs/T62/HB15192 (copy).JPG,15,T62,HB15192 (copy)
data/raw/Padded_imgs/T62/HB15192.JPG,15,T62,HB15192
data/raw/Padded_imgs/T62/HB15193 (copy).JPG,15,T62,HB15193 (copy)
data/raw/Padded_imgs/T62/HB15193.JPG,15,T62,HB15193
data/raw/Padded_imgs/T62/HB15194 (copy).JPG,15,T62,HB15194 (copy)
data/raw/Padded_imgs/T62/HB15194.JPG,15,T62,HB15194
data/raw/Padded_imgs/T62/HB15195 (copy).JPG,15,T62,HB15195 (copy)
data/raw/Padded_imgs/T62/HB15195.JPG,15,T62,HB15195
data/raw/Padded_imgs/T62/HB15196 (copy).JPG,15,T62,HB15196 (copy)
data/raw/Padded_imgs/T62/HB15196.JPG,15,T62,HB15196
data/raw/Padded_imgs/T62/HB15197 (copy).JPG,15,T62,HB15197 (copy)
data/raw/Padded_imgs/T62/HB15197.JPG,15,T62,HB15197
data/raw/Padded_imgs/T62/HB15198 (copy).JPG,15,T62,HB15198 (copy)
data/raw/Padded_imgs/T62/HB15198.JPG,15,T62,HB15198
data/raw/Padded_imgs/T62/HB15199 (copy).JPG,15,T62,HB15199 (copy)
data/raw/Padded_imgs/T62/HB15199.JPG,15,T62,HB15199
data/raw/Padded_imgs/T62/HB15201 (copy).JPG,15,T62,HB15201 (copy)
data/raw/Padded_imgs/T62/HB15201.JPG,15,T62,HB15201
data/raw/Padded_imgs/T62/HB15202 (copy).JPG,15,T62,HB15202 (copy)
data/raw/Padded_imgs/T62/HB15202.JPG,15,T62,HB15202
data/raw/Padded_imgs/T62/HB15203 (copy).JPG,15,T62,HB15203 (copy)
data/raw/Padded_imgs/T62/HB15203.JPG,15,T62,HB15203
data/raw/Padded_imgs/T62/HB15206 (copy).JPG,15,T62,HB15206 (copy)
data/raw/Padded_imgs/T62/HB15206.JPG,15,T62,HB15206
data/raw/Padded_imgs/T62/HB15207 (copy).JPG,15,T62,HB15207 (copy)
data/raw/Padded_imgs/T62/HB15207.JPG,15,T62,HB15207
data/raw/Padded_imgs/T62/HB15208 (copy).JPG,15,T62,HB15208 (copy)
data/raw/Padded_imgs/T62/HB15208.JPG,15,T62,HB15208
data/raw/Padded_imgs/T62/HB15209 (copy).JPG,15,T62,HB15209 (copy)
data/raw/Padded_imgs/T62/HB15209.JPG,15,T62,HB15209
data/raw/Padded_imgs/T62/HB15210 (copy).JPG,15,T62,HB15210 (copy)
data/raw/Padded_imgs/T62/HB15210.JPG,15,T62,HB15210
data/raw/Padded_imgs/T62/HB15211 (copy).JPG,15,T62,HB15211 (copy)
data/raw/Padded_imgs/T62/HB15211.JPG,15,T62,HB15211
data/raw/Padded_imgs/T62/HB15212 (copy).JPG,15,T62,HB15212 (copy)
data/raw/Padded_imgs/T62/HB15212.JPG,15,T62,HB15212
data/raw/Padded_imgs/T62/HB15214 (copy).JPG,15,T62,HB15214 (copy)
data/raw/Padded_imgs/T62/HB15214.JPG,15,T62,HB15214
data/raw/Padded_imgs/T62/HB15216 (copy).JPG,15,T62,HB15216 (copy)
data/raw/Padded_imgs/T62/HB15216.JPG,15,T62,HB15216
data/raw/Padded_imgs/T62/HB15217 (copy).JPG,17,T62,HB15217 (copy)
data/raw/Padded_imgs/T62/HB15217.JPG,17,T62,HB15217
data/raw/Padded_imgs/T62/HB15218 (copy).JPG,15,T62,HB15218 (copy)
data/raw/Padded_imgs/T62/HB15218.JPG,15,T62,HB15218
data/raw/Padded_imgs/T62/HB15220 (copy).JPG,15,T62,HB15220 (copy)
data/raw/Padded_imgs/T62/HB15220.JPG,15,T62,HB15220
data/raw/Padded_imgs/T62/HB15221 (copy).JPG,15,T62,HB15221 (copy)
data/raw/Padded_imgs/T62/HB15221.JPG,15,T62,HB15221
data/raw/Padded_imgs/T62/HB15224 (copy).JPG,15,T62,HB15224 (copy)
data/raw/Padded_imgs/T62/HB15224.JPG,15,T62,HB15224
data/raw/Padded_imgs/T62/HB15227 (copy).JPG,15,T62,HB15227 (copy)
data/raw/Padded_imgs/T62/HB15227.JPG,15,T62,HB15227
data/raw/Padded_imgs/T62/HB15229 (copy).JPG,15,T62,HB15229 (copy)
data/raw/Padded_imgs/T62/HB15229.JPG,15,T62,HB15229
data/raw/Padded_imgs/T62/HB15230 (copy).JPG,15,T62,HB15230 (copy)
data/raw/Padded_imgs/T62/HB15230.JPG,15,T62,HB15230
data/raw/Padded_imgs/T62/HB15231 (copy).JPG,15,T62,HB15231 (copy)
data/raw/Padded_imgs/T62/HB15231.JPG,15,T62,HB15231
data/raw/Padded_imgs/T62/HB15232 (copy).JPG,15,T62,HB15232 (copy)
data/raw/Padded_imgs/T62/HB15232.JPG,15,T62,HB15232
data/raw/Padded_imgs/T62/HB15233 (copy).JPG,15,T62,HB15233 (copy)
data/raw/Padded_imgs/T62/HB15233.JPG,15,T62,HB15233
data/raw/Padded_imgs/T62/HB15235 (copy).JPG,15,T62,HB15235 (copy)
data/raw/Padded_imgs/T62/HB15235.JPG,15,T62,HB15235
data/raw/Padded_imgs/T62/HB15236 (copy).JPG,15,T62,HB15236 (copy)
data/raw/Padded_imgs/T62/HB15236.JPG,15,T62,HB15236
data/raw/Padded_imgs/T62/HB15237 (copy).JPG,15,T62,HB15237 (copy)
data/raw/Padded_imgs/T62/HB15237.JPG,15,T62,HB15237
data/raw/Padded_imgs/T62/HB15238 (copy).JPG,15,T62,HB15238 (copy)
data/raw/Padded_imgs/T62/HB15238.JPG,15,T62,HB15238
data/raw/Padded_imgs/T62/HB15239 (copy).JPG,15,T62,HB15239 (copy)
data/raw/Padded_imgs/T62/HB15239.JPG,15,T62,HB15239
data/raw/Padded_imgs/T62/HB15240 (copy).JPG,15,T62,HB15240 (copy)
data/raw/Padded_imgs/T62/HB15240.JPG,15,T62,HB15240
data/raw/Padded_imgs/T62/HB15241 (copy).JPG,15,T62,HB15241 (copy)
data/raw/Padded_imgs/T62/HB15241.JPG,15,T62,HB15241
data/raw/Padded_imgs/T62/HB15242 (copy).JPG,15,T62,HB15242 (copy)
data/raw/Padded_imgs/T62/HB15242.JPG,15,T62,HB15242
data/raw/Padded_imgs/T62/HB15243 (copy).JPG,15,T62,HB15243 (copy)
data/raw/Padded_imgs/T62/HB15243.JPG,15,T62,HB15243
data/raw/Padded_imgs/T62/HB15244 (copy).JPG,15,T62,HB15244 (copy)
data/raw/Padded_imgs/T62/HB15244.JPG,15,T62,HB15244
data/raw/Padded_imgs/T62/HB15245 (copy).JPG,15,T62,HB15245 (copy)
data/raw/Padded_imgs/T62/HB15245.JPG,15,T62,HB15245
data/raw/Padded_imgs/T62/HB15246 (copy).JPG,15,T62,HB15246 (copy)
data/raw/Padded_imgs/T62/HB15246.JPG,15,T62,HB15246
data/raw/Padded_imgs/T62/HB15247 (copy).JPG,15,T62,HB15247 (copy)
data/raw/Padded_imgs/T62/HB15247.JPG,15,T62,HB15247
data/raw/Padded_imgs/T62/HB15248 (copy).JPG,15,T62,HB15248 (copy)
data/raw/Padded_imgs/T62/HB15248.JPG,15,T62,HB15248
data/raw/Padded_imgs/T62/HB15251 (copy).JPG,15,T62,HB15251 (copy)
data/raw/Padded_imgs/T62/HB15251.JPG,15,T62,HB15251
data/raw/Padded_imgs/T62/HB15252 (copy).JPG,15,T62,HB15252 (copy)
data/raw/Padded_imgs/T62/HB15252.JPG,15,T62,HB15252
data/raw/Padded_imgs/T62/HB15254 (copy).JPG,15,T62,HB15254 (copy)
data/raw/Padded_imgs/T62/HB15254.JPG,15,T62,HB15254
data/raw/Padded_imgs/T62/HB15255 (copy).JPG,15,T62,HB15255 (copy)
data/raw/Padded_imgs/T62/HB15255.JPG,15,T62,HB15255
data/raw/Padded_imgs/T62/HB15256 (copy).JPG,15,T62,HB15256 (copy)
data/raw/Padded_imgs/T62/HB15256.JPG,15,T62,HB15256
data/raw/Padded_imgs/T62/HB15257 (copy).JPG,15,T62,HB15257 (copy)
data/raw/Padded_imgs/T62/HB15257.JPG,15,T62,HB15257
data/raw/Padded_imgs/T62/HB15258 (copy).JPG,15,T62,HB15258 (copy)
data/raw/Padded_imgs/T62/HB15258.JPG,15,T62,HB15258
data/raw/Padded_imgs/T62/HB15259 (copy).JPG,15,T62,HB15259 (copy)
data/raw/Padded_imgs/T62/HB15259.JPG,15,T62,HB15259
data/raw/Padded_imgs/T62/HB15260 (copy).JPG,15,T62,HB15260 (copy)
data/raw/Padded_imgs/T62/HB15260.JPG,15,T62,HB15260
data/raw/Padded_imgs/T62/HB15261 (copy).JPG,15,T62,HB15261 (copy)
data/raw/Padded_imgs/T62/HB15261.JPG,15,T62,HB15261
data/raw/Padded_imgs/T62/HB15262 (copy).JPG,15,T62,HB15262 (copy)
data/raw/Padded_imgs/T62/HB15262.JPG,15,T62,HB15262
data/raw/Padded_imgs/T62/HB15263 (copy).JPG,15,T62,HB15263 (copy)
data/raw/Padded_imgs/T62/HB15263.JPG,15,T62,HB15263
data/raw/Padded_imgs/T62/HB15264 (copy).JPG,15,T62,HB15264 (copy)
data/raw/Padded_imgs/T62/HB15264.JPG,15,T62,HB15264
data/raw/Padded_imgs/T62/HB15265 (copy).JPG,15,T62,HB15265 (copy)
data/raw/Padded_imgs/T62/HB15265.JPG,15,T62,HB15265
data/raw/Padded_imgs/T62/HB15266 (copy).JPG,15,T62,HB15266 (copy)
data/raw/Padded_imgs/T62/HB15266.JPG,15,T62,HB15266
data/raw/Padded_imgs/T62/HB15267 (copy).JPG,15,T62,HB15267 (copy)
data/raw/Padded_imgs/T62/HB15267.JPG,15,T62,HB15267
data/raw/Padded_imgs/T62/HB19377 (copy).JPG,15,T62,HB19377 (copy)
data/raw/Padded_imgs/T62/HB19377.JPG,15,T62,HB19377
data/raw/Padded_imgs/T62/HB19379 (copy).JPG,15,T62,HB19379 (copy)
data/raw/Padded_imgs/T62/HB19379.JPG,15,T62,HB19379
data/raw/Padded_imgs/T62/HB19381 (copy).JPG,15,T62,HB19381 (copy)
data/raw/Padded_imgs/T62/HB19381.JPG,15,T62,HB19381
data/raw/Padded_imgs/T62/HB19383 (copy).JPG,15,T62,HB19383 (copy)
data/raw/Padded_imgs/T62/HB19383.JPG,15,T62,HB19383
data/raw/Padded_imgs/T62/HB19389 (copy).JPG,15,T62,HB19389 (copy)
data/raw/Padded_imgs/T62/HB19389.JPG,15,T62,HB19389
data/raw/Padded_imgs/T62/HB19390 (copy).JPG,15,T62,HB19390 (copy)
data/raw/Padded_imgs/T62/HB19390.JPG,15,T62,HB19390
data/raw/Padded_imgs/T62/HB19394 (copy).JPG,15,T62,HB19394 (copy)
data/raw/Padded_imgs/T62/HB19394.JPG,15,T62,HB19394
data/raw/Padded_imgs/T62/HB19396 (copy).JPG,15,T62,HB19396 (copy)
data/raw/Padded_imgs/T62/HB19396.JPG,15,T62,HB19396
data/raw/Padded_imgs/T62/HB19398 (copy).JPG,15,T62,HB19398 (copy)
data/raw/Padded_imgs/T62/HB19398.JPG,15,T62,HB19398
data/raw/Padded_imgs/T62/HB19400 (copy).JPG,15,T62,HB19400 (copy)
data/raw/Padded_imgs/T62/HB19400.JPG,15,T62,HB19400
data/raw/Padded_imgs/T62/HB19402 (copy).JPG,15,T62,HB19402 (copy)
data/raw/Padded_imgs/T62/HB19402.JPG,15,T62,HB19402
data/raw/Padded_imgs/T62/HB19404 (copy).JPG,15,T62,HB19404 (copy)
data/raw/Padded_imgs/T62/HB19404.JPG,15,T62,HB19404
data/raw/Padded_imgs/T62/HB19406 (copy).JPG,15,T62,HB19406 (copy)
data/raw/Padded_imgs/T62/HB19406.JPG,15,T62,HB19406
data/raw/Padded_imgs/T62/HB19408 (copy).JPG,15,T62,HB19408 (copy)
data/raw/Padded_imgs/T62/HB19408.JPG,15,T62,HB19408
data/raw/Padded_imgs/T62/HB19410 (copy).JPG,15,T62,HB19410 (copy)
data/raw/Padded_imgs/T62/HB19410.JPG,15,T62,HB19410
data/raw/Padded_imgs/T62/HB19412 (copy).JPG,15,T62,HB19412 (copy)
data/raw/Padded_imgs/T62/HB19412.JPG,15,T62,HB19412
data/raw/Padded_imgs/T62/HB19414 (copy).JPG,15,T62,HB19414 (copy)
data/raw/Padded_imgs/T62/HB19414.JPG,15,T62,HB19414
data/raw/Padded_imgs/T62/HB19416 (copy).JPG,15,T62,HB19416 (copy)
data/raw/Padded_imgs/T62/HB19416.JPG,15,T62,HB19416
data/raw/Padded_imgs/T62/HB19418 (copy).JPG,15,T62,HB19418 (copy)
data/raw/Padded_imgs/T62/HB19418.JPG,15,T62,HB19418
data/raw/Padded_imgs/T62/HB19420 (copy).JPG,15,T62,HB19420 (copy)
data/raw/Padded_imgs/T62/HB19420.JPG,15,T62,HB19420
data/raw/Padded_imgs/T62/HB19422 (copy).JPG,15,T62,HB19422 (copy)
data/raw/Padded_imgs/T62/HB19422.JPG,15,T62,HB19422
data/raw/Padded_imgs/T62/HB19424 (copy).JPG,15,T62,HB19424 (copy)
data/raw/Padded_imgs/T62/HB19424.JPG,15,T62,HB19424
data/raw/Padded_imgs/T62/HB19426 (copy).JPG,15,T62,HB19426 (copy)
data/raw/Padded_imgs/T62/HB19426.JPG,15,T62,HB19426
data/raw/Padded_imgs/T62/HB19430 (copy).JPG,15,T62,HB19430 (copy)
data/raw/Padded_imgs/T62/HB19430.JPG,15,T62,HB19430
data/raw/Padded_imgs/T62/HB19432 (copy).JPG,15,T62,HB19432 (copy)
data/raw/Padded_imgs/T62/HB19432.JPG,15,T62,HB19432
data/raw/Padded_imgs/T62/HB19434 (copy).JPG,15,T62,HB19434 (copy)
data/raw/Padded_imgs/T62/HB19434.JPG,15,T62,HB19434
data/raw/Padded_imgs/T62/HB19436 (copy).JPG,15,T62,HB19436 (copy)
data/raw/Padded_imgs/T62/HB19436.JPG,15,T62,HB19436
data/raw/Padded_imgs/T62/HB19438 (copy).JPG,15,T62,HB19438 (copy)
data/raw/Padded_imgs/T62/HB19438.JPG,15,T62,HB19438
data/raw/Padded_imgs/T62/HB19440 (copy).JPG,15,T62,HB19440 (copy)
data/raw/Padded_imgs/T62/HB19440.JPG,15,T62,HB19440
data/raw/Padded_imgs/T62/HB19442 (copy).JPG,15,T62,HB19442 (copy)
data/raw/Padded_imgs/T62/HB19442.JPG,15,T62,HB19442
data/raw/Padded_imgs/T62/HB19444 (copy).JPG,15,T62,HB19444 (copy)
data/raw/Padded_imgs/T62/HB19444.JPG,15,T62,HB19444
data/raw/Padded_imgs/T62/HB19446 (copy).JPG,15,T62,HB19446 (copy)
data/raw/Padded_imgs/T62/HB19446.JPG,15,T62,HB19446
data/raw/Padded_imgs/T62/HB19448 (copy).JPG,15,T62,HB19448 (copy)
data/raw/Padded_imgs/T62/HB19448.JPG,15,T62,HB19448
data/raw/Padded_imgs/T62/HB19450 (copy).JPG,15,T62,HB19450 (copy)
data/raw/Padded_imgs/T62/HB19450.JPG,15,T62,HB19450
data/raw/Padded_imgs/T62/HB19454 (copy).JPG,15,T62,HB19454 (copy)
data/raw/Padded_imgs/T62/HB19454.JPG,15,T62,HB19454
data/raw/Padded_imgs/T62/HB19456 (copy).JPG,15,T62,HB19456 (copy)
data/raw/Padded_imgs/T62/HB19456.JPG,15,T62,HB19456
data/raw/Padded_imgs/T62/HB19458 (copy).JPG,15,T62,HB19458 (copy)
data/raw/Padded_imgs/T62/HB19458.JPG,15,T62,HB19458
data/raw/Padded_imgs/T62/HB19460 (copy).JPG,15,T62,HB19460 (copy)
data/raw/Padded_imgs/T62/HB19460.JPG,15,T62,HB19460
data/raw/Padded_imgs/T62/HB19462 (copy).JPG,15,T62,HB19462 (copy)
data/raw/Padded_imgs/T62/HB19462.JPG,15,T62,HB19462
data/raw/Padded_imgs/T62/HB19464 (copy).JPG,15,T62,HB19464 (copy)
data/raw/Padded_imgs/T62/HB19464.JPG,15,T62,HB19464
data/raw/Padded_imgs/T62/HB19466 (copy).JPG,15,T62,HB19466 (copy)
data/raw/Padded_imgs/T62/HB19466.JPG,15,T62,HB19466
data/raw/Padded_imgs/T62/HB19468 (copy).JPG,15,T62,HB19468 (copy)
data/raw/Padded_imgs/T62/HB19468.JPG,15,T62,HB19468
data/raw/Padded_imgs/T62/HB19470 (copy).JPG,15,T62,HB19470 (copy)
data/raw/Padded_imgs/T62/HB19470.JPG,15,T62,HB19470
data/raw/Padded_imgs/T62/HB19472 (copy).JPG,15,T62,HB19472 (copy)
data/raw/Padded_imgs/T62/HB19472.JPG,15,T62,HB19472
data/raw/Padded_imgs/T62/HB19474 (copy).JPG,15,T62,HB19474 (copy)
data/raw/Padded_imgs/T62/HB19474.JPG,15,T62,HB19474
data/raw/Padded_imgs/T62/HB19476 (copy).JPG,15,T62,HB19476 (copy)
data/raw/Padded_imgs/T62/HB19476.JPG,15,T62,HB19476
data/raw/Padded_imgs/T62/HB19478 (copy).JPG,15,T62,HB19478 (copy)
data/raw/Padded_imgs/T62/HB19478.JPG,15,T62,HB19478
data/raw/Padded_imgs/T62/HB19479 (copy).JPG,15,T62,HB19479 (copy)
data/raw/Padded_imgs/T62/HB19479.JPG,15,T62,HB19479
data/raw/Padded_imgs/T62/HB19481 (copy).JPG,15,T62,HB19481 (copy)
data/raw/Padded_imgs/T62/HB19481.JPG,15,T62,HB19481
data/raw/Padded_imgs/T62/HB19483 (copy).JPG,15,T62,HB19483 (copy)
data/raw/Padded_imgs/T62/HB19483.JPG,15,T62,HB19483
data/raw/Padded_imgs/T62/HB19487 (copy).JPG,15,T62,HB19487 (copy)
data/raw/Padded_imgs/T62/HB19487.JPG,15,T62,HB19487
data/raw/Padded_imgs/T62/HB19491 (copy).JPG,15,T62,HB19491 (copy)
data/raw/Padded_imgs/T62/HB19491.JPG,15,T62,HB19491
data/raw/Padded_imgs/T62/HB19495 (copy).JPG,15,T62,HB19495 (copy)
data/raw/Padded_imgs/T62/HB19495.JPG,15,T62,HB19495
data/raw/Padded_imgs/T62/HB19499 (copy).JPG,15,T62,HB19499 (copy)
data/raw/Padded_imgs/T62/HB19499.JPG,15,T62,HB19499
data/raw/Padded_imgs/T62/HB19501 (copy).JPG,15,T62,HB19501 (copy)
data/raw/Padded_imgs/T62/HB19501.JPG,15,T62,HB19501
data/raw/Padded_imgs/T62/HB19503 (copy).JPG,15,T62,HB19503 (copy)
data/raw/Padded_imgs/T62/HB19503.JPG,15,T62,HB19503
data/raw/Padded_imgs/T62/HB19505 (copy).JPG,15,T62,HB19505 (copy)
data/raw/Padded_imgs/T62/HB19505.JPG,15,T62,HB19505
data/raw/Padded_imgs/T62/HB19507 (copy).JPG,15,T62,HB19507 (copy)
data/raw/Padded_imgs/T62/HB19507.JPG,15,T62,HB19507
data/raw/Padded_imgs/T62/HB19508 (copy).JPG,15,T62,HB19508 (copy)
data/raw/Padded_imgs/T62/HB19508.JPG,15,T62,HB19508
data/raw/Padded_imgs/T62/HB19512 (copy).JPG,15,T62,HB19512 (copy)
data/raw/Padded_imgs/T62/HB19512.JPG,15,T62,HB19512
data/raw/Padded_imgs/T62/HB19514 (copy).JPG,15,T62,HB19514 (copy)
data/raw/Padded_imgs/T62/HB19514.JPG,15,T62,HB19514
data/raw/Padded_imgs/T62/HB19516 (copy).JPG,15,T62,HB19516 (copy)
data/raw/Padded_imgs/T62/HB19516.JPG,15,T62,HB19516
data/raw/Padded_imgs/T62/HB19518 (copy).JPG,15,T62,HB19518 (copy)
data/raw/Padded_imgs/T62/HB19518.JPG,15,T62,HB19518
data/raw/Padded_imgs/T62/HB19520 (copy).JPG,15,T62,HB19520 (copy)
data/raw/Padded_imgs/T62/HB19520.JPG,15,T62,HB19520
data/raw/Padded_imgs/T62/HB19522 (copy).JPG,15,T62,HB19522 (copy)
data/raw/Padded_imgs/T62/HB19522.JPG,15,T62,HB19522
data/raw/Padded_imgs/T62/HB19526 (copy).JPG,15,T62,HB19526 (copy)
data/raw/Padded_imgs/T62/HB19526.JPG,15,T62,HB19526
data/raw/Padded_imgs/T62/HB19528 (copy).JPG,15,T62,HB19528 (copy)
data/raw/Padded_imgs/T62/HB19528.JPG,15,T62,HB19528
data/raw/Padded_imgs/T62/HB19530 (copy).JPG,15,T62,HB19530 (copy)
data/raw/Padded_imgs/T62/HB19530.JPG,15,T62,HB19530
data/raw/Padded_imgs/T62/HB19534 (copy).JPG,15,T62,HB19534 (copy)
data/raw/Padded_imgs/T62/HB19534.JPG,15,T62,HB19534
data/raw/Padded_imgs/T62/HB19536 (copy).JPG,15,T62,HB19536 (copy)
data/raw/Padded_imgs/T62/HB19536.JPG,15,T62,HB19536
data/raw/Padded_imgs/T62/HB19538 (copy).JPG,15,T62,HB19538 (copy)
data/raw/Padded_imgs/T62/HB19538.JPG,15,T62,HB19538
data/raw/Padded_imgs/T62/HB19540 (copy).JPG,15,T62,HB19540 (copy)
data/raw/Padded_imgs/T62/HB19540.JPG,15,T62,HB19540
data/raw/Padded_imgs/T62/HB19542 (copy).JPG,15,T62,HB19542 (copy)
data/raw/Padded_imgs/T62/HB19542.JPG,15,T62,HB19542
data/raw/Padded_imgs/T62/HB19544 (copy).JPG,15,T62,HB19544 (copy)
data/raw/Padded_imgs/T62/HB19544.JPG,15,T62,HB19544
data/raw/Padded_imgs/T62/HB19545 (copy).JPG,15,T62,HB19545 (copy)
data/raw/Padded_imgs/T62/HB19545.JPG,15,T62,HB19545
data/raw/Padded_imgs/T62/HB19547 (copy).JPG,15,T62,HB19547 (copy)
data/raw/Padded_imgs/T62/HB19547.JPG,15,T62,HB19547
data/raw/Padded_imgs/T62/HB19549 (copy).JPG,15,T62,HB19549 (copy)
data/raw/Padded_imgs/T62/HB19549.JPG,15,T62,HB19549
data/raw/Padded_imgs/T62/HB19551 (copy).JPG,15,T62,HB19551 (copy)
data/raw/Padded_imgs/T62/HB19551.JPG,15,T62,HB19551
data/raw/Padded_imgs/T62/HB19553 (copy).JPG,15,T62,HB19553 (copy)
data/raw/Padded_imgs/T62/HB19553.JPG,15,T62,HB19553
data/raw/Padded_imgs/T62/HB19555 (copy).JPG,15,T62,HB19555 (copy)
data/raw/Padded_imgs/T62/HB19555.JPG,15,T62,HB19555
data/raw/Padded_imgs/T62/HB19557 (copy).JPG,15,T62,HB19557 (copy)
data/raw/Padded_imgs/T62/HB19557.JPG,15,T62,HB19557
data/raw/Padded_imgs/T62/HB19559 (copy).JPG,15,T62,HB19559 (copy)
data/raw/Padded_imgs/T62/HB19559.JPG,15,T62,HB19559
data/raw/Padded_imgs/T62/HB19561 (copy).JPG,15,T62,HB19561 (copy)
data/raw/Padded_imgs/T62/HB19561.JPG,15,T62,HB19561
data/raw/Padded_imgs/T62/HB19563 (copy).JPG,15,T62,HB19563 (copy)
data/raw/Padded_imgs/T62/HB19563.JPG,15,T62,HB19563
data/raw/Padded_imgs/T62/HB19567 (copy).JPG,15,T62,HB19567 (copy)
data/raw/Padded_imgs/T62/HB19567.JPG,15,T62,HB19567
data/raw/Padded_imgs/T62/HB19569 (copy).JPG,15,T62,HB19569 (copy)
data/raw/Padded_imgs/T62/HB19569.JPG,15,T62,HB19569
data/raw/Padded_imgs/T62/HB19571 (copy).JPG,15,T62,HB19571 (copy)
data/raw/Padded_imgs/T62/HB19571.JPG,15,T62,HB19571
data/raw/Padded_imgs/T62/HB19573 (copy).JPG,15,T62,HB19573 (copy)
data/raw/Padded_imgs/T62/HB19573.JPG,15,T62,HB19573
data/raw/Padded_imgs/T62/HB19575 (copy).JPG,15,T62,HB19575 (copy)
data/raw/Padded_imgs/T62/HB19575.JPG,15,T62,HB19575
data/raw/Padded_imgs/T62/HB19579 (copy).JPG,15,T62,HB19579 (copy)
data/raw/Padded_imgs/T62/HB19579.JPG,15,T62,HB19579
data/raw/Padded_imgs/T62/HB19581 (copy).JPG,15,T62,HB19581 (copy)
data/raw/Padded_imgs/T62/HB19581.JPG,15,T62,HB19581
data/raw/Padded_imgs/T62/HB19583 (copy).JPG,15,T62,HB19583 (copy)
data/raw/Padded_imgs/T62/HB19583.JPG,15,T62,HB19583
data/raw/Padded_imgs/T62/HB19780 (copy).JPG,15,T62,HB19780 (copy)
data/raw/Padded_imgs/T62/HB19780.JPG,15,T62,HB19780
data/raw/Padded_imgs/T62/HB19781 (copy).JPG,15,T62,HB19781 (copy)
data/raw/Padded_imgs/T62/HB19781.JPG,15,T62,HB19781
data/raw/Padded_imgs/T62/HB19782 (copy).JPG,15,T62,HB19782 (copy)
data/raw/Padded_imgs/T62/HB19782.JPG,15,T62,HB19782
data/raw/Padded_imgs/T62/HB19783 (copy).JPG,15,T62,HB19783 (copy)
data/raw/Padded_imgs/T62/HB19783.JPG,15,T62,HB19783
data/raw/Padded_imgs/T62/HB19784 (copy).JPG,15,T62,HB19784 (copy)
data/raw/Padded_imgs/T62/HB19784.JPG,15,T62,HB19784
data/raw/Padded_imgs/T62/HB19785 (copy).JPG,15,T62,HB19785 (copy)
data/raw/Padded_imgs/T62/HB19785.JPG,15,T62,HB19785
data/raw/Padded_imgs/T62/HB19786 (copy).JPG,15,T62,HB19786 (copy)
data/raw/Padded_imgs/T62/HB19786.JPG,15,T62,HB19786
data/raw/Padded_imgs/T62/HB19787 (copy).JPG,15,T62,HB19787 (copy)
data/raw/Padded_imgs/T62/HB19787.JPG,15,T62,HB19787
data/raw/Padded_imgs/T62/HB19788 (copy).JPG,15,T62,HB19788 (copy)
data/raw/Padded_imgs/T62/HB19788.JPG,15,T62,HB19788
data/raw/Padded_imgs/T62/HB19789 (copy).JPG,15,T62,HB19789 (copy)
data/raw/Padded_imgs/T62/HB19789.JPG,15,T62,HB19789
data/raw/Padded_imgs/T62/HB19790 (copy).JPG,15,T62,HB19790 (copy)
data/raw/Padded_imgs/T62/HB19790.JPG,15,T62,HB19790
data/raw/Padded_imgs/T62/HB19791 (copy).JPG,15,T62,HB19791 (copy)
data/raw/Padded_imgs/T62/HB19791.JPG,15,T62,HB19791
data/raw/Padded_imgs/T62/HB19792 (copy).JPG,15,T62,HB19792 (copy)
data/raw/Padded_imgs/T62/HB19792.JPG,15,T62,HB19792
data/raw/Padded_imgs/T62/HB19793 (copy).JPG,15,T62,HB19793 (copy)
data/raw/Padded_imgs/T62/HB19793.JPG,15,T62,HB19793
data/raw/Padded_imgs/T62/HB19794 (copy).JPG,15,T62,HB19794 (copy)
data/raw/Padded_imgs/T62/HB19794.JPG,15,T62,HB19794
data/raw/Padded_imgs/T62/HB19795 (copy).JPG,15,T62,HB19795 (copy)
data/raw/Padded_imgs/T62/HB19795.JPG,15,T62,HB19795
data/raw/Padded_imgs/T62/HB19797 (copy).JPG,15,T62,HB19797 (copy)
data/raw/Padded_imgs/T62/HB19797.JPG,15,T62,HB19797
data/raw/Padded_imgs/T62/HB19798 (copy).JPG,15,T62,HB19798 (copy)
data/raw/Padded_imgs/T62/HB19798.JPG,15,T62,HB19798
data/raw/Padded_imgs/T62/HB19799 (copy).JPG,15,T62,HB19799 (copy)
data/raw/Padded_imgs/T62/HB19799.JPG,15,T62,HB19799
data/raw/Padded_imgs/T62/HB19801 (copy).JPG,15,T62,HB19801 (copy)
data/raw/Padded_imgs/T62/HB19801.JPG,15,T62,HB19801
data/raw/Padded_imgs/T62/HB19803 (copy).JPG,15,T62,HB19803 (copy)
data/raw/Padded_imgs/T62/HB19803.JPG,15,T62,HB19803
data/raw/Padded_imgs/T62/HB19804 (copy).JPG,15,T62,HB19804 (copy)
data/raw/Padded_imgs/T62/HB19804.JPG,15,T62,HB19804
data/raw/Padded_imgs/T62/HB19805 (copy).JPG,15,T62,HB19805 (copy)
data/raw/Padded_imgs/T62/HB19805.JPG,15,T62,HB19805
data/raw/Padded_imgs/T62/HB19806 (copy).JPG,15,T62,HB19806 (copy)
data/raw/Padded_imgs/T62/HB19806.JPG,15,T62,HB19806
data/raw/Padded_imgs/T62/HB19807 (copy).JPG,15,T62,HB19807 (copy)
data/raw/Padded_imgs/T62/HB19807.JPG,15,T62,HB19807
data/raw/Padded_imgs/T62/HB19808 (copy).JPG,15,T62,HB19808 (copy)
data/raw/Padded_imgs/T62/HB19808.JPG,15,T62,HB19808
data/raw/Padded_imgs/T62/HB19809 (copy).JPG,15,T62,HB19809 (copy)
data/raw/Padded_imgs/T62/HB19809.JPG,15,T62,HB19809
data/raw/Padded_imgs/T62/HB19810 (copy).JPG,15,T62,HB19810 (copy)
data/raw/Padded_imgs/T62/HB19810.JPG,15,T62,HB19810
data/raw/Padded_imgs/T62/HB19811 (copy).JPG,15,T62,HB19811 (copy)
data/raw/Padded_imgs/T62/HB19811.JPG,15,T62,HB19811
data/raw/Padded_imgs/T62/HB19812 (copy).JPG,15,T62,HB19812 (copy)
data/raw/Padded_imgs/T62/HB19812.JPG,15,T62,HB19812
data/raw/Padded_imgs/T62/HB19813 (copy).JPG,15,T62,HB19813 (copy)
data/raw/Padded_imgs/T62/HB19813.JPG,15,T62,HB19813
data/raw/Padded_imgs/T62/HB19814 (copy).JPG,15,T62,HB19814 (copy)
data/raw/Padded_imgs/T62/HB19814.JPG,15,T62,HB19814
data/raw/Padded_imgs/T62/HB19816 (copy).JPG,15,T62,HB19816 (copy)
data/raw/Padded_imgs/T62/HB19816.JPG,15,T62,HB19816
data/raw/Padded_imgs/T62/HB19817 (copy).JPG,17,T62,HB19817 (copy)
data/raw/Padded_imgs/T62/HB19817.JPG,17,T62,HB19817
data/raw/Padded_imgs/T62/HB19818 (copy).JPG,15,T62,HB19818 (copy)
data/raw/Padded_imgs/T62/HB19818.JPG,15,T62,HB19818
data/raw/Padded_imgs/T62/HB19820 (copy).JPG,15,T62,HB19820 (copy)
data/raw/Padded_imgs/T62/HB19820.JPG,15,T62,HB19820
data/raw/Padded_imgs/T62/HB19821 (copy).JPG,15,T62,HB19821 (copy)
data/raw/Padded_imgs/T62/HB19821.JPG,15,T62,HB19821
data/raw/Padded_imgs/T62/HB19822 (copy).JPG,15,T62,HB19822 (copy)
data/raw/Padded_imgs/T62/HB19822.JPG,15,T62,HB19822
data/raw/Padded_imgs/T62/HB19823 (copy).JPG,15,T62,HB19823 (copy)
data/raw/Padded_imgs/T62/HB19823.JPG,15,T62,HB19823
data/raw/Padded_imgs/T62/HB19824 (copy).JPG,15,T62,HB19824 (copy)
data/raw/Padded_imgs/T62/HB19824.JPG,15,T62,HB19824
data/raw/Padded_imgs/T62/HB19825 (copy).JPG,15,T62,HB19825 (copy)
data/raw/Padded_imgs/T62/HB19825.JPG,15,T62,HB19825
data/raw/Padded_imgs/T62/HB19826 (copy).JPG,15,T62,HB19826 (copy)
data/raw/Padded_imgs/T62/HB19826.JPG,15,T62,HB19826
data/raw/Padded_imgs/T62/HB19827 (copy).JPG,15,T62,HB19827 (copy)
data/raw/Padded_imgs/T62/HB19827.JPG,15,T62,HB19827
data/raw/Padded_imgs/T62/HB19828 (copy).JPG,15,T62,HB19828 (copy)
data/raw/Padded_imgs/T62/HB19828.JPG,15,T62,HB19828
data/raw/Padded_imgs/T62/HB19829 (copy).JPG,15,T62,HB19829 (copy)
data/raw/Padded_imgs/T62/HB19829.JPG,15,T62,HB19829
data/raw/Padded_imgs/T62/HB19830 (copy).JPG,15,T62,HB19830 (copy)
data/raw/Padded_imgs/T62/HB19830.JPG,15,T62,HB19830
data/raw/Padded_imgs/T62/HB19831 (copy).JPG,15,T62,HB19831 (copy)
data/raw/Padded_imgs/T62/HB19831.JPG,15,T62,HB19831
data/raw/Padded_imgs/T62/HB19833 (copy).JPG,15,T62,HB19833 (copy)
data/raw/Padded_imgs/T62/HB19833.JPG,15,T62,HB19833
data/raw/Padded_imgs/T62/HB19834 (copy).JPG,15,T62,HB19834 (copy)
data/raw/Padded_imgs/T62/HB19834.JPG,15,T62,HB19834
data/raw/Padded_imgs/T62/HB19835 (copy).JPG,15,T62,HB19835 (copy)
data/raw/Padded_imgs/T62/HB19835.JPG,15,T62,HB19835
data/raw/Padded_imgs/T62/HB19836 (copy).JPG,15,T62,HB19836 (copy)
data/raw/Padded_imgs/T62/HB19836.JPG,15,T62,HB19836
data/raw/Padded_imgs/T62/HB19838 (copy).JPG,15,T62,HB19838 (copy)
data/raw/Padded_imgs/T62/HB19838.JPG,15,T62,HB19838
data/raw/Padded_imgs/T62/HB19839 (copy).JPG,15,T62,HB19839 (copy)
data/raw/Padded_imgs/T62/HB19839.JPG,15,T62,HB19839
data/raw/Padded_imgs/T62/HB19840 (copy).JPG,15,T62,HB19840 (copy)
data/raw/Padded_imgs/T62/HB19840.JPG,15,T62,HB19840
data/raw/Padded_imgs/T62/HB19841 (copy).JPG,15,T62,HB19841 (copy)
data/raw/Padded_imgs/T62/HB19841.JPG,15,T62,HB19841
data/raw/Padded_imgs/T62/HB19842 (copy).JPG,15,T62,HB19842 (copy)
data/raw/Padded_imgs/T62/HB19842.JPG,15,T62,HB19842
data/raw/Padded_imgs/T62/HB19843 (copy).JPG,15,T62,HB19843 (copy)
data/raw/Padded_imgs/T62/HB19843.JPG,15,T62,HB19843
data/raw/Padded_imgs/T62/HB19844 (copy).JPG,15,T62,HB19844 (copy)
data/raw/Padded_imgs/T62/HB19844.JPG,15,T62,HB19844
data/raw/Padded_imgs/T62/HB19845 (copy).JPG,15,T62,HB19845 (copy)
data/raw/Padded_imgs/T62/HB19845.JPG,15,T62,HB19845
data/raw/Padded_imgs/T62/HB19846 (copy).JPG,15,T62,HB19846 (copy)
data/raw/Padded_imgs/T62/HB19846.JPG,15,T62,HB19846
data/raw/Padded_imgs/T62/HB19847 (copy).JPG,15,T62,HB19847 (copy)
data/raw/Padded_imgs/T62/HB19847.JPG,15,T62,HB19847
data/raw/Padded_imgs/T62/HB19848 (copy).JPG,15,T62,HB19848 (copy)
data/raw/Padded_imgs/T62/HB19848.JPG,15,T62,HB19848
data/raw/Padded_imgs/T62/HB19849 (copy).JPG,15,T62,HB19849 (copy)
data/raw/Padded_imgs/T62/HB19849.JPG,15,T62,HB19849
data/raw/Padded_imgs/T62/HB19850 (copy).JPG,15,T62,HB19850 (copy)
data/raw/Padded_imgs/T62/HB19850.JPG,15,T62,HB19850
data/raw/Padded_imgs/T62/HB19851 (copy).JPG,15,T62,HB19851 (copy)
data/raw/Padded_imgs/T62/HB19851.JPG,15,T62,HB19851
data/raw/Padded_imgs/T62/HB19852 (copy).JPG,15,T62,HB19852 (copy)
data/raw/Padded_imgs/T62/HB19852.JPG,15,T62,HB19852
data/raw/Padded_imgs/T62/HB19853 (copy).JPG,15,T62,HB19853 (copy)
data/raw/Padded_imgs/T62/HB19853.JPG,15,T62,HB19853
data/raw/Padded_imgs/T62/HB19854 (copy).JPG,15,T62,HB19854 (copy)
data/raw/Padded_imgs/T62/HB19854.JPG,15,T62,HB19854
data/raw/Padded_imgs/T62/HB19855 (copy).JPG,15,T62,HB19855 (copy)
data/raw/Padded_imgs/T62/HB19855.JPG,15,T62,HB19855
data/raw/Padded_imgs/T62/HB19856 (copy).JPG,15,T62,HB19856 (copy)
data/raw/Padded_imgs/T62/HB19856.JPG,15,T62,HB19856
data/raw/Padded_imgs/T62/HB19857 (copy).JPG,15,T62,HB19857 (copy)
data/raw/Padded_imgs/T62/HB19857.JPG,15,T62,HB19857
data/raw/Padded_imgs/T62/HB19858 (copy).JPG,15,T62,HB19858 (copy)
data/raw/Padded_imgs/T62/HB19858.JPG,15,T62,HB19858
data/raw/Padded_imgs/T62/HB19859 (copy).JPG,15,T62,HB19859 (copy)
data/raw/Padded_imgs/T62/HB19859.JPG,15,T62,HB19859
data/raw/Padded_imgs/T62/HB19860 (copy).JPG,15,T62,HB19860 (copy)
data/raw/Padded_imgs/T62/HB19860.JPG,15,T62,HB19860
data/raw/Padded_imgs/T62/HB19861 (copy).JPG,15,T62,HB19861 (copy)
data/raw/Padded_imgs/T62/HB19861.JPG,15,T62,HB19861
data/raw/Padded_imgs/T62/HB19862 (copy).JPG,15,T62,HB19862 (copy)
data/raw/Padded_imgs/T62/HB19862.JPG,15,T62,HB19862
data/raw/Padded_imgs/T62/HB19863 (copy).JPG,15,T62,HB19863 (copy)
data/raw/Padded_imgs/T62/HB19863.JPG,15,T62,HB19863
data/raw/Padded_imgs/T62/HB19864 (copy).JPG,15,T62,HB19864 (copy)
data/raw/Padded_imgs/T62/HB19864.JPG,15,T62,HB19864
data/raw/Padded_imgs/T62/HB19865 (copy).JPG,15,T62,HB19865 (copy)
data/raw/Padded_imgs/T62/HB19865.JPG,15,T62,HB19865
data/raw/Padded_imgs/T62/HB19867 (copy).JPG,15,T62,HB19867 (copy)
data/raw/Padded_imgs/T62/HB19867.JPG,15,T62,HB19867
data/raw/Padded_imgs/T62/HB19868 (copy).JPG,15,T62,HB19868 (copy)
data/raw/Padded_imgs/T62/HB19868.JPG,15,T62,HB19868
data/raw/Padded_imgs/T62/HB19869 (copy).JPG,15,T62,HB19869 (copy)
data/raw/Padded_imgs/T62/HB19869.JPG,15,T62,HB19869
data/raw/Padded_imgs/T62/HB19871 (copy).JPG,15,T62,HB19871 (copy)
data/raw/Padded_imgs/T62/HB19871.JPG,15,T62,HB19871
data/raw/Padded_imgs/T62/HB19872 (copy).JPG,15,T62,HB19872 (copy)
data/raw/Padded_imgs/T62/HB19872.JPG,15,T62,HB19872
data/raw/Padded_imgs/T62/HB19873 (copy).JPG,15,T62,HB19873 (copy)
data/raw/Padded_imgs/T62/HB19873.JPG,15,T62,HB19873
data/raw/Padded_imgs/T62/HB19874 (copy).JPG,15,T62,HB19874 (copy)
data/raw/Padded_imgs/T62/HB19874.JPG,15,T62,HB19874
data/raw/Padded_imgs/T62/HB19875 (copy).JPG,15,T62,HB19875 (copy)
data/raw/Padded_imgs/T62/HB19875.JPG,15,T62,HB19875
data/raw/Padded_imgs/T62/HB19876 (copy).JPG,15,T62,HB19876 (copy)
data/raw/Padded_imgs/T62/HB19876.JPG,15,T62,HB19876
data/raw/Padded_imgs/T62/HB19877 (copy).JPG,15,T62,HB19877 (copy)
data/raw/Padded_imgs/T62/HB19877.JPG,15,T62,HB19877
data/raw/Padded_imgs/T62/HB19878 (copy).JPG,15,T62,HB19878 (copy)
data/raw/Padded_imgs/T62/HB19878.JPG,15,T62,HB19878
data/raw/Padded_imgs/T62/HB19879 (copy).JPG,15,T62,HB19879 (copy)
data/raw/Padded_imgs/T62/HB19879.JPG,15,T62,HB19879
data/raw/Padded_imgs/T62/HB19880 (copy).JPG,15,T62,HB19880 (copy)
data/raw/Padded_imgs/T62/HB19880.JPG,15,T62,HB19880
data/raw/Padded_imgs/T62/HB19881 (copy).JPG,15,T62,HB19881 (copy)
data/raw/Padded_imgs/T62/HB19881.JPG,15,T62,HB19881
data/raw/Padded_imgs/T62/HB19882 (copy).JPG,15,T62,HB19882 (copy)
data/raw/Padded_imgs/T62/HB19882.JPG,15,T62,HB19882
data/raw/Padded_imgs/T62/HB19883 (copy).JPG,15,T62,HB19883 (copy)
data/raw/Padded_imgs/T62/HB19883.JPG,15,T62,HB19883
data/raw/Padded_imgs/T62/HB19884 (copy).JPG,15,T62,HB19884 (copy)
data/raw/Padded_imgs/T62/HB19884.JPG,15,T62,HB19884
data/raw/Padded_imgs/T62/HB19885 (copy).JPG,15,T62,HB19885 (copy)
data/raw/Padded_imgs/T62/HB19885.JPG,15,T62,HB19885
data/raw/Padded_imgs/T62/HB19887 (copy).JPG,15,T62,HB19887 (copy)
data/raw/Padded_imgs/T62/HB19887.JPG,15,T62,HB19887
data/raw/Padded_imgs/T62/HB19888 (copy).JPG,15,T62,HB19888 (copy)
data/raw/Padded_imgs/T62/HB19888.JPG,15,T62,HB19888
data/raw/Padded_imgs/T62/HB19889 (copy).JPG,15,T62,HB19889 (copy)
data/raw/Padded_imgs/T62/HB19889.JPG,15,T62,HB19889
data/raw/Padded_imgs/T62/HB19890 (copy).JPG,15,T62,HB19890 (copy)
data/raw/Padded_imgs/T62/HB19890.JPG,15,T62,HB19890
data/raw/Padded_imgs/T62/HB19891 (copy).JPG,15,T62,HB19891 (copy)
data/raw/Padded_imgs/T62/HB19891.JPG,15,T62,HB19891
data/raw/Padded_imgs/T62/HB19892 (copy).JPG,15,T62,HB19892 (copy)
data/raw/Padded_imgs/T62/HB19892.JPG,15,T62,HB19892
data/raw/Padded_imgs/T62/HB19893 (copy).JPG,15,T62,HB19893 (copy)
data/raw/Padded_imgs/T62/HB19893.JPG,15,T62,HB19893
data/raw/Padded_imgs/T62/HB19894 (copy).JPG,15,T62,HB19894 (copy)
data/raw/Padded_imgs/T62/HB19894.JPG,15,T62,HB19894
data/raw/Padded_imgs/T62/HB19895 (copy).JPG,15,T62,HB19895 (copy)
data/raw/Padded_imgs/T62/HB19895.JPG,15,T62,HB19895
data/raw/Padded_imgs/T62/HB19896 (copy).JPG,15,T62,HB19896 (copy)
data/raw/Padded_imgs/T62/HB19896.JPG,15,T62,HB19896
data/raw/Padded_imgs/T62/HB19897 (copy).JPG,15,T62,HB19897 (copy)
data/raw/Padded_imgs/T62/HB19897.JPG,15,T62,HB19897
data/raw/Padded_imgs/T62/HB19898 (copy).JPG,15,T62,HB19898 (copy)
data/raw/Padded_imgs/T62/HB19898.JPG,15,T62,HB19898
data/raw/Padded_imgs/T62/HB19899 (copy).JPG,15,T62,HB19899 (copy)
data/raw/Padded_imgs/T62/HB19899.JPG,15,T62,HB19899
data/raw/Padded_imgs/T62/HB19901 (copy).JPG,15,T62,HB19901 (copy)
data/raw/Padded_imgs/T62/HB19901.JPG,15,T62,HB19901
data/raw/Padded_imgs/T62/HB19902 (copy).JPG,15,T62,HB19902 (copy)
data/raw/Padded_imgs/T62/HB19902.JPG,15,T62,HB19902
data/raw/Padded_imgs/T62/HB19903 (copy).JPG,15,T62,HB19903 (copy)
data/raw/Padded_imgs/T62/HB19903.JPG,15,T62,HB19903
data/raw/Padded_imgs/T62/HB19906 (copy).JPG,15,T62,HB19906 (copy)
data/raw/Padded_imgs/T62/HB19906.JPG,15,T62,HB19906
data/raw/Padded_imgs/T62/HB19907 (copy).JPG,15,T62,HB19907 (copy)
data/raw/Padded_imgs/T62/HB19907.JPG,15,T62,HB19907
data/raw/Padded_imgs/T62/HB19908 (copy).JPG,15,T62,HB19908 (copy)
data/raw/Padded_imgs/T62/HB19908.JPG,15,T62,HB19908
data/raw/Padded_imgs/T62/HB19909 (copy).JPG,15,T62,HB19909 (copy)
data/raw/Padded_imgs/T62/HB19909.JPG,15,T62,HB19909
data/raw/Padded_imgs/T62/HB19910 (copy).JPG,15,T62,HB19910 (copy)
data/raw/Padded_imgs/T62/HB19910.JPG,15,T62,HB19910
data/raw/Padded_imgs/T62/HB19911 (copy).JPG,15,T62,HB19911 (copy)
data/raw/Padded_imgs/T62/HB19911.JPG,15,T62,HB19911
data/raw/Padded_imgs/T62/HB19912 (copy).JPG,15,T62,HB19912 (copy)
data/raw/Padded_imgs/T62/HB19912.JPG,15,T62,HB19912
data/raw/Padded_imgs/T62/HB19913 (copy).JPG,15,T62,HB19913 (copy)
data/raw/Padded_imgs/T62/HB19913.JPG,15,T62,HB19913
data/raw/Padded_imgs/T62/HB19914 (copy).JPG,15,T62,HB19914 (copy)
data/raw/Padded_imgs/T62/HB19914.JPG,15,T62,HB19914
data/raw/Padded_imgs/T62/HB19915 (copy).JPG,15,T62,HB19915 (copy)
data/raw/Padded_imgs/T62/HB19915.JPG,15,T62,HB19915
data/raw/Padded_imgs/T62/HB19916 (copy).JPG,15,T62,HB19916 (copy)
data/raw/Padded_imgs/T62/HB19916.JPG,15,T62,HB19916
data/raw/Padded_imgs/T62/HB19917 (copy).JPG,17,T62,HB19917 (copy)
data/raw/Padded_imgs/T62/HB19917.JPG,17,T62,HB19917
data/raw/Padded_imgs/T62/HB19918 (copy).JPG,15,T62,HB19918 (copy)
data/raw/Padded_imgs/T62/HB19918.JPG,15,T62,HB19918
data/raw/Padded_imgs/T62/HB19919 (copy).JPG,15,T62,HB19919 (copy)
data/raw/Padded_imgs/T62/HB19919.JPG,15,T62,HB19919
data/raw/Padded_imgs/T62/HB19920 (copy).JPG,15,T62,HB19920 (copy)
data/raw/Padded_imgs/T62/HB19920.JPG,15,T62,HB19920
data/raw/Padded_imgs/T62/HB19923 (copy).JPG,15,T62,HB19923 (copy)
data/raw/Padded_imgs/T62/HB19923.JPG,15,T62,HB19923
data/raw/Padded_imgs/T62/HB19924 (copy).JPG,15,T62,HB19924 (copy)
data/raw/Padded_imgs/T62/HB19924.JPG,15,T62,HB19924
data/raw/Padded_imgs/T62/HB19925 (copy).JPG,15,T62,HB19925 (copy)
data/raw/Padded_imgs/T62/HB19925.JPG,15,T62,HB19925
data/raw/Padded_imgs/T62/HB19926 (copy).JPG,15,T62,HB19926 (copy)
data/raw/Padded_imgs/T62/HB19926.JPG,15,T62,HB19926
data/raw/Padded_imgs/T62/HB19927 (copy).JPG,15,T62,HB19927 (copy)
data/raw/Padded_imgs/T62/HB19927.JPG,15,T62,HB19927
data/raw/Padded_imgs/T62/HB19928 (copy).JPG,15,T62,HB19928 (copy)
data/raw/Padded_imgs/T62/HB19928.JPG,15,T62,HB19928
data/raw/Padded_imgs/T62/HB19929 (copy).JPG,15,T62,HB19929 (copy)
data/raw/Padded_imgs/T62/HB19929.JPG,15,T62,HB19929
data/raw/Padded_imgs/T62/HB19930 (copy).JPG,15,T62,HB19930 (copy)
data/raw/Padded_imgs/T62/HB19930.JPG,15,T62,HB19930
data/raw/Padded_imgs/T62/HB19931 (copy).JPG,15,T62,HB19931 (copy)
data/raw/Padded_imgs/T62/HB19931.JPG,15,T62,HB19931
data/raw/Padded_imgs/T62/HB19932 (copy).JPG,15,T62,HB19932 (copy)
data/raw/Padded_imgs/T62/HB19932.JPG,15,T62,HB19932
data/raw/Padded_imgs/T62/HB19933 (copy).JPG,15,T62,HB19933 (copy)
data/raw/Padded_imgs/T62/HB19933.JPG,15,T62,HB19933
data/raw/Padded_imgs/T62/HB19934 (copy).JPG,15,T62,HB19934 (copy)
data/raw/Padded_imgs/T62/HB19934.JPG,15,T62,HB19934
data/raw/Padded_imgs/T62/HB19935 (copy).JPG,15,T62,HB19935 (copy)
data/raw/Padded_imgs/T62/HB19935.JPG,15,T62,HB19935
data/raw/Padded_imgs/T62/HB19936 (copy).JPG,15,T62,HB19936 (copy)
data/raw/Padded_imgs/T62/HB19936.JPG,15,T62,HB19936
data/raw/Padded_imgs/T62/HB19938 (copy).JPG,15,T62,HB19938 (copy)
data/raw/Padded_imgs/T62/HB19938.JPG,15,T62,HB19938
data/raw/Padded_imgs/T62/HB19939 (copy).JPG,15,T62,HB19939 (copy)
data/raw/Padded_imgs/T62/HB19939.JPG,15,T62,HB19939
data/raw/Padded_imgs/T62/HB19941 (copy).JPG,15,T62,HB19941 (copy)
data/raw/Padded_imgs/T62/HB19941.JPG,15,T62,HB19941
data/raw/Padded_imgs/T62/HB19942 (copy).JPG,15,T62,HB19942 (copy)
data/raw/Padded_imgs/T62/HB19942.JPG,15,T62,HB19942
data/raw/Padded_imgs/T62/HB19943 (copy).JPG,15,T62,HB19943 (copy)
data/raw/Padded_imgs/T62/HB19943.JPG,15,T62,HB19943
data/raw/Padded_imgs/T62/HB19944 (copy).JPG,15,T62,HB19944 (copy)
data/raw/Padded_imgs/T62/HB19944.JPG,15,T62,HB19944
data/raw/Padded_imgs/T62/HB19945 (copy).JPG,15,T62,HB19945 (copy)
data/raw/Padded_imgs/T62/HB19945.JPG,15,T62,HB19945
data/raw/Padded_imgs/T62/HB19946 (copy).JPG,15,T62,HB19946 (copy)
data/raw/Padded_imgs/T62/HB19946.JPG,15,T62,HB19946
data/raw/Padded_imgs/T62/HB19947 (copy).JPG,15,T62,HB19947 (copy)
data/raw/Padded_imgs/T62/HB19947.JPG,15,T62,HB19947
data/raw/Padded_imgs/T62/HB19949 (copy).JPG,15,T62,HB19949 (copy)
data/raw/Padded_imgs/T62/HB19949.JPG,15,T62,HB19949
data/raw/Padded_imgs/T62/HB19950 (copy).JPG,15,T62,HB19950 (copy)
data/raw/Padded_imgs/T62/HB19950.JPG,15,T62,HB19950
data/raw/Padded_imgs/T62/HB19951 (copy).JPG,15,T62,HB19951 (copy)
data/raw/Padded_imgs/T62/HB19951.JPG,15,T62,HB19951
data/raw/Padded_imgs/T62/HB19952 (copy).JPG,15,T62,HB19952 (copy)
data/raw/Padded_imgs/T62/HB19952.JPG,15,T62,HB19952
data/raw/Padded_imgs/T62/HB19953 (copy).JPG,15,T62,HB19953 (copy)
data/raw/Padded_imgs/T62/HB19953.JPG,15,T62,HB19953
data/raw/Padded_imgs/T62/HB19954 (copy).JPG,15,T62,HB19954 (copy)
data/raw/Padded_imgs/T62/HB19954.JPG,15,T62,HB19954
data/raw/Padded_imgs/T62/HB19955 (copy).JPG,15,T62,HB19955 (copy)
data/raw/Padded_imgs/T62/HB19955.JPG,15,T62,HB19955
data/raw/Padded_imgs/T62/HB19957 (copy).JPG,15,T62,HB19957 (copy)
data/raw/Padded_imgs/T62/HB19957.JPG,15,T62,HB19957
data/raw/Padded_imgs/T62/HB19958 (copy).JPG,15,T62,HB19958 (copy)
data/raw/Padded_imgs/T62/HB19958.JPG,15,T62,HB19958
data/raw/Padded_imgs/T62/HB19959 (copy).JPG,15,T62,HB19959 (copy)
data/raw/Padded_imgs/T62/HB19959.JPG,15,T62,HB19959
data/raw/Padded_imgs/T62/HB19960 (copy).JPG,15,T62,HB19960 (copy)
data/raw/Padded_imgs/T62/HB19960.JPG,15,T62,HB19960
data/raw/Padded_imgs/T62/HB19961 (copy).JPG,15,T62,HB19961 (copy)
data/raw/Padded_imgs/T62/HB19961.JPG,15,T62,HB19961
data/raw/Padded_imgs/T62/HB19962 (copy).JPG,15,T62,HB19962 (copy)
data/raw/Padded_imgs/T62/HB19962.JPG,15,T62,HB19962
data/raw/Padded_imgs/T62/HB19963 (copy).JPG,15,T62,HB19963 (copy)
data/raw/Padded_imgs/T62/HB19963.JPG,15,T62,HB19963
data/raw/Padded_imgs/T62/HB19964 (copy).JPG,15,T62,HB19964 (copy)
data/raw/Padded_imgs/T62/HB19964.JPG,15,T62,HB19964
data/raw/Padded_imgs/T62/HB19965 (copy).JPG,15,T62,HB19965 (copy)
data/raw/Padded_imgs/T62/HB19965.JPG,15,T62,HB19965
data/raw/Padded_imgs/T62/HB19966 (copy).JPG,15,T62,HB19966 (copy)
data/raw/Padded_imgs/T62/HB19966.JPG,15,T62,HB19966
data/raw/Padded_imgs/T62/HB19967 (copy).JPG,15,T62,HB19967 (copy)
data/raw/Padded_imgs/T62/HB19967.JPG,15,T62,HB19967
data/raw/Padded_imgs/T62/HB19968 (copy).JPG,15,T62,HB19968 (copy)
data/raw/Padded_imgs/T62/HB19968.JPG,15,T62,HB19968
data/raw/Padded_imgs/T62/HB19969 (copy).JPG,15,T62,HB19969 (copy)
data/raw/Padded_imgs/T62/HB19969.JPG,15,T62,HB19969
data/raw/Padded_imgs/T62/HB19971 (copy).JPG,15,T62,HB19971 (copy)
data/raw/Padded_imgs/T62/HB19971.JPG,15,T62,HB19971
data/raw/Padded_imgs/T62/HB19972 (copy).JPG,15,T62,HB19972 (copy)
data/raw/Padded_imgs/T62/HB19972.JPG,15,T62,HB19972
data/raw/Padded_imgs/T62/HB19973 (copy).JPG,15,T62,HB19973 (copy)
data/raw/Padded_imgs/T62/HB19973.JPG,15,T62,HB19973
data/raw/Padded_imgs/T62/HB19975 (copy).JPG,15,T62,HB19975 (copy)
data/raw/Padded_imgs/T62/HB19975.JPG,15,T62,HB19975
data/raw/Padded_imgs/T62/HB19976 (copy).JPG,15,T62,HB19976 (copy)
data/raw/Padded_imgs/T62/HB19976.JPG,15,T62,HB19976
data/raw/Padded_imgs/T62/HB19977 (copy).JPG,15,T62,HB19977 (copy)
data/raw/Padded_imgs/T62/HB19977.JPG,15,T62,HB19977
data/raw/Padded_imgs/T62/HB19978 (copy).JPG,15,T62,HB19978 (copy)
data/raw/Padded_imgs/T62/HB19978.JPG,15,T62,HB19978
data/raw/Padded_imgs/T62/HB19979 (copy).JPG,15,T62,HB19979 (copy)
data/raw/Padded_imgs/T62/HB19979.JPG,15,T62,HB19979
data/raw/Padded_imgs/T62/HB19980 (copy).JPG,15,T62,HB19980 (copy)
data/raw/Padded_imgs/T62/HB19980.JPG,15,T62,HB19980
data/raw/Padded_imgs/T62/HB19981 (copy).JPG,15,T62,HB19981 (copy)
data/raw/Padded_imgs/T62/HB19981.JPG,15,T62,HB19981
data/raw/Padded_imgs/T62/HB19982 (copy).JPG,15,T62,HB19982 (copy)
data/raw/Padded_imgs/T62/HB19982.JPG,15,T62,HB19982
data/raw/Padded_imgs/T62/HB19983 (copy).JPG,15,T62,HB19983 (copy)
data/raw/Padded_imgs/T62/HB19983.JPG,15,T62,HB19983
data/raw/Padded_imgs/T62/HB19984 (copy).JPG,15,T62,HB19984 (copy)
data/raw/Padded_imgs/T62/HB19984.JPG,15,T62,HB19984
data/raw/Padded_imgs/T62/HB19986 (copy).JPG,15,T62,HB19986 (copy)
data/raw/Padded_imgs/T62/HB19986.JPG,15,T62,HB19986
data/raw/Padded_imgs/T62/HB19987 (copy).JPG,15,T62,HB19987 (copy)
data/raw/Padded_imgs/T62/HB19987.JPG,15,T62,HB19987
data/raw/Padded_imgs/T62/HB19988 (copy).JPG,15,T62,HB19988 (copy)
data/raw/Padded_imgs/T62/HB19988.JPG,15,T62,HB19988
data/raw/Padded_imgs/T62/HB19989 (copy).JPG,15,T62,HB19989 (copy)
data/raw/Padded_imgs/T62/HB19989.JPG,15,T62,HB19989
data/raw/Padded_imgs/T62/HB19990 (copy).JPG,15,T62,HB19990 (copy)
data/raw/Padded_imgs/T62/HB19990.JPG,15,T62,HB19990
data/raw/Padded_imgs/T62/HB19992 (copy).JPG,15,T62,HB19992 (copy)
data/raw/Padded_imgs/T62/HB19992.JPG,15,T62,HB19992
data/raw/Padded_imgs/T62/HB19993 (copy).JPG,15,T62,HB19993 (copy)
data/raw/Padded_imgs/T62/HB19993.JPG,15,T62,HB19993
data/raw/Padded_imgs/T62/HB19994 (copy).JPG,15,T62,HB19994 (copy)
data/raw/Padded_imgs/T62/HB19994.JPG,15,T62,HB19994
data/raw/Padded_imgs/T62/HB19995 (copy).JPG,15,T62,HB19995 (copy)
data/raw/Padded_imgs/T62/HB19995.JPG,15,T62,HB19995
data/raw/Padded_imgs/T62/HB19996 (copy).JPG,15,T62,HB19996 (copy)
data/raw/Padded_imgs/T62/HB19996.JPG,15,T62,HB19996
data/raw/Padded_imgs/T62/HB19997 (copy).JPG,15,T62,HB19997 (copy)
data/raw/Padded_imgs/T62/HB19997.JPG,15,T62,HB19997
data/raw/Padded_imgs/T62/HB19998 (copy).JPG,15,T62,HB19998 (copy)
data/raw/Padded_imgs/T62/HB19998.JPG,15,T62,HB19998
data/raw/Padded_imgs/T62/HB19999 (copy).JPG,15,T62,HB19999 (copy)
data/raw/Padded_imgs/T62/HB19999.JPG,15,T62,HB19999
data/raw/Padded_imgs/T62/HB20000 (copy).JPG,15,T62,HB20000 (copy)
data/raw/Padded_imgs/T62/HB20000.JPG,15,T62,HB20000
data/raw/Padded_imgs/T62/HB20001 (copy).JPG,15,T62,HB20001 (copy)
data/raw/Padded_imgs/T62/HB20001.JPG,15,T62,HB20001
data/raw/Padded_imgs/T62/HB20002 (copy).JPG,15,T62,HB20002 (copy)
data/raw/Padded_imgs/T62/HB20002.JPG,15,T62,HB20002
data/raw/Padded_imgs/T62/HB20007 (copy).JPG,15,T62,HB20007 (copy)
data/raw/Padded_imgs/T62/HB20007.JPG,15,T62,HB20007
data/raw/Padded_imgs/T62/HB20008 (copy).JPG,15,T62,HB20008 (copy)
data/raw/Padded_imgs/T62/HB20008.JPG,15,T62,HB20008
data/raw/Padded_imgs/T62/HB20009 (copy).JPG,15,T62,HB20009 (copy)
data/raw/Padded_imgs/T62/HB20009.JPG,15,T62,HB20009
data/raw/Padded_imgs/T62/HB20010 (copy).JPG,15,T62,HB20010 (copy)
data/raw/Padded_imgs/T62/HB20010.JPG,15,T62,HB20010
data/raw/Padded_imgs/T62/HB20011 (copy).JPG,15,T62,HB20011 (copy)
data/raw/Padded_imgs/T62/HB20011.JPG,15,T62,HB20011
data/raw/Padded_imgs/T62/HB20012 (copy).JPG,15,T62,HB20012 (copy)
data/raw/Padded_imgs/T62/HB20012.JPG,15,T62,HB20012
data/raw/Padded_imgs/T62/HB20013 (copy).JPG,15,T62,HB20013 (copy)
data/raw/Padded_imgs/T62/HB20013.JPG,15,T62,HB20013
data/raw/Padded_imgs/ZIL131/HB14931 (copy).JPG,15,ZIL131,HB14931 (copy)
data/raw/Padded_imgs/ZIL131/HB14931.JPG,15,ZIL131,HB14931
data/raw/Padded_imgs/ZIL131/HB14932 (copy).JPG,15,ZIL131,HB14932 (copy)
data/raw/Padded_imgs/ZIL131/HB14932.JPG,15,ZIL131,HB14932
data/raw/Padded_imgs/ZIL131/HB14933 (copy).JPG,15,ZIL131,HB14933 (copy)
data/raw/Padded_imgs/ZIL131/HB14933.JPG,15,ZIL131,HB14933
data/raw/Padded_imgs/ZIL131/HB14934 (copy).JPG,15,ZIL131,HB14934 (copy)
data/raw/Padded_imgs/ZIL131/HB14934.JPG,15,ZIL131,HB14934
data/raw/Padded_imgs/ZIL131/HB14935 (copy).JPG,15,ZIL131,HB14935 (copy)
data/raw/Padded_imgs/ZIL131/HB14935.JPG,15,ZIL131,HB14935
data/raw/Padded_imgs/ZIL131/HB14936 (copy).JPG,15,ZIL131,HB14936 (copy)
data/raw/Padded_imgs/ZIL131/HB14936.JPG,15,ZIL131,HB14936
data/raw/Padded_imgs/ZIL131/HB14937 (copy).JPG,15,ZIL131,HB14937 (copy)
data/raw/Padded_imgs/ZIL131/HB14937.JPG,15,ZIL131,HB14937
data/raw/Padded_imgs/ZIL131/HB14938 (copy).JPG,15,ZIL131,HB14938 (copy)
data/raw/Padded_imgs/ZIL131/HB14938.JPG,15,ZIL131,HB14938
data/raw/Padded_imgs/ZIL131/HB14939 (copy).JPG,15,ZIL131,HB14939 (copy)
data/raw/Padded_imgs/ZIL131/HB14939.JPG,15,ZIL131,HB14939
data/raw/Padded_imgs/ZIL131/HB14940 (copy).JPG,15,ZIL131,HB14940 (copy)
data/raw/Padded_imgs/ZIL131/HB14940.JPG,15,ZIL131,HB14940
data/raw/Padded_imgs/ZIL131/HB14941 (copy).JPG,15,ZIL131,HB14941 (copy)
data/raw/Padded_imgs/ZIL131/HB14941.JPG,15,ZIL131,HB14941
data/raw/Padded_imgs/ZIL131/HB14942 (copy).JPG,15,ZIL131,HB14942 (copy)
data/raw/Padded_imgs/ZIL131/HB14942.JPG,15,ZIL131,HB14942
data/raw/Padded_imgs/ZIL131/HB14943 (copy).JPG,15,ZIL131,HB14943 (copy)
data/raw/Padded_imgs/ZIL131/HB14943.JPG,15,ZIL131,HB14943
data/raw/Padded_imgs/ZIL131/HB14944 (copy).JPG,15,ZIL131,HB14944 (copy)
data/raw/Padded_imgs/ZIL131/HB14944.JPG,15,ZIL131,HB14944
data/raw/Padded_imgs/ZIL131/HB14945 (copy).JPG,15,ZIL131,HB14945 (copy)
data/raw/Padded_imgs/ZIL131/HB14945.JPG,15,ZIL131,HB14945
data/raw/Padded_imgs/ZIL131/HB14946 (copy).JPG,15,ZIL131,HB14946 (copy)
data/raw/Padded_imgs/ZIL131/HB14946.JPG,15,ZIL131,HB14946
data/raw/Padded_imgs/ZIL131/HB14947 (copy).JPG,15,ZIL131,HB14947 (copy)
data/raw/Padded_imgs/ZIL131/HB14947.JPG,15,ZIL131,HB14947
data/raw/Padded_imgs/ZIL131/HB14948 (copy).JPG,15,ZIL131,HB14948 (copy)
data/raw/Padded_imgs/ZIL131/HB14948.JPG,15,ZIL131,HB14948
data/raw/Padded_imgs/ZIL131/HB14950 (copy).JPG,15,ZIL131,HB14950 (copy)
data/raw/Padded_imgs/ZIL131/HB14950.JPG,15,ZIL131,HB14950
data/raw/Padded_imgs/ZIL131/HB14951 (copy).JPG,15,ZIL131,HB14951 (copy)
data/raw/Padded_imgs/ZIL131/HB14951.JPG,15,ZIL131,HB14951
data/raw/Padded_imgs/ZIL131/HB14954 (copy).JPG,15,ZIL131,HB14954 (copy)
data/raw/Padded_imgs/ZIL131/HB14954.JPG,15,ZIL131,HB14954
data/raw/Padded_imgs/ZIL131/HB14955 (copy).JPG,15,ZIL131,HB14955 (copy)
data/raw/Padded_imgs/ZIL131/HB14955.JPG,15,ZIL131,HB14955
data/raw/Padded_imgs/ZIL131/HB14956 (copy).JPG,15,ZIL131,HB14956 (copy)
data/raw/Padded_imgs/ZIL131/HB14956.JPG,15,ZIL131,HB14956
data/raw/Padded_imgs/ZIL131/HB14957 (copy).JPG,15,ZIL131,HB14957 (copy)
data/raw/Padded_imgs/ZIL131/HB14957.JPG,15,ZIL131,HB14957
data/raw/Padded_imgs/ZIL131/HB14958 (copy).JPG,15,ZIL131,HB14958 (copy)
data/raw/Padded_imgs/ZIL131/HB14958.JPG,15,ZIL131,HB14958
data/raw/Padded_imgs/ZIL131/HB14959 (copy).JPG,15,ZIL131,HB14959 (copy)
data/raw/Padded_imgs/ZIL131/HB14959.JPG,15,ZIL131,HB14959
data/raw/Padded_imgs/ZIL131/HB14960 (copy).JPG,15,ZIL131,HB14960 (copy)
data/raw/Padded_imgs/ZIL131/HB14960.JPG,15,ZIL131,HB14960
data/raw/Padded_imgs/ZIL131/HB14961 (copy).JPG,15,ZIL131,HB14961 (copy)
data/raw/Padded_imgs/ZIL131/HB14961.JPG,15,ZIL131,HB14961
data/raw/Padded_imgs/ZIL131/HB14962 (copy).JPG,15,ZIL131,HB14962 (copy)
data/raw/Padded_imgs/ZIL131/HB14962.JPG,15,ZIL131,HB14962
data/raw/Padded_imgs/ZIL131/HB14963 (copy).JPG,15,ZIL131,HB14963 (copy)
data/raw/Padded_imgs/ZIL131/HB14963.JPG,15,ZIL131,HB14963
data/raw/Padded_imgs/ZIL131/HB14964 (copy).JPG,15,ZIL131,HB14964 (copy)
data/raw/Padded_imgs/ZIL131/HB14964.JPG,15,ZIL131,HB14964
data/raw/Padded_imgs/ZIL131/HB14965 (copy).JPG,15,ZIL131,HB14965 (copy)
data/raw/Padded_imgs/ZIL131/HB14965.JPG,15,ZIL131,HB14965
data/raw/Padded_imgs/ZIL131/HB14967 (copy).JPG,15,ZIL131,HB14967 (copy)
data/raw/Padded_imgs/ZIL131/HB14967.JPG,15,ZIL131,HB14967
data/raw/Padded_imgs/ZIL131/HB14968 (copy).JPG,15,ZIL131,HB14968 (copy)
data/raw/Padded_imgs/ZIL131/HB14968.JPG,15,ZIL131,HB14968
data/raw/Padded_imgs/ZIL131/HB14969 (copy).JPG,15,ZIL131,HB14969 (copy)
data/raw/Padded_imgs/ZIL131/HB14969.JPG,15,ZIL131,HB14969
data/raw/Padded_imgs/ZIL131/HB14970 (copy).JPG,15,ZIL131,HB14970 (copy)
data/raw/Padded_imgs/ZIL131/HB14970.JPG,15,ZIL131,HB14970
data/raw/Padded_imgs/ZIL131/HB14971 (copy).JPG,15,ZIL131,HB14971 (copy)
data/raw/Padded_imgs/ZIL131/HB14971.JPG,15,ZIL131,HB14971
data/raw/Padded_imgs/ZIL131/HB14972 (copy).JPG,15,ZIL131,HB14972 (copy)
data/raw/Padded_imgs/ZIL131/HB14972.JPG,15,ZIL131,HB14972
data/raw/Padded_imgs/ZIL131/HB14973 (copy).JPG,15,ZIL131,HB14973 (copy)
data/raw/Padded_imgs/ZIL131/HB14973.JPG,15,ZIL131,HB14973
data/raw/Padded_imgs/ZIL131/HB14974 (copy).JPG,15,ZIL131,HB14974 (copy)
data/raw/Padded_imgs/ZIL131/HB14974.JPG,15,ZIL131,HB14974
data/raw/Padded_imgs/ZIL131/HB14975 (copy).JPG,15,ZIL131,HB14975 (copy)
data/raw/Padded_imgs/ZIL131/HB14975.JPG,15,ZIL131,HB14975
data/raw/Padded_imgs/ZIL131/HB14976 (copy).JPG,15,ZIL131,HB14976 (copy)
data/raw/Padded_imgs/ZIL131/HB14976.JPG,15,ZIL131,HB14976
data/raw/Padded_imgs/ZIL131/HB14977 (copy).JPG,15,ZIL131,HB14977 (copy)
data/raw/Padded_imgs/ZIL131/HB14977.JPG,15,ZIL131,HB14977
data/raw/Padded_imgs/ZIL131/HB14978 (copy).JPG,15,ZIL131,HB14978 (copy)
data/raw/Padded_imgs/ZIL131/HB14978.JPG,15,ZIL131,HB14978
data/raw/Padded_imgs/ZIL131/HB14979 (copy).JPG,15,ZIL131,HB14979 (copy)
data/raw/Padded_imgs/ZIL131/HB14979.JPG,15,ZIL131,HB14979
data/raw/Padded_imgs/ZIL131/HB14980 (copy).JPG,15,ZIL131,HB14980 (copy)
data/raw/Padded_imgs/ZIL131/HB14980.JPG,15,ZIL131,HB14980
data/raw/Padded_imgs/ZIL131/HB14981 (copy).JPG,15,ZIL131,HB14981 (copy)
data/raw/Padded_imgs/ZIL131/HB14981.JPG,15,ZIL131,HB14981
data/raw/Padded_imgs/ZIL131/HB14982 (copy).JPG,15,ZIL131,HB14982 (copy)
data/raw/Padded_imgs/ZIL131/HB14982.JPG,15,ZIL131,HB14982
data/raw/Padded_imgs/ZIL131/HB14983 (copy).JPG,15,ZIL131,HB14983 (copy)
data/raw/Padded_imgs/ZIL131/HB14983.JPG,15,ZIL131,HB14983
data/raw/Padded_imgs/ZIL131/HB14984 (copy).JPG,15,ZIL131,HB14984 (copy)
data/raw/Padded_imgs/ZIL131/HB14984.JPG,15,ZIL131,HB14984
data/raw/Padded_imgs/ZIL131/HB14986 (copy).JPG,15,ZIL131,HB14986 (copy)
data/raw/Padded_imgs/ZIL131/HB14986.JPG,15,ZIL131,HB14986
data/raw/Padded_imgs/ZIL131/HB14987 (copy).JPG,15,ZIL131,HB14987 (copy)
data/raw/Padded_imgs/ZIL131/HB14987.JPG,15,ZIL131,HB14987
data/raw/Padded_imgs/ZIL131/HB14990 (copy).JPG,15,ZIL131,HB14990 (copy)
data/raw/Padded_imgs/ZIL131/HB14990.JPG,15,ZIL131,HB14990
data/raw/Padded_imgs/ZIL131/HB14991 (copy).JPG,15,ZIL131,HB14991 (copy)
data/raw/Padded_imgs/ZIL131/HB14991.JPG,15,ZIL131,HB14991
data/raw/Padded_imgs/ZIL131/HB14992 (copy).JPG,15,ZIL131,HB14992 (copy)
data/raw/Padded_imgs/ZIL131/HB14992.JPG,15,ZIL131,HB14992
data/raw/Padded_imgs/ZIL131/HB14993 (copy).JPG,15,ZIL131,HB14993 (copy)
data/raw/Padded_imgs/ZIL131/HB14993.JPG,15,ZIL131,HB14993
data/raw/Padded_imgs/ZIL131/HB14994 (copy).JPG,15,ZIL131,HB14994 (copy)
data/raw/Padded_imgs/ZIL131/HB14994.JPG,15,ZIL131,HB14994
data/raw/Padded_imgs/ZIL131/HB14995 (copy).JPG,15,ZIL131,HB14995 (copy)
data/raw/Padded_imgs/ZIL131/HB14995.JPG,15,ZIL131,HB14995
data/raw/Padded_imgs/ZIL131/HB14997 (copy).JPG,15,ZIL131,HB14997 (copy)
data/raw/Padded_imgs/ZIL131/HB14997.JPG,15,ZIL131,HB14997
data/raw/Padded_imgs/ZIL131/HB14998 (copy).JPG,15,ZIL131,HB14998 (copy)
data/raw/Padded_imgs/ZIL131/HB14998.JPG,15,ZIL131,HB14998
data/raw/Padded_imgs/ZIL131/HB14999 (copy).JPG,15,ZIL131,HB14999 (copy)
data/raw/Padded_imgs/ZIL131/HB14999.JPG,15,ZIL131,HB14999
data/raw/Padded_imgs/ZIL131/HB15000 (copy).JPG,15,ZIL131,HB15000 (copy)
data/raw/Padded_imgs/ZIL131/HB15000.JPG,15,ZIL131,HB15000
data/raw/Padded_imgs/ZIL131/HB15001 (copy).JPG,15,ZIL131,HB15001 (copy)
data/raw/Padded_imgs/ZIL131/HB15001.JPG,15,ZIL131,HB15001
data/raw/Padded_imgs/ZIL131/HB15002 (copy).JPG,15,ZIL131,HB15002 (copy)
data/raw/Padded_imgs/ZIL131/HB15002.JPG,15,ZIL131,HB15002
data/raw/Padded_imgs/ZIL131/HB15003 (copy).JPG,15,ZIL131,HB15003 (copy)
data/raw/Padded_imgs/ZIL131/HB15003.JPG,15,ZIL131,HB15003
data/raw/Padded_imgs/ZIL131/HB15004 (copy).JPG,15,ZIL131,HB15004 (copy)
data/raw/Padded_imgs/ZIL131/HB15004.JPG,15,ZIL131,HB15004
data/raw/Padded_imgs/ZIL131/HB15005 (copy).JPG,15,ZIL131,HB15005 (copy)
data/raw/Padded_imgs/ZIL131/HB15005.JPG,15,ZIL131,HB15005
data/raw/Padded_imgs/ZIL131/HB15006 (copy).JPG,15,ZIL131,HB15006 (copy)
data/raw/Padded_imgs/ZIL131/HB15006.JPG,15,ZIL131,HB15006
data/raw/Padded_imgs/ZIL131/HB15008 (copy).JPG,15,ZIL131,HB15008 (copy)
data/raw/Padded_imgs/ZIL131/HB15008.JPG,15,ZIL131,HB15008
data/raw/Padded_imgs/ZIL131/HB15009 (copy).JPG,15,ZIL131,HB15009 (copy)
data/raw/Padded_imgs/ZIL131/HB15009.JPG,15,ZIL131,HB15009
data/raw/Padded_imgs/ZIL131/HB15010 (copy).JPG,15,ZIL131,HB15010 (copy)
data/raw/Padded_imgs/ZIL131/HB15010.JPG,15,ZIL131,HB15010
data/raw/Padded_imgs/ZIL131/HB15011 (copy).JPG,15,ZIL131,HB15011 (copy)
data/raw/Padded_imgs/ZIL131/HB15011.JPG,15,ZIL131,HB15011
data/raw/Padded_imgs/ZIL131/HB15012 (copy).JPG,15,ZIL131,HB15012 (copy)
data/raw/Padded_imgs/ZIL131/HB15012.JPG,15,ZIL131,HB15012
data/raw/Padded_imgs/ZIL131/HB15013 (copy).JPG,15,ZIL131,HB15013 (copy)
data/raw/Padded_imgs/ZIL131/HB15013.JPG,15,ZIL131,HB15013
data/raw/Padded_imgs/ZIL131/HB15014 (copy).JPG,15,ZIL131,HB15014 (copy)
data/raw/Padded_imgs/ZIL131/HB15014.JPG,15,ZIL131,HB15014
data/raw/Padded_imgs/ZIL131/HB15015 (copy).JPG,15,ZIL131,HB15015 (copy)
data/raw/Padded_imgs/ZIL131/HB15015.JPG,15,ZIL131,HB15015
data/raw/Padded_imgs/ZIL131/HB15016 (copy).JPG,15,ZIL131,HB15016 (copy)
data/raw/Padded_imgs/ZIL131/HB15016.JPG,15,ZIL131,HB15016
data/raw/Padded_imgs/ZIL131/HB15017 (copy).JPG,17,ZIL131,HB15017 (copy)
data/raw/Padded_imgs/ZIL131/HB15017.JPG,17,ZIL131,HB15017
data/raw/Padded_imgs/ZIL131/HB15018 (copy).JPG,15,ZIL131,HB15018 (copy)
data/raw/Padded_imgs/ZIL131/HB15018.JPG,15,ZIL131,HB15018
data/raw/Padded_imgs/ZIL131/HB15019 (copy).JPG,15,ZIL131,HB15019 (copy)
data/raw/Padded_imgs/ZIL131/HB15019.JPG,15,ZIL131,HB15019
data/raw/Padded_imgs/ZIL131/HB15020 (copy).JPG,15,ZIL131,HB15020 (copy)
data/raw/Padded_imgs/ZIL131/HB15020.JPG,15,ZIL131,HB15020
data/raw/Padded_imgs/ZIL131/HB15021 (copy).JPG,15,ZIL131,HB15021 (copy)
data/raw/Padded_imgs/ZIL131/HB15021.JPG,15,ZIL131,HB15021
data/raw/Padded_imgs/ZIL131/HB15022 (copy).JPG,15,ZIL131,HB15022 (copy)
data/raw/Padded_imgs/ZIL131/HB15022.JPG,15,ZIL131,HB15022
data/raw/Padded_imgs/ZIL131/HB15025 (copy).JPG,15,ZIL131,HB15025 (copy)
data/raw/Padded_imgs/ZIL131/HB15025.JPG,15,ZIL131,HB15025
data/raw/Padded_imgs/ZIL131/HB15026 (copy).JPG,15,ZIL131,HB15026 (copy)
data/raw/Padded_imgs/ZIL131/HB15026.JPG,15,ZIL131,HB15026
data/raw/Padded_imgs/ZIL131/HB15027 (copy).JPG,15,ZIL131,HB15027 (copy)
data/raw/Padded_imgs/ZIL131/HB15027.JPG,15,ZIL131,HB15027
data/raw/Padded_imgs/ZIL131/HB15028 (copy).JPG,15,ZIL131,HB15028 (copy)
data/raw/Padded_imgs/ZIL131/HB15028.JPG,15,ZIL131,HB15028
data/raw/Padded_imgs/ZIL131/HB15029 (copy).JPG,15,ZIL131,HB15029 (copy)
data/raw/Padded_imgs/ZIL131/HB15029.JPG,15,ZIL131,HB15029
data/raw/Padded_imgs/ZIL131/HB15030 (copy).JPG,15,ZIL131,HB15030 (copy)
data/raw/Padded_imgs/ZIL131/HB15030.JPG,15,ZIL131,HB15030
data/raw/Padded_imgs/ZIL131/HB15031 (copy).JPG,15,ZIL131,HB15031 (copy)
data/raw/Padded_imgs/ZIL131/HB15031.JPG,15,ZIL131,HB15031
data/raw/Padded_imgs/ZIL131/HB15032 (copy).JPG,15,ZIL131,HB15032 (copy)
data/raw/Padded_imgs/ZIL131/HB15032.JPG,15,ZIL131,HB15032
data/raw/Padded_imgs/ZIL131/HB15033 (copy).JPG,15,ZIL131,HB15033 (copy)
data/raw/Padded_imgs/ZIL131/HB15033.JPG,15,ZIL131,HB15033
data/raw/Padded_imgs/ZIL131/HB15034 (copy).JPG,15,ZIL131,HB15034 (copy)
data/raw/Padded_imgs/ZIL131/HB15034.JPG,15,ZIL131,HB15034
data/raw/Padded_imgs/ZIL131/HB15036 (copy).JPG,15,ZIL131,HB15036 (copy)
data/raw/Padded_imgs/ZIL131/HB15036.JPG,15,ZIL131,HB15036
data/raw/Padded_imgs/ZIL131/HB15037 (copy).JPG,15,ZIL131,HB15037 (copy)
data/raw/Padded_imgs/ZIL131/HB15037.JPG,15,ZIL131,HB15037
data/raw/Padded_imgs/ZIL131/HB15038 (copy).JPG,15,ZIL131,HB15038 (copy)
data/raw/Padded_imgs/ZIL131/HB15038.JPG,15,ZIL131,HB15038
data/raw/Padded_imgs/ZIL131/HB15039 (copy).JPG,15,ZIL131,HB15039 (copy)
data/raw/Padded_imgs/ZIL131/HB15039.JPG,15,ZIL131,HB15039
data/raw/Padded_imgs/ZIL131/HB15041 (copy).JPG,15,ZIL131,HB15041 (copy)
data/raw/Padded_imgs/ZIL131/HB15041.JPG,15,ZIL131,HB15041
data/raw/Padded_imgs/ZIL131/HB15042 (copy).JPG,15,ZIL131,HB15042 (copy)
data/raw/Padded_imgs/ZIL131/HB15042.JPG,15,ZIL131,HB15042
data/raw/Padded_imgs/ZIL131/HB15043 (copy).JPG,15,ZIL131,HB15043 (copy)
data/raw/Padded_imgs/ZIL131/HB15043.JPG,15,ZIL131,HB15043
data/raw/Padded_imgs/ZIL131/HB15044 (copy).JPG,15,ZIL131,HB15044 (copy)
data/raw/Padded_imgs/ZIL131/HB15044.JPG,15,ZIL131,HB15044
data/raw/Padded_imgs/ZIL131/HB15045 (copy).JPG,15,ZIL131,HB15045 (copy)
data/raw/Padded_imgs/ZIL131/HB15045.JPG,15,ZIL131,HB15045
data/raw/Padded_imgs/ZIL131/HB15046 (copy).JPG,15,ZIL131,HB15046 (copy)
data/raw/Padded_imgs/ZIL131/HB15046.JPG,15,ZIL131,HB15046
data/raw/Padded_imgs/ZIL131/HB15047 (copy).JPG,15,ZIL131,HB15047 (copy)
data/raw/Padded_imgs/ZIL131/HB15047.JPG,15,ZIL131,HB15047
data/raw/Padded_imgs/ZIL131/HB15048 (copy).JPG,15,ZIL131,HB15048 (copy)
data/raw/Padded_imgs/ZIL131/HB15048.JPG,15,ZIL131,HB15048
data/raw/Padded_imgs/ZIL131/HB15049 (copy).JPG,15,ZIL131,HB15049 (copy)
data/raw/Padded_imgs/ZIL131/HB15049.JPG,15,ZIL131,HB15049
data/raw/Padded_imgs/ZIL131/HB15050 (copy).JPG,15,ZIL131,HB15050 (copy)
data/raw/Padded_imgs/ZIL131/HB15050.JPG,15,ZIL131,HB15050
data/raw/Padded_imgs/ZIL131/HB15051 (copy).JPG,15,ZIL131,HB15051 (copy)
data/raw/Padded_imgs/ZIL131/HB15051.JPG,15,ZIL131,HB15051
data/raw/Padded_imgs/ZIL131/HB15052 (copy).JPG,15,ZIL131,HB15052 (copy)
data/raw/Padded_imgs/ZIL131/HB15052.JPG,15,ZIL131,HB15052
data/raw/Padded_imgs/ZIL131/HB15054 (copy).JPG,15,ZIL131,HB15054 (copy)
data/raw/Padded_imgs/ZIL131/HB15054.JPG,15,ZIL131,HB15054
data/raw/Padded_imgs/ZIL131/HB15055 (copy).JPG,15,ZIL131,HB15055 (copy)
data/raw/Padded_imgs/ZIL131/HB15055.JPG,15,ZIL131,HB15055
data/raw/Padded_imgs/ZIL131/HB15056 (copy).JPG,15,ZIL131,HB15056 (copy)
data/raw/Padded_imgs/ZIL131/HB15056.JPG,15,ZIL131,HB15056
data/raw/Padded_imgs/ZIL131/HB15057 (copy).JPG,15,ZIL131,HB15057 (copy)
data/raw/Padded_imgs/ZIL131/HB15057.JPG,15,ZIL131,HB15057
data/raw/Padded_imgs/ZIL131/HB15060 (copy).JPG,15,ZIL131,HB15060 (copy)
data/raw/Padded_imgs/ZIL131/HB15060.JPG,15,ZIL131,HB15060
data/raw/Padded_imgs/ZIL131/HB15062 (copy).JPG,15,ZIL131,HB15062 (copy)
data/raw/Padded_imgs/ZIL131/HB15062.JPG,15,ZIL131,HB15062
data/raw/Padded_imgs/ZIL131/HB15063 (copy).JPG,15,ZIL131,HB15063 (copy)
data/raw/Padded_imgs/ZIL131/HB15063.JPG,15,ZIL131,HB15063
data/raw/Padded_imgs/ZIL131/HB15064 (copy).JPG,15,ZIL131,HB15064 (copy)
data/raw/Padded_imgs/ZIL131/HB15064.JPG,15,ZIL131,HB15064
data/raw/Padded_imgs/ZIL131/HB15065 (copy).JPG,15,ZIL131,HB15065 (copy)
data/raw/Padded_imgs/ZIL131/HB15065.JPG,15,ZIL131,HB15065
data/raw/Padded_imgs/ZIL131/HB15066 (copy).JPG,15,ZIL131,HB15066 (copy)
data/raw/Padded_imgs/ZIL131/HB15066.JPG,15,ZIL131,HB15066
data/raw/Padded_imgs/ZIL131/HB15067 (copy).JPG,15,ZIL131,HB15067 (copy)
data/raw/Padded_imgs/ZIL131/HB15067.JPG,15,ZIL131,HB15067
data/raw/Padded_imgs/ZIL131/HB15068 (copy).JPG,15,ZIL131,HB15068 (copy)
data/raw/Padded_imgs/ZIL131/HB15068.JPG,15,ZIL131,HB15068
data/raw/Padded_imgs/ZIL131/HB15069 (copy).JPG,15,ZIL131,HB15069 (copy)
data/raw/Padded_imgs/ZIL131/HB15069.JPG,15,ZIL131,HB15069
data/raw/Padded_imgs/ZIL131/HB15070 (copy).JPG,15,ZIL131,HB15070 (copy)
data/raw/Padded_imgs/ZIL131/HB15070.JPG,15,ZIL131,HB15070
data/raw/Padded_imgs/ZIL131/HB15072 (copy).JPG,15,ZIL131,HB15072 (copy)
data/raw/Padded_imgs/ZIL131/HB15072.JPG,15,ZIL131,HB15072
data/raw/Padded_imgs/ZIL131/HB15073 (copy).JPG,15,ZIL131,HB15073 (copy)
data/raw/Padded_imgs/ZIL131/HB15073.JPG,15,ZIL131,HB15073
data/raw/Padded_imgs/ZIL131/HB15074 (copy).JPG,15,ZIL131,HB15074 (copy)
data/raw/Padded_imgs/ZIL131/HB15074.JPG,15,ZIL131,HB15074
data/raw/Padded_imgs/ZIL131/HB15075 (copy).JPG,15,ZIL131,HB15075 (copy)
data/raw/Padded_imgs/ZIL131/HB15075.JPG,15,ZIL131,HB15075
data/raw/Padded_imgs/ZIL131/HB15076 (copy).JPG,15,ZIL131,HB15076 (copy)
data/raw/Padded_imgs/ZIL131/HB15076.JPG,15,ZIL131,HB15076
data/raw/Padded_imgs/ZIL131/HB15077 (copy).JPG,15,ZIL131,HB15077 (copy)
data/raw/Padded_imgs/ZIL131/HB15077.JPG,15,ZIL131,HB15077
data/raw/Padded_imgs/ZIL131/HB15078 (copy).JPG,15,ZIL131,HB15078 (copy)
data/raw/Padded_imgs/ZIL131/HB15078.JPG,15,ZIL131,HB15078
data/raw/Padded_imgs/ZIL131/HB15079 (copy).JPG,15,ZIL131,HB15079 (copy)
data/raw/Padded_imgs/ZIL131/HB15079.JPG,15,ZIL131,HB15079
data/raw/Padded_imgs/ZIL131/HB15080 (copy).JPG,15,ZIL131,HB15080 (copy)
data/raw/Padded_imgs/ZIL131/HB15080.JPG,15,ZIL131,HB15080
data/raw/Padded_imgs/ZIL131/HB15082 (copy).JPG,15,ZIL131,HB15082 (copy)
data/raw/Padded_imgs/ZIL131/HB15082.JPG,15,ZIL131,HB15082
data/raw/Padded_imgs/ZIL131/HB15083 (copy).JPG,15,ZIL131,HB15083 (copy)
data/raw/Padded_imgs/ZIL131/HB15083.JPG,15,ZIL131,HB15083
data/raw/Padded_imgs/ZIL131/HB15084 (copy).JPG,15,ZIL131,HB15084 (copy)
data/raw/Padded_imgs/ZIL131/HB15084.JPG,15,ZIL131,HB15084
data/raw/Padded_imgs/ZIL131/HB15085 (copy).JPG,15,ZIL131,HB15085 (copy)
data/raw/Padded_imgs/ZIL131/HB15085.JPG,15,ZIL131,HB15085
data/raw/Padded_imgs/ZIL131/HB15086 (copy).JPG,15,ZIL131,HB15086 (copy)
data/raw/Padded_imgs/ZIL131/HB15086.JPG,15,ZIL131,HB15086
data/raw/Padded_imgs/ZIL131/HB15087 (copy).JPG,15,ZIL131,HB15087 (copy)
data/raw/Padded_imgs/ZIL131/HB15087.JPG,15,ZIL131,HB15087
data/raw/Padded_imgs/ZIL131/HB15088 (copy).JPG,15,ZIL131,HB15088 (copy)
data/raw/Padded_imgs/ZIL131/HB15088.JPG,15,ZIL131,HB15088
data/raw/Padded_imgs/ZIL131/HB15090 (copy).JPG,15,ZIL131,HB15090 (copy)
data/raw/Padded_imgs/ZIL131/HB15090.JPG,15,ZIL131,HB15090
data/raw/Padded_imgs/ZIL131/HB15091 (copy).JPG,15,ZIL131,HB15091 (copy)
data/raw/Padded_imgs/ZIL131/HB15091.JPG,15,ZIL131,HB15091
data/raw/Padded_imgs/ZIL131/HB15092 (copy).JPG,15,ZIL131,HB15092 (copy)
data/raw/Padded_imgs/ZIL131/HB15092.JPG,15,ZIL131,HB15092
data/raw/Padded_imgs/ZIL131/HB15096 (copy).JPG,15,ZIL131,HB15096 (copy)
data/raw/Padded_imgs/ZIL131/HB15096.JPG,15,ZIL131,HB15096
data/raw/Padded_imgs/ZIL131/HB15097 (copy).JPG,15,ZIL131,HB15097 (copy)
data/raw/Padded_imgs/ZIL131/HB15097.JPG,15,ZIL131,HB15097
data/raw/Padded_imgs/ZIL131/HB15098 (copy).JPG,15,ZIL131,HB15098 (copy)
data/raw/Padded_imgs/ZIL131/HB15098.JPG,15,ZIL131,HB15098
data/raw/Padded_imgs/ZIL131/HB15100 (copy).JPG,15,ZIL131,HB15100 (copy)
data/raw/Padded_imgs/ZIL131/HB15100.JPG,15,ZIL131,HB15100
data/raw/Padded_imgs/ZIL131/HB15101 (copy).JPG,15,ZIL131,HB15101 (copy)
data/raw/Padded_imgs/ZIL131/HB15101.JPG,15,ZIL131,HB15101
data/raw/Padded_imgs/ZIL131/HB15102 (copy).JPG,15,ZIL131,HB15102 (copy)
data/raw/Padded_imgs/ZIL131/HB15102.JPG,15,ZIL131,HB15102
data/raw/Padded_imgs/ZIL131/HB15103 (copy).JPG,15,ZIL131,HB15103 (copy)
data/raw/Padded_imgs/ZIL131/HB15103.JPG,15,ZIL131,HB15103
data/raw/Padded_imgs/ZIL131/HB15104 (copy).JPG,15,ZIL131,HB15104 (copy)
data/raw/Padded_imgs/ZIL131/HB15104.JPG,15,ZIL131,HB15104
data/raw/Padded_imgs/ZIL131/HB15106 (copy).JPG,15,ZIL131,HB15106 (copy)
data/raw/Padded_imgs/ZIL131/HB15106.JPG,15,ZIL131,HB15106
data/raw/Padded_imgs/ZIL131/HB15108 (copy).JPG,15,ZIL131,HB15108 (copy)
data/raw/Padded_imgs/ZIL131/HB15108.JPG,15,ZIL131,HB15108
data/raw/Padded_imgs/ZIL131/HB15109 (copy).JPG,15,ZIL131,HB15109 (copy)
data/raw/Padded_imgs/ZIL131/HB15109.JPG,15,ZIL131,HB15109
data/raw/Padded_imgs/ZIL131/HB15111 (copy).JPG,15,ZIL131,HB15111 (copy)
data/raw/Padded_imgs/ZIL131/HB15111.JPG,15,ZIL131,HB15111
data/raw/Padded_imgs/ZIL131/HB15112 (copy).JPG,15,ZIL131,HB15112 (copy)
data/raw/Padded_imgs/ZIL131/HB15112.JPG,15,ZIL131,HB15112
data/raw/Padded_imgs/ZIL131/HB15113 (copy).JPG,15,ZIL131,HB15113 (copy)
data/raw/Padded_imgs/ZIL131/HB15113.JPG,15,ZIL131,HB15113
data/raw/Padded_imgs/ZIL131/HB15114 (copy).JPG,15,ZIL131,HB15114 (copy)
data/raw/Padded_imgs/ZIL131/HB15114.JPG,15,ZIL131,HB15114
data/raw/Padded_imgs/ZIL131/HB15115 (copy).JPG,15,ZIL131,HB15115 (copy)
data/raw/Padded_imgs/ZIL131/HB15115.JPG,15,ZIL131,HB15115
data/raw/Padded_imgs/ZIL131/HB15116 (copy).JPG,15,ZIL131,HB15116 (copy)
data/raw/Padded_imgs/ZIL131/HB15116.JPG,15,ZIL131,HB15116
data/raw/Padded_imgs/ZIL131/HB15117 (copy).JPG,17,ZIL131,HB15117 (copy)
data/raw/Padded_imgs/ZIL131/HB15117.JPG,17,ZIL131,HB15117
data/raw/Padded_imgs/ZIL131/HB15118 (copy).JPG,15,ZIL131,HB15118 (copy)
data/raw/Padded_imgs/ZIL131/HB15118.JPG,15,ZIL131,HB15118
data/raw/Padded_imgs/ZIL131/HB15119 (copy).JPG,15,ZIL131,HB15119 (copy)
data/raw/Padded_imgs/ZIL131/HB15119.JPG,15,ZIL131,HB15119
data/raw/Padded_imgs/ZIL131/HB15120 (copy).JPG,15,ZIL131,HB15120 (copy)
data/raw/Padded_imgs/ZIL131/HB15120.JPG,15,ZIL131,HB15120
data/raw/Padded_imgs/ZIL131/HB15121 (copy).JPG,15,ZIL131,HB15121 (copy)
data/raw/Padded_imgs/ZIL131/HB15121.JPG,15,ZIL131,HB15121
data/raw/Padded_imgs/ZIL131/HB15122 (copy).JPG,15,ZIL131,HB15122 (copy)
data/raw/Padded_imgs/ZIL131/HB15122.JPG,15,ZIL131,HB15122
data/raw/Padded_imgs/ZIL131/HB15123 (copy).JPG,15,ZIL131,HB15123 (copy)
data/raw/Padded_imgs/ZIL131/HB15123.JPG,15,ZIL131,HB15123
data/raw/Padded_imgs/ZIL131/HB15124 (copy).JPG,15,ZIL131,HB15124 (copy)
data/raw/Padded_imgs/ZIL131/HB15124.JPG,15,ZIL131,HB15124
data/raw/Padded_imgs/ZIL131/HB15125 (copy).JPG,15,ZIL131,HB15125 (copy)
data/raw/Padded_imgs/ZIL131/HB15125.JPG,15,ZIL131,HB15125
data/raw/Padded_imgs/ZIL131/HB15129 (copy).JPG,15,ZIL131,HB15129 (copy)
data/raw/Padded_imgs/ZIL131/HB15129.JPG,15,ZIL131,HB15129
data/raw/Padded_imgs/ZIL131/HB15130 (copy).JPG,15,ZIL131,HB15130 (copy)
data/raw/Padded_imgs/ZIL131/HB15130.JPG,15,ZIL131,HB15130
data/raw/Padded_imgs/ZIL131/HB15132 (copy).JPG,15,ZIL131,HB15132 (copy)
data/raw/Padded_imgs/ZIL131/HB15132.JPG,15,ZIL131,HB15132
data/raw/Padded_imgs/ZIL131/HB15134 (copy).JPG,15,ZIL131,HB15134 (copy)
data/raw/Padded_imgs/ZIL131/HB15134.JPG,15,ZIL131,HB15134
data/raw/Padded_imgs/ZIL131/HB15135 (copy).JPG,15,ZIL131,HB15135 (copy)
data/raw/Padded_imgs/ZIL131/HB15135.JPG,15,ZIL131,HB15135
data/raw/Padded_imgs/ZIL131/HB15136 (copy).JPG,15,ZIL131,HB15136 (copy)
data/raw/Padded_imgs/ZIL131/HB15136.JPG,15,ZIL131,HB15136
data/raw/Padded_imgs/ZIL131/HB15138 (copy).JPG,15,ZIL131,HB15138 (copy)
data/raw/Padded_imgs/ZIL131/HB15138.JPG,15,ZIL131,HB15138
data/raw/Padded_imgs/ZIL131/HB15139 (copy).JPG,15,ZIL131,HB15139 (copy)
data/raw/Padded_imgs/ZIL131/HB15139.JPG,15,ZIL131,HB15139
data/raw/Padded_imgs/ZIL131/HB15140 (copy).JPG,15,ZIL131,HB15140 (copy)
data/raw/Padded_imgs/ZIL131/HB15140.JPG,15,ZIL131,HB15140
data/raw/Padded_imgs/ZIL131/HB15141 (copy).JPG,15,ZIL131,HB15141 (copy)
data/raw/Padded_imgs/ZIL131/HB15141.JPG,15,ZIL131,HB15141
data/raw/Padded_imgs/ZIL131/HB15142 (copy).JPG,15,ZIL131,HB15142 (copy)
data/raw/Padded_imgs/ZIL131/HB15142.JPG,15,ZIL131,HB15142
data/raw/Padded_imgs/ZIL131/HB15143 (copy).JPG,15,ZIL131,HB15143 (copy)
data/raw/Padded_imgs/ZIL131/HB15143.JPG,15,ZIL131,HB15143
data/raw/Padded_imgs/ZIL131/HB15144 (copy).JPG,15,ZIL131,HB15144 (copy)
data/raw/Padded_imgs/ZIL131/HB15144.JPG,15,ZIL131,HB15144
data/raw/Padded_imgs/ZIL131/HB15145 (copy).JPG,15,ZIL131,HB15145 (copy)
data/raw/Padded_imgs/ZIL131/HB15145.JPG,15,ZIL131,HB15145
data/raw/Padded_imgs/ZIL131/HB15146 (copy).JPG,15,ZIL131,HB15146 (copy)
data/raw/Padded_imgs/ZIL131/HB15146.JPG,15,ZIL131,HB15146
data/raw/Padded_imgs/ZIL131/HB15147 (copy).JPG,15,ZIL131,HB15147 (copy)
data/raw/Padded_imgs/ZIL131/HB15147.JPG,15,ZIL131,HB15147
data/raw/Padded_imgs/ZIL131/HB15148 (copy).JPG,15,ZIL131,HB15148 (copy)
data/raw/Padded_imgs/ZIL131/HB15148.JPG,15,ZIL131,HB15148
data/raw/Padded_imgs/ZIL131/HB15150 (copy).JPG,15,ZIL131,HB15150 (copy)
data/raw/Padded_imgs/ZIL131/HB15150.JPG,15,ZIL131,HB15150
data/raw/Padded_imgs/ZIL131/HB15151 (copy).JPG,15,ZIL131,HB15151 (copy)
data/raw/Padded_imgs/ZIL131/HB15151.JPG,15,ZIL131,HB15151
data/raw/Padded_imgs/ZIL131/HB15152 (copy).JPG,15,ZIL131,HB15152 (copy)
data/raw/Padded_imgs/ZIL131/HB15152.JPG,15,ZIL131,HB15152
data/raw/Padded_imgs/ZIL131/HB15154 (copy).JPG,15,ZIL131,HB15154 (copy)
data/raw/Padded_imgs/ZIL131/HB15154.JPG,15,ZIL131,HB15154
data/raw/Padded_imgs/ZIL131/HB15156 (copy).JPG,15,ZIL131,HB15156 (copy)
data/raw/Padded_imgs/ZIL131/HB15156.JPG,15,ZIL131,HB15156
data/raw/Padded_imgs/ZIL131/HB15157 (copy).JPG,15,ZIL131,HB15157 (copy)
data/raw/Padded_imgs/ZIL131/HB15157.JPG,15,ZIL131,HB15157
data/raw/Padded_imgs/ZIL131/HB15158 (copy).JPG,15,ZIL131,HB15158 (copy)
data/raw/Padded_imgs/ZIL131/HB15158.JPG,15,ZIL131,HB15158
data/raw/Padded_imgs/ZIL131/HB15161 (copy).JPG,15,ZIL131,HB15161 (copy)
data/raw/Padded_imgs/ZIL131/HB15161.JPG,15,ZIL131,HB15161
data/raw/Padded_imgs/ZIL131/HB15162 (copy).JPG,15,ZIL131,HB15162 (copy)
data/raw/Padded_imgs/ZIL131/HB15162.JPG,15,ZIL131,HB15162
data/raw/Padded_imgs/ZIL131/HB15163 (copy).JPG,15,ZIL131,HB15163 (copy)
data/raw/Padded_imgs/ZIL131/HB15163.JPG,15,ZIL131,HB15163
data/raw/Padded_imgs/ZIL131/HB15165 (copy).JPG,15,ZIL131,HB15165 (copy)
data/raw/Padded_imgs/ZIL131/HB15165.JPG,15,ZIL131,HB15165
data/raw/Padded_imgs/ZIL131/HB15166 (copy).JPG,15,ZIL131,HB15166 (copy)
data/raw/Padded_imgs/ZIL131/HB15166.JPG,15,ZIL131,HB15166
data/raw/Padded_imgs/ZIL131/HB15168 (copy).JPG,15,ZIL131,HB15168 (copy)
data/raw/Padded_imgs/ZIL131/HB15168.JPG,15,ZIL131,HB15168
data/raw/Padded_imgs/ZIL131/HB15169 (copy).JPG,15,ZIL131,HB15169 (copy)
data/raw/Padded_imgs/ZIL131/HB15169.JPG,15,ZIL131,HB15169
data/raw/Padded_imgs/ZIL131/HB15175 (copy).JPG,17,ZIL131,HB15175 (copy)
data/raw/Padded_imgs/ZIL131/HB15175.JPG,17,ZIL131,HB15175
data/raw/Padded_imgs/ZIL131/HB15176 (copy).JPG,17,ZIL131,HB15176 (copy)
data/raw/Padded_imgs/ZIL131/HB15176.JPG,17,ZIL131,HB15176
data/raw/Padded_imgs/ZIL131/HB15177 (copy).JPG,17,ZIL131,HB15177 (copy)
data/raw/Padded_imgs/ZIL131/HB15177.JPG,17,ZIL131,HB15177
data/raw/Padded_imgs/ZIL131/HB15178 (copy).JPG,17,ZIL131,HB15178 (copy)
data/raw/Padded_imgs/ZIL131/HB15178.JPG,17,ZIL131,HB15178
data/raw/Padded_imgs/ZIL131/HB15179 (copy).JPG,17,ZIL131,HB15179 (copy)
data/raw/Padded_imgs/ZIL131/HB15179.JPG,17,ZIL131,HB15179
data/raw/Padded_imgs/ZIL131/HB15180 (copy).JPG,15,ZIL131,HB15180 (copy)
data/raw/Padded_imgs/ZIL131/HB15180.JPG,15,ZIL131,HB15180
data/raw/Padded_imgs/ZIL131/HB15181 (copy).JPG,15,ZIL131,HB15181 (copy)
data/raw/Padded_imgs/ZIL131/HB15181.JPG,15,ZIL131,HB15181
data/raw/Padded_imgs/ZIL131/HB15182 (copy).JPG,15,ZIL131,HB15182 (copy)
data/raw/Padded_imgs/ZIL131/HB15182.JPG,15,ZIL131,HB15182
data/raw/Padded_imgs/ZIL131/HB15184 (copy).JPG,15,ZIL131,HB15184 (copy)
data/raw/Padded_imgs/ZIL131/HB15184.JPG,15,ZIL131,HB15184
data/raw/Padded_imgs/ZIL131/HB15185 (copy).JPG,15,ZIL131,HB15185 (copy)
data/raw/Padded_imgs/ZIL131/HB15185.JPG,15,ZIL131,HB15185
data/raw/Padded_imgs/ZIL131/HB15186 (copy).JPG,15,ZIL131,HB15186 (copy)
data/raw/Padded_imgs/ZIL131/HB15186.JPG,15,ZIL131,HB15186
data/raw/Padded_imgs/ZIL131/HB15190 (copy).JPG,15,ZIL131,HB15190 (copy)
data/raw/Padded_imgs/ZIL131/HB15190.JPG,15,ZIL131,HB15190
data/raw/Padded_imgs/ZIL131/HB15191 (copy).JPG,15,ZIL131,HB15191 (copy)
data/raw/Padded_imgs/ZIL131/HB15191.JPG,15,ZIL131,HB15191
data/raw/Padded_imgs/ZIL131/HB15192 (copy).JPG,15,ZIL131,HB15192 (copy)
data/raw/Padded_imgs/ZIL131/HB15192.JPG,15,ZIL131,HB15192
data/raw/Padded_imgs/ZIL131/HB15193 (copy).JPG,15,ZIL131,HB15193 (copy)
data/raw/Padded_imgs/ZIL131/HB15193.JPG,15,ZIL131,HB15193
data/raw/Padded_imgs/ZIL131/HB15194 (copy).JPG,15,ZIL131,HB15194 (copy)
data/raw/Padded_imgs/ZIL131/HB15194.JPG,15,ZIL131,HB15194
data/raw/Padded_imgs/ZIL131/HB15195 (copy).JPG,15,ZIL131,HB15195 (copy)
data/raw/Padded_imgs/ZIL131/HB15195.JPG,15,ZIL131,HB15195
data/raw/Padded_imgs/ZIL131/HB15196 (copy).JPG,15,ZIL131,HB15196 (copy)
data/raw/Padded_imgs/ZIL131/HB15196.JPG,15,ZIL131,HB15196
data/raw/Padded_imgs/ZIL131/HB15197 (copy).JPG,15,ZIL131,HB15197 (copy)
data/raw/Padded_imgs/ZIL131/HB15197.JPG,15,ZIL131,HB15197
data/raw/Padded_imgs/ZIL131/HB15198 (copy).JPG,15,ZIL131,HB15198 (copy)
data/raw/Padded_imgs/ZIL131/HB15198.JPG,15,ZIL131,HB15198
data/raw/Padded_imgs/ZIL131/HB15199 (copy).JPG,15,ZIL131,HB15199 (copy)
data/raw/Padded_imgs/ZIL131/HB15199.JPG,15,ZIL131,HB15199
data/raw/Padded_imgs/ZIL131/HB15201 (copy).JPG,15,ZIL131,HB15201 (copy)
data/raw/Padded_imgs/ZIL131/HB15201.JPG,15,ZIL131,HB15201
data/raw/Padded_imgs/ZIL131/HB15202 (copy).JPG,15,ZIL131,HB15202 (copy)
data/raw/Padded_imgs/ZIL131/HB15202.JPG,15,ZIL131,HB15202
data/raw/Padded_imgs/ZIL131/HB15203 (copy).JPG,15,ZIL131,HB15203 (copy)
data/raw/Padded_imgs/ZIL131/HB15203.JPG,15,ZIL131,HB15203
data/raw/Padded_imgs/ZIL131/HB15206 (copy).JPG,15,ZIL131,HB15206 (copy)
data/raw/Padded_imgs/ZIL131/HB15206.JPG,15,ZIL131,HB15206
data/raw/Padded_imgs/ZIL131/HB15207 (copy).JPG,15,ZIL131,HB15207 (copy)
data/raw/Padded_imgs/ZIL131/HB15207.JPG,15,ZIL131,HB15207
data/raw/Padded_imgs/ZIL131/HB15208 (copy).JPG,15,ZIL131,HB15208 (copy)
data/raw/Padded_imgs/ZIL131/HB15208.JPG,15,ZIL131,HB15208
data/raw/Padded_imgs/ZIL131/HB15209 (copy).JPG,15,ZIL131,HB15209 (copy)
data/raw/Padded_imgs/ZIL131/HB15209.JPG,15,ZIL131,HB15209
data/raw/Padded_imgs/ZIL131/HB15210 (copy).JPG,15,ZIL131,HB15210 (copy)
data/raw/Padded_imgs/ZIL131/HB15210.JPG,15,ZIL131,HB15210
data/raw/Padded_imgs/ZIL131/HB15211 (copy).JPG,15,ZIL131,HB15211 (copy)
data/raw/Padded_imgs/ZIL131/HB15211.JPG,15,ZIL131,HB15211
data/raw/Padded_imgs/ZIL131/HB15212 (copy).JPG,15,ZIL131,HB15212 (copy)
data/raw/Padded_imgs/ZIL131/HB15212.JPG,15,ZIL131,HB15212
data/raw/Padded_imgs/ZIL131/HB15214 (copy).JPG,15,ZIL131,HB15214 (copy)
data/raw/Padded_imgs/ZIL131/HB15214.JPG,15,ZIL131,HB15214
data/raw/Padded_imgs/ZIL131/HB15216 (copy).JPG,15,ZIL131,HB15216 (copy)
data/raw/Padded_imgs/ZIL131/HB15216.JPG,15,ZIL131,HB15216
data/raw/Padded_imgs/ZIL131/HB15217 (copy).JPG,17,ZIL131,HB15217 (copy)
data/raw/Padded_imgs/ZIL131/HB15217.JPG,17,ZIL131,HB15217
data/raw/Padded_imgs/ZIL131/HB15218 (copy).JPG,15,ZIL131,HB15218 (copy)
data/raw/Padded_imgs/ZIL131/HB15218.JPG,15,ZIL131,HB15218
data/raw/Padded_imgs/ZIL131/HB15220 (copy).JPG,15,ZIL131,HB15220 (copy)
data/raw/Padded_imgs/ZIL131/HB15220.JPG,15,ZIL131,HB15220
data/raw/Padded_imgs/ZIL131/HB15221 (copy).JPG,15,ZIL131,HB15221 (copy)
data/raw/Padded_imgs/ZIL131/HB15221.JPG,15,ZIL131,HB15221
data/raw/Padded_imgs/ZIL131/HB15223 (copy).JPG,15,ZIL131,HB15223 (copy)
data/raw/Padded_imgs/ZIL131/HB15223.JPG,15,ZIL131,HB15223
data/raw/Padded_imgs/ZIL131/HB15224 (copy).JPG,15,ZIL131,HB15224 (copy)
data/raw/Padded_imgs/ZIL131/HB15224.JPG,15,ZIL131,HB15224
data/raw/Padded_imgs/ZIL131/HB15227 (copy).JPG,15,ZIL131,HB15227 (copy)
data/raw/Padded_imgs/ZIL131/HB15227.JPG,15,ZIL131,HB15227
data/raw/Padded_imgs/ZIL131/HB15229 (copy).JPG,15,ZIL131,HB15229 (copy)
data/raw/Padded_imgs/ZIL131/HB15229.JPG,15,ZIL131,HB15229
data/raw/Padded_imgs/ZIL131/HB15230 (copy).JPG,15,ZIL131,HB15230 (copy)
data/raw/Padded_imgs/ZIL131/HB15230.JPG,15,ZIL131,HB15230
data/raw/Padded_imgs/ZIL131/HB15231 (copy).JPG,15,ZIL131,HB15231 (copy)
data/raw/Padded_imgs/ZIL131/HB15231.JPG,15,ZIL131,HB15231
data/raw/Padded_imgs/ZIL131/HB15232 (copy).JPG,15,ZIL131,HB15232 (copy)
data/raw/Padded_imgs/ZIL131/HB15232.JPG,15,ZIL131,HB15232
data/raw/Padded_imgs/ZIL131/HB15233 (copy).JPG,15,ZIL131,HB15233 (copy)
data/raw/Padded_imgs/ZIL131/HB15233.JPG,15,ZIL131,HB15233
data/raw/Padded_imgs/ZIL131/HB15235 (copy).JPG,15,ZIL131,HB15235 (copy)
data/raw/Padded_imgs/ZIL131/HB15235.JPG,15,ZIL131,HB15235
data/raw/Padded_imgs/ZIL131/HB15236 (copy).JPG,15,ZIL131,HB15236 (copy)
data/raw/Padded_imgs/ZIL131/HB15236.JPG,15,ZIL131,HB15236
data/raw/Padded_imgs/ZIL131/HB15237 (copy).JPG,15,ZIL131,HB15237 (copy)
data/raw/Padded_imgs/ZIL131/HB15237.JPG,15,ZIL131,HB15237
data/raw/Padded_imgs/ZIL131/HB15238 (copy).JPG,15,ZIL131,HB15238 (copy)
data/raw/Padded_imgs/ZIL131/HB15238.JPG,15,ZIL131,HB15238
data/raw/Padded_imgs/ZIL131/HB15239 (copy).JPG,15,ZIL131,HB15239 (copy)
data/raw/Padded_imgs/ZIL131/HB15239.JPG,15,ZIL131,HB15239
data/raw/Padded_imgs/ZIL131/HB15240 (copy).JPG,15,ZIL131,HB15240 (copy)
data/raw/Padded_imgs/ZIL131/HB15240.JPG,15,ZIL131,HB15240
data/raw/Padded_imgs/ZIL131/HB15241 (copy).JPG,15,ZIL131,HB15241 (copy)
data/raw/Padded_imgs/ZIL131/HB15241.JPG,15,ZIL131,HB15241
data/raw/Padded_imgs/ZIL131/HB15242 (copy).JPG,15,ZIL131,HB15242 (copy)
data/raw/Padded_imgs/ZIL131/HB15242.JPG,15,ZIL131,HB15242
data/raw/Padded_imgs/ZIL131/HB15243 (copy).JPG,15,ZIL131,HB15243 (copy)
data/raw/Padded_imgs/ZIL131/HB15243.JPG,15,ZIL131,HB15243
data/raw/Padded_imgs/ZIL131/HB15244 (copy).JPG,15,ZIL131,HB15244 (copy)
data/raw/Padded_imgs/ZIL131/HB15244.JPG,15,ZIL131,HB15244
data/raw/Padded_imgs/ZIL131/HB15245 (copy).JPG,15,ZIL131,HB15245 (copy)
data/raw/Padded_imgs/ZIL131/HB15245.JPG,15,ZIL131,HB15245
data/raw/Padded_imgs/ZIL131/HB15246 (copy).JPG,15,ZIL131,HB15246 (copy)
data/raw/Padded_imgs/ZIL131/HB15246.JPG,15,ZIL131,HB15246
data/raw/Padded_imgs/ZIL131/HB15247 (copy).JPG,15,ZIL131,HB15247 (copy)
data/raw/Padded_imgs/ZIL131/HB15247.JPG,15,ZIL131,HB15247
data/raw/Padded_imgs/ZIL131/HB15248 (copy).JPG,15,ZIL131,HB15248 (copy)
data/raw/Padded_imgs/ZIL131/HB15248.JPG,15,ZIL131,HB15248
data/raw/Padded_imgs/ZIL131/HB15251 (copy).JPG,15,ZIL131,HB15251 (copy)
data/raw/Padded_imgs/ZIL131/HB15251.JPG,15,ZIL131,HB15251
data/raw/Padded_imgs/ZIL131/HB15252 (copy).JPG,15,ZIL131,HB15252 (copy)
data/raw/Padded_imgs/ZIL131/HB15252.JPG,15,ZIL131,HB15252
data/raw/Padded_imgs/ZIL131/HB15254 (copy).JPG,15,ZIL131,HB15254 (copy)
data/raw/Padded_imgs/ZIL131/HB15254.JPG,15,ZIL131,HB15254
data/raw/Padded_imgs/ZIL131/HB15255 (copy).JPG,15,ZIL131,HB15255 (copy)
data/raw/Padded_imgs/ZIL131/HB15255.JPG,15,ZIL131,HB15255
data/raw/Padded_imgs/ZIL131/HB15256 (copy).JPG,15,ZIL131,HB15256 (copy)
data/raw/Padded_imgs/ZIL131/HB15256.JPG,15,ZIL131,HB15256
data/raw/Padded_imgs/ZIL131/HB15257 (copy).JPG,15,ZIL131,HB15257 (copy)
data/raw/Padded_imgs/ZIL131/HB15257.JPG,15,ZIL131,HB15257
data/raw/Padded_imgs/ZIL131/HB15258 (copy).JPG,15,ZIL131,HB15258 (copy)
data/raw/Padded_imgs/ZIL131/HB15258.JPG,15,ZIL131,HB15258
data/raw/Padded_imgs/ZIL131/HB15259 (copy).JPG,15,ZIL131,HB15259 (copy)
data/raw/Padded_imgs/ZIL131/HB15259.JPG,15,ZIL131,HB15259
data/raw/Padded_imgs/ZIL131/HB15260 (copy).JPG,15,ZIL131,HB15260 (copy)
data/raw/Padded_imgs/ZIL131/HB15260.JPG,15,ZIL131,HB15260
data/raw/Padded_imgs/ZIL131/HB15261 (copy).JPG,15,ZIL131,HB15261 (copy)
data/raw/Padded_imgs/ZIL131/HB15261.JPG,15,ZIL131,HB15261
data/raw/Padded_imgs/ZIL131/HB15262 (copy).JPG,15,ZIL131,HB15262 (copy)
data/raw/Padded_imgs/ZIL131/HB15262.JPG,15,ZIL131,HB15262
data/raw/Padded_imgs/ZIL131/HB15263 (copy).JPG,15,ZIL131,HB15263 (copy)
data/raw/Padded_imgs/ZIL131/HB15263.JPG,15,ZIL131,HB15263
data/raw/Padded_imgs/ZIL131/HB15264 (copy).JPG,15,ZIL131,HB15264 (copy)
data/raw/Padded_imgs/ZIL131/HB15264.JPG,15,ZIL131,HB15264
data/raw/Padded_imgs/ZIL131/HB15265 (copy).JPG,15,ZIL131,HB15265 (copy)
data/raw/Padded_imgs/ZIL131/HB15265.JPG,15,ZIL131,HB15265
data/raw/Padded_imgs/ZIL131/HB15266 (copy).JPG,15,ZIL131,HB15266 (copy)
data/raw/Padded_imgs/ZIL131/HB15266.JPG,15,ZIL131,HB15266
data/raw/Padded_imgs/ZIL131/HB15267 (copy).JPG,15,ZIL131,HB15267 (copy)
data/raw/Padded_imgs/ZIL131/HB15267.JPG,15,ZIL131,HB15267
data/raw/Padded_imgs/ZIL131/HB19377 (copy).JPG,15,ZIL131,HB19377 (copy)
data/raw/Padded_imgs/ZIL131/HB19377.JPG,15,ZIL131,HB19377
data/raw/Padded_imgs/ZIL131/HB19379 (copy).JPG,15,ZIL131,HB19379 (copy)
data/raw/Padded_imgs/ZIL131/HB19379.JPG,15,ZIL131,HB19379
data/raw/Padded_imgs/ZIL131/HB19381 (copy).JPG,15,ZIL131,HB19381 (copy)
data/raw/Padded_imgs/ZIL131/HB19381.JPG,15,ZIL131,HB19381
data/raw/Padded_imgs/ZIL131/HB19383 (copy).JPG,15,ZIL131,HB19383 (copy)
data/raw/Padded_imgs/ZIL131/HB19383.JPG,15,ZIL131,HB19383
data/raw/Padded_imgs/ZIL131/HB19389 (copy).JPG,15,ZIL131,HB19389 (copy)
data/raw/Padded_imgs/ZIL131/HB19389.JPG,15,ZIL131,HB19389
data/raw/Padded_imgs/ZIL131/HB19390 (copy).JPG,15,ZIL131,HB19390 (copy)
data/raw/Padded_imgs/ZIL131/HB19390.JPG,15,ZIL131,HB19390
data/raw/Padded_imgs/ZIL131/HB19394 (copy).JPG,15,ZIL131,HB19394 (copy)
data/raw/Padded_imgs/ZIL131/HB19394.JPG,15,ZIL131,HB19394
data/raw/Padded_imgs/ZIL131/HB19396 (copy).JPG,15,ZIL131,HB19396 (copy)
data/raw/Padded_imgs/ZIL131/HB19396.JPG,15,ZIL131,HB19396
data/raw/Padded_imgs/ZIL131/HB19398 (copy).JPG,15,ZIL131,HB19398 (copy)
data/raw/Padded_imgs/ZIL131/HB19398.JPG,15,ZIL131,HB19398
data/raw/Padded_imgs/ZIL131/HB19400 (copy).JPG,15,ZIL131,HB19400 (copy)
data/raw/Padded_imgs/ZIL131/HB19400.JPG,15,ZIL131,HB19400
data/raw/Padded_imgs/ZIL131/HB19402 (copy).JPG,15,ZIL131,HB19402 (copy)
data/raw/Padded_imgs/ZIL131/HB19402.JPG,15,ZIL131,HB19402
data/raw/Padded_imgs/ZIL131/HB19404 (copy).JPG,15,ZIL131,HB19404 (copy)
data/raw/Padded_imgs/ZIL131/HB19404.JPG,15,ZIL131,HB19404
data/raw/Padded_imgs/ZIL131/HB19406 (copy).JPG,15,ZIL131,HB19406 (copy)
data/raw/Padded_imgs/ZIL131/HB19406.JPG,15,ZIL131,HB19406
data/raw/Padded_imgs/ZIL131/HB19408 (copy).JPG,15,ZIL131,HB19408 (copy)
data/raw/Padded_imgs/ZIL131/HB19408.JPG,15,ZIL131,HB19408
data/raw/Padded_imgs/ZIL131/HB19410 (copy).JPG,15,ZIL131,HB19410 (copy)
data/raw/Padded_imgs/ZIL131/HB19410.JPG,15,ZIL131,HB19410
data/raw/Padded_imgs/ZIL131/HB19412 (copy).JPG,15,ZIL131,HB19412 (copy)
data/raw/Padded_imgs/ZIL131/HB19412.JPG,15,ZIL131,HB19412
data/raw/Padded_imgs/ZIL131/HB19414 (copy).JPG,15,ZIL131,HB19414 (copy)
data/raw/Padded_imgs/ZIL131/HB19414.JPG,15,ZIL131,HB19414
data/raw/Padded_imgs/ZIL131/HB19416 (copy).JPG,15,ZIL131,HB19416 (copy)
data/raw/Padded_imgs/ZIL131/HB19416.JPG,15,ZIL131,HB19416
data/raw/Padded_imgs/ZIL131/HB19418 (copy).JPG,15,ZIL131,HB19418 (copy)
data/raw/Padded_imgs/ZIL131/HB19418.JPG,15,ZIL131,HB19418
data/raw/Padded_imgs/ZIL131/HB19420 (copy).JPG,15,ZIL131,HB19420 (copy)
data/raw/Padded_imgs/ZIL131/HB19420.JPG,15,ZIL131,HB19420
data/raw/Padded_imgs/ZIL131/HB19422 (copy).JPG,15,ZIL131,HB19422 (copy)
data/raw/Padded_imgs/ZIL131/HB19422.JPG,15,ZIL131,HB19422
data/raw/Padded_imgs/ZIL131/HB19424 (copy).JPG,15,ZIL131,HB19424 (copy)
data/raw/Padded_imgs/ZIL131/HB19424.JPG,15,ZIL131,HB19424
data/raw/Padded_imgs/ZIL131/HB19426 (copy).JPG,15,ZIL131,HB19426 (copy)
data/raw/Padded_imgs/ZIL131/HB19426.JPG,15,ZIL131,HB19426
data/raw/Padded_imgs/ZIL131/HB19430 (copy).JPG,15,ZIL131,HB19430 (copy)
data/raw/Padded_imgs/ZIL131/HB19430.JPG,15,ZIL131,HB19430
data/raw/Padded_imgs/ZIL131/HB19432 (copy).JPG,15,ZIL131,HB19432 (copy)
data/raw/Padded_imgs/ZIL131/HB19432.JPG,15,ZIL131,HB19432
data/raw/Padded_imgs/ZIL131/HB19434 (copy).JPG,15,ZIL131,HB19434 (copy)
data/raw/Padded_imgs/ZIL131/HB19434.JPG,15,ZIL131,HB19434
data/raw/Padded_imgs/ZIL131/HB19436 (copy).JPG,15,ZIL131,HB19436 (copy)
data/raw/Padded_imgs/ZIL131/HB19436.JPG,15,ZIL131,HB19436
data/raw/Padded_imgs/ZIL131/HB19438 (copy).JPG,15,ZIL131,HB19438 (copy)
data/raw/Padded_imgs/ZIL131/HB19438.JPG,15,ZIL131,HB19438
data/raw/Padded_imgs/ZIL131/HB19440 (copy).JPG,15,ZIL131,HB19440 (copy)
data/raw/Padded_imgs/ZIL131/HB19440.JPG,15,ZIL131,HB19440
data/raw/Padded_imgs/ZIL131/HB19442 (copy).JPG,15,ZIL131,HB19442 (copy)
data/raw/Padded_imgs/ZIL131/HB19442.JPG,15,ZIL131,HB19442
data/raw/Padded_imgs/ZIL131/HB19444 (copy).JPG,15,ZIL131,HB19444 (copy)
data/raw/Padded_imgs/ZIL131/HB19444.JPG,15,ZIL131,HB19444
data/raw/Padded_imgs/ZIL131/HB19446 (copy).JPG,15,ZIL131,HB19446 (copy)
data/raw/Padded_imgs/ZIL131/HB19446.JPG,15,ZIL131,HB19446
data/raw/Padded_imgs/ZIL131/HB19448 (copy).JPG,15,ZIL131,HB19448 (copy)
data/raw/Padded_imgs/ZIL131/HB19448.JPG,15,ZIL131,HB19448
data/raw/Padded_imgs/ZIL131/HB19450 (copy).JPG,15,ZIL131,HB19450 (copy)
data/raw/Padded_imgs/ZIL131/HB19450.JPG,15,ZIL131,HB19450
data/raw/Padded_imgs/ZIL131/HB19454 (copy).JPG,15,ZIL131,HB19454 (copy)
data/raw/Padded_imgs/ZIL131/HB19454.JPG,15,ZIL131,HB19454
data/raw/Padded_imgs/ZIL131/HB19456 (copy).JPG,15,ZIL131,HB19456 (copy)
data/raw/Padded_imgs/ZIL131/HB19456.JPG,15,ZIL131,HB19456
data/raw/Padded_imgs/ZIL131/HB19458 (copy).JPG,15,ZIL131,HB19458 (copy)
data/raw/Padded_imgs/ZIL131/HB19458.JPG,15,ZIL131,HB19458
data/raw/Padded_imgs/ZIL131/HB19460 (copy).JPG,15,ZIL131,HB19460 (copy)
data/raw/Padded_imgs/ZIL131/HB19460.JPG,15,ZIL131,HB19460
data/raw/Padded_imgs/ZIL131/HB19462 (copy).JPG,15,ZIL131,HB19462 (copy)
data/raw/Padded_imgs/ZIL131/HB19462.JPG,15,ZIL131,HB19462
data/raw/Padded_imgs/ZIL131/HB19464 (copy).JPG,15,ZIL131,HB19464 (copy)
data/raw/Padded_imgs/ZIL131/HB19464.JPG,15,ZIL131,HB19464
data/raw/Padded_imgs/ZIL131/HB19466 (copy).JPG,15,ZIL131,HB19466 (copy)
data/raw/Padded_imgs/ZIL131/HB19466.JPG,15,ZIL131,HB19466
data/raw/Padded_imgs/ZIL131/HB19468 (copy).JPG,15,ZIL131,HB19468 (copy)
data/raw/Padded_imgs/ZIL131/HB19468.JPG,15,ZIL131,HB19468
data/raw/Padded_imgs/ZIL131/HB19470 (copy).JPG,15,ZIL131,HB19470 (copy)
data/raw/Padded_imgs/ZIL131/HB19470.JPG,15,ZIL131,HB19470
data/raw/Padded_imgs/ZIL131/HB19472 (copy).JPG,15,ZIL131,HB19472 (copy)
data/raw/Padded_imgs/ZIL131/HB19472.JPG,15,ZIL131,HB19472
data/raw/Padded_imgs/ZIL131/HB19474 (copy).JPG,15,ZIL131,HB19474 (copy)
data/raw/Padded_imgs/ZIL131/HB19474.JPG,15,ZIL131,HB19474
data/raw/Padded_imgs/ZIL131/HB19476 (copy).JPG,15,ZIL131,HB19476 (copy)
data/raw/Padded_imgs/ZIL131/HB19476.JPG,15,ZIL131,HB19476
data/raw/Padded_imgs/ZIL131/HB19478 (copy).JPG,15,ZIL131,HB19478 (copy)
data/raw/Padded_imgs/ZIL131/HB19478.JPG,15,ZIL131,HB19478
data/raw/Padded_imgs/ZIL131/HB19479 (copy).JPG,15,ZIL131,HB19479 (copy)
data/raw/Padded_imgs/ZIL131/HB19479.JPG,15,ZIL131,HB19479
data/raw/Padded_imgs/ZIL131/HB19481 (copy).JPG,15,ZIL131,HB19481 (copy)
data/raw/Padded_imgs/ZIL131/HB19481.JPG,15,ZIL131,HB19481
data/raw/Padded_imgs/ZIL131/HB19483 (copy).JPG,15,ZIL131,HB19483 (copy)
data/raw/Padded_imgs/ZIL131/HB19483.JPG,15,ZIL131,HB19483
data/raw/Padded_imgs/ZIL131/HB19487 (copy).JPG,15,ZIL131,HB19487 (copy)
data/raw/Padded_imgs/ZIL131/HB19487.JPG,15,ZIL131,HB19487
data/raw/Padded_imgs/ZIL131/HB19491 (copy).JPG,15,ZIL131,HB19491 (copy)
data/raw/Padded_imgs/ZIL131/HB19491.JPG,15,ZIL131,HB19491
data/raw/Padded_imgs/ZIL131/HB19495 (copy).JPG,15,ZIL131,HB19495 (copy)
data/raw/Padded_imgs/ZIL131/HB19495.JPG,15,ZIL131,HB19495
data/raw/Padded_imgs/ZIL131/HB19499 (copy).JPG,15,ZIL131,HB19499 (copy)
data/raw/Padded_imgs/ZIL131/HB19499.JPG,15,ZIL131,HB19499
data/raw/Padded_imgs/ZIL131/HB19501 (copy).JPG,15,ZIL131,HB19501 (copy)
data/raw/Padded_imgs/ZIL131/HB19501.JPG,15,ZIL131,HB19501
data/raw/Padded_imgs/ZIL131/HB19503 (copy).JPG,15,ZIL131,HB19503 (copy)
data/raw/Padded_imgs/ZIL131/HB19503.JPG,15,ZIL131,HB19503
data/raw/Padded_imgs/ZIL131/HB19505 (copy).JPG,15,ZIL131,HB19505 (copy)
data/raw/Padded_imgs/ZIL131/HB19505.JPG,15,ZIL131,HB19505
data/raw/Padded_imgs/ZIL131/HB19507 (copy).JPG,15,ZIL131,HB19507 (copy)
data/raw/Padded_imgs/ZIL131/HB19507.JPG,15,ZIL131,HB19507
data/raw/Padded_imgs/ZIL131/HB19508 (copy).JPG,15,ZIL131,HB19508 (copy)
data/raw/Padded_imgs/ZIL131/HB19508.JPG,15,ZIL131,HB19508
data/raw/Padded_imgs/ZIL131/HB19512 (copy).JPG,15,ZIL131,HB19512 (copy)
data/raw/Padded_imgs/ZIL131/HB19512.JPG,15,ZIL131,HB19512
data/raw/Padded_imgs/ZIL131/HB19514 (copy).JPG,15,ZIL131,HB19514 (copy)
data/raw/Padded_imgs/ZIL131/HB19514.JPG,15,ZIL131,HB19514
data/raw/Padded_imgs/ZIL131/HB19516 (copy).JPG,15,ZIL131,HB19516 (copy)
data/raw/Padded_imgs/ZIL131/HB19516.JPG,15,ZIL131,HB19516
data/raw/Padded_imgs/ZIL131/HB19518 (copy).JPG,15,ZIL131,HB19518 (copy)
data/raw/Padded_imgs/ZIL131/HB19518.JPG,15,ZIL131,HB19518
data/raw/Padded_imgs/ZIL131/HB19520 (copy).JPG,15,ZIL131,HB19520 (copy)
data/raw/Padded_imgs/ZIL131/HB19520.JPG,15,ZIL131,HB19520
data/raw/Padded_imgs/ZIL131/HB19522 (copy).JPG,15,ZIL131,HB19522 (copy)
data/raw/Padded_imgs/ZIL131/HB19522.JPG,15,ZIL131,HB19522
data/raw/Padded_imgs/ZIL131/HB19526 (copy).JPG,15,ZIL131,HB19526 (copy)
data/raw/Padded_imgs/ZIL131/HB19526.JPG,15,ZIL131,HB19526
data/raw/Padded_imgs/ZIL131/HB19528 (copy).JPG,15,ZIL131,HB19528 (copy)
data/raw/Padded_imgs/ZIL131/HB19528.JPG,15,ZIL131,HB19528
data/raw/Padded_imgs/ZIL131/HB19530 (copy).JPG,15,ZIL131,HB19530 (copy)
data/raw/Padded_imgs/ZIL131/HB19530.JPG,15,ZIL131,HB19530
data/raw/Padded_imgs/ZIL131/HB19534 (copy).JPG,15,ZIL131,HB19534 (copy)
data/raw/Padded_imgs/ZIL131/HB19534.JPG,15,ZIL131,HB19534
data/raw/Padded_imgs/ZIL131/HB19536 (copy).JPG,15,ZIL131,HB19536 (copy)
data/raw/Padded_imgs/ZIL131/HB19536.JPG,15,ZIL131,HB19536
data/raw/Padded_imgs/ZIL131/HB19538 (copy).JPG,15,ZIL131,HB19538 (copy)
data/raw/Padded_imgs/ZIL131/HB19538.JPG,15,ZIL131,HB19538
data/raw/Padded_imgs/ZIL131/HB19540 (copy).JPG,15,ZIL131,HB19540 (copy)
data/raw/Padded_imgs/ZIL131/HB19540.JPG,15,ZIL131,HB19540
data/raw/Padded_imgs/ZIL131/HB19542 (copy).JPG,15,ZIL131,HB19542 (copy)
data/raw/Padded_imgs/ZIL131/HB19542.JPG,15,ZIL131,HB19542
data/raw/Padded_imgs/ZIL131/HB19544 (copy).JPG,15,ZIL131,HB19544 (copy)
data/raw/Padded_imgs/ZIL131/HB19544.JPG,15,ZIL131,HB19544
data/raw/Padded_imgs/ZIL131/HB19545 (copy).JPG,15,ZIL131,HB19545 (copy)
data/raw/Padded_imgs/ZIL131/HB19545.JPG,15,ZIL131,HB19545
data/raw/Padded_imgs/ZIL131/HB19547 (copy).JPG,15,ZIL131,HB19547 (copy)
data/raw/Padded_imgs/ZIL131/HB19547.JPG,15,ZIL131,HB19547
data/raw/Padded_imgs/ZIL131/HB19549 (copy).JPG,15,ZIL131,HB19549 (copy)
data/raw/Padded_imgs/ZIL131/HB19549.JPG,15,ZIL131,HB19549
data/raw/Padded_imgs/ZIL131/HB19551 (copy).JPG,15,ZIL131,HB19551 (copy)
data/raw/Padded_imgs/ZIL131/HB19551.JPG,15,ZIL131,HB19551
data/raw/Padded_imgs/ZIL131/HB19553 (copy).JPG,15,ZIL131,HB19553 (copy)
data/raw/Padded_imgs/ZIL131/HB19553.JPG,15,ZIL131,HB19553
data/raw/Padded_imgs/ZIL131/HB19555 (copy).JPG,15,ZIL131,HB19555 (copy)
data/raw/Padded_imgs/ZIL131/HB19555.JPG,15,ZIL131,HB19555
data/raw/Padded_imgs/ZIL131/HB19557 (copy).JPG,15,ZIL131,HB19557 (copy)
data/raw/Padded_imgs/ZIL131/HB19557.JPG,15,ZIL131,HB19557
data/raw/Padded_imgs/ZIL131/HB19559 (copy).JPG,15,ZIL131,HB19559 (copy)
data/raw/Padded_imgs/ZIL131/HB19559.JPG,15,ZIL131,HB19559
data/raw/Padded_imgs/ZIL131/HB19561 (copy).JPG,15,ZIL131,HB19561 (copy)
data/raw/Padded_imgs/ZIL131/HB19561.JPG,15,ZIL131,HB19561
data/raw/Padded_imgs/ZIL131/HB19563 (copy).JPG,15,ZIL131,HB19563 (copy)
data/raw/Padded_imgs/ZIL131/HB19563.JPG,15,ZIL131,HB19563
data/raw/Padded_imgs/ZIL131/HB19567 (copy).JPG,15,ZIL131,HB19567 (copy)
data/raw/Padded_imgs/ZIL131/HB19567.JPG,15,ZIL131,HB19567
data/raw/Padded_imgs/ZIL131/HB19569 (copy).JPG,15,ZIL131,HB19569 (copy)
data/raw/Padded_imgs/ZIL131/HB19569.JPG,15,ZIL131,HB19569
data/raw/Padded_imgs/ZIL131/HB19571 (copy).JPG,15,ZIL131,HB19571 (copy)
data/raw/Padded_imgs/ZIL131/HB19571.JPG,15,ZIL131,HB19571
data/raw/Padded_imgs/ZIL131/HB19573 (copy).JPG,15,ZIL131,HB19573 (copy)
data/raw/Padded_imgs/ZIL131/HB19573.JPG,15,ZIL131,HB19573
data/raw/Padded_imgs/ZIL131/HB19575 (copy).JPG,15,ZIL131,HB19575 (copy)
data/raw/Padded_imgs/ZIL131/HB19575.JPG,15,ZIL131,HB19575
data/raw/Padded_imgs/ZIL131/HB19579 (copy).JPG,15,ZIL131,HB19579 (copy)
data/raw/Padded_imgs/ZIL131/HB19579.JPG,15,ZIL131,HB19579
data/raw/Padded_imgs/ZIL131/HB19581 (copy).JPG,15,ZIL131,HB19581 (copy)
data/raw/Padded_imgs/ZIL131/HB19581.JPG,15,ZIL131,HB19581
data/raw/Padded_imgs/ZIL131/HB19583 (copy).JPG,15,ZIL131,HB19583 (copy)
data/raw/Padded_imgs/ZIL131/HB19583.JPG,15,ZIL131,HB19583
data/raw/Padded_imgs/ZIL131/HB19780 (copy).JPG,15,ZIL131,HB19780 (copy)
data/raw/Padded_imgs/ZIL131/HB19780.JPG,15,ZIL131,HB19780
data/raw/Padded_imgs/ZIL131/HB19781 (copy).JPG,15,ZIL131,HB19781 (copy)
data/raw/Padded_imgs/ZIL131/HB19781.JPG,15,ZIL131,HB19781
data/raw/Padded_imgs/ZIL131/HB19782 (copy).JPG,15,ZIL131,HB19782 (copy)
data/raw/Padded_imgs/ZIL131/HB19782.JPG,15,ZIL131,HB19782
data/raw/Padded_imgs/ZIL131/HB19783 (copy).JPG,15,ZIL131,HB19783 (copy)
data/raw/Padded_imgs/ZIL131/HB19783.JPG,15,ZIL131,HB19783
data/raw/Padded_imgs/ZIL131/HB19784 (copy).JPG,15,ZIL131,HB19784 (copy)
data/raw/Padded_imgs/ZIL131/HB19784.JPG,15,ZIL131,HB19784
data/raw/Padded_imgs/ZIL131/HB19785 (copy).JPG,15,ZIL131,HB19785 (copy)
data/raw/Padded_imgs/ZIL131/HB19785.JPG,15,ZIL131,HB19785
data/raw/Padded_imgs/ZIL131/HB19786 (copy).JPG,15,ZIL131,HB19786 (copy)
data/raw/Padded_imgs/ZIL131/HB19786.JPG,15,ZIL131,HB19786
data/raw/Padded_imgs/ZIL131/HB19787 (copy).JPG,15,ZIL131,HB19787 (copy)
data/raw/Padded_imgs/ZIL131/HB19787.JPG,15,ZIL131,HB19787
data/raw/Padded_imgs/ZIL131/HB19788 (copy).JPG,15,ZIL131,HB19788 (copy)
data/raw/Padded_imgs/ZIL131/HB19788.JPG,15,ZIL131,HB19788
data/raw/Padded_imgs/ZIL131/HB19789 (copy).JPG,15,ZIL131,HB19789 (copy)
data/raw/Padded_imgs/ZIL131/HB19789.JPG,15,ZIL131,HB19789
data/raw/Padded_imgs/ZIL131/HB19790 (copy).JPG,15,ZIL131,HB19790 (copy)
data/raw/Padded_imgs/ZIL131/HB19790.JPG,15,ZIL131,HB19790
data/raw/Padded_imgs/ZIL131/HB19791 (copy).JPG,15,ZIL131,HB19791 (copy)
data/raw/Padded_imgs/ZIL131/HB19791.JPG,15,ZIL131,HB19791
data/raw/Padded_imgs/ZIL131/HB19792 (copy).JPG,15,ZIL131,HB19792 (copy)
data/raw/Padded_imgs/ZIL131/HB19792.JPG,15,ZIL131,HB19792
data/raw/Padded_imgs/ZIL131/HB19793 (copy).JPG,15,ZIL131,HB19793 (copy)
data/raw/Padded_imgs/ZIL131/HB19793.JPG,15,ZIL131,HB19793
data/raw/Padded_imgs/ZIL131/HB19794 (copy).JPG,15,ZIL131,HB19794 (copy)
data/raw/Padded_imgs/ZIL131/HB19794.JPG,15,ZIL131,HB19794
data/raw/Padded_imgs/ZIL131/HB19795 (copy).JPG,15,ZIL131,HB19795 (copy)
data/raw/Padded_imgs/ZIL131/HB19795.JPG,15,ZIL131,HB19795
data/raw/Padded_imgs/ZIL131/HB19797 (copy).JPG,15,ZIL131,HB19797 (copy)
data/raw/Padded_imgs/ZIL131/HB19797.JPG,15,ZIL131,HB19797
data/raw/Padded_imgs/ZIL131/HB19798 (copy).JPG,15,ZIL131,HB19798 (copy)
data/raw/Padded_imgs/ZIL131/HB19798.JPG,15,ZIL131,HB19798
data/raw/Padded_imgs/ZIL131/HB19799 (copy).JPG,15,ZIL131,HB19799 (copy)
data/raw/Padded_imgs/ZIL131/HB19799.JPG,15,ZIL131,HB19799
data/raw/Padded_imgs/ZIL131/HB19801 (copy).JPG,15,ZIL131,HB19801 (copy)
data/raw/Padded_imgs/ZIL131/HB19801.JPG,15,ZIL131,HB19801
data/raw/Padded_imgs/ZIL131/HB19803 (copy).JPG,15,ZIL131,HB19803 (copy)
data/raw/Padded_imgs/ZIL131/HB19803.JPG,15,ZIL131,HB19803
data/raw/Padded_imgs/ZIL131/HB19804 (copy).JPG,15,ZIL131,HB19804 (copy)
data/raw/Padded_imgs/ZIL131/HB19804.JPG,15,ZIL131,HB19804
data/raw/Padded_imgs/ZIL131/HB19805 (copy).JPG,15,ZIL131,HB19805 (copy)
data/raw/Padded_imgs/ZIL131/HB19805.JPG,15,ZIL131,HB19805
data/raw/Padded_imgs/ZIL131/HB19806 (copy).JPG,15,ZIL131,HB19806 (copy)
data/raw/Padded_imgs/ZIL131/HB19806.JPG,15,ZIL131,HB19806
data/raw/Padded_imgs/ZIL131/HB19807 (copy).JPG,15,ZIL131,HB19807 (copy)
data/raw/Padded_imgs/ZIL131/HB19807.JPG,15,ZIL131,HB19807
data/raw/Padded_imgs/ZIL131/HB19808 (copy).JPG,15,ZIL131,HB19808 (copy)
data/raw/Padded_imgs/ZIL131/HB19808.JPG,15,ZIL131,HB19808
data/raw/Padded_imgs/ZIL131/HB19809 (copy).JPG,15,ZIL131,HB19809 (copy)
data/raw/Padded_imgs/ZIL131/HB19809.JPG,15,ZIL131,HB19809
data/raw/Padded_imgs/ZIL131/HB19810 (copy).JPG,15,ZIL131,HB19810 (copy)
data/raw/Padded_imgs/ZIL131/HB19810.JPG,15,ZIL131,HB19810
data/raw/Padded_imgs/ZIL131/HB19811 (copy).JPG,15,ZIL131,HB19811 (copy)
data/raw/Padded_imgs/ZIL131/HB19811.JPG,15,ZIL131,HB19811
data/raw/Padded_imgs/ZIL131/HB19812 (copy).JPG,15,ZIL131,HB19812 (copy)
data/raw/Padded_imgs/ZIL131/HB19812.JPG,15,ZIL131,HB19812
data/raw/Padded_imgs/ZIL131/HB19813 (copy).JPG,15,ZIL131,HB19813 (copy)
data/raw/Padded_imgs/ZIL131/HB19813.JPG,15,ZIL131,HB19813
data/raw/Padded_imgs/ZIL131/HB19814 (copy).JPG,15,ZIL131,HB19814 (copy)
data/raw/Padded_imgs/ZIL131/HB19814.JPG,15,ZIL131,HB19814
data/raw/Padded_imgs/ZIL131/HB19816 (copy).JPG,15,ZIL131,HB19816 (copy)
data/raw/Padded_imgs/ZIL131/HB19816.JPG,15,ZIL131,HB19816
data/raw/Padded_imgs/ZIL131/HB19817 (copy).JPG,17,ZIL131,HB19817 (copy)
data/raw/Padded_imgs/ZIL131/HB19817.JPG,17,ZIL131,HB19817
data/raw/Padded_imgs/ZIL131/HB19818 (copy).JPG,15,ZIL131,HB19818 (copy)
data/raw/Padded_imgs/ZIL131/HB19818.JPG,15,ZIL131,HB19818
data/raw/Padded_imgs/ZIL131/HB19820 (copy).JPG,15,ZIL131,HB19820 (copy)
data/raw/Padded_imgs/ZIL131/HB19820.JPG,15,ZIL131,HB19820
data/raw/Padded_imgs/ZIL131/HB19821 (copy).JPG,15,ZIL131,HB19821 (copy)
data/raw/Padded_imgs/ZIL131/HB19821.JPG,15,ZIL131,HB19821
data/raw/Padded_imgs/ZIL131/HB19822 (copy).JPG,15,ZIL131,HB19822 (copy)
data/raw/Padded_imgs/ZIL131/HB19822.JPG,15,ZIL131,HB19822
data/raw/Padded_imgs/ZIL131/HB19823 (copy).JPG,15,ZIL131,HB19823 (copy)
data/raw/Padded_imgs/ZIL131/HB19823.JPG,15,ZIL131,HB19823
data/raw/Padded_imgs/ZIL131/HB19824 (copy).JPG,15,ZIL131,HB19824 (copy)
data/raw/Padded_imgs/ZIL131/HB19824.JPG,15,ZIL131,HB19824
data/raw/Padded_imgs/ZIL131/HB19825 (copy).JPG,15,ZIL131,HB19825 (copy)
data/raw/Padded_imgs/ZIL131/HB19825.JPG,15,ZIL131,HB19825
data/raw/Padded_imgs/ZIL131/HB19826 (copy).JPG,15,ZIL131,HB19826 (copy)
data/raw/Padded_imgs/ZIL131/HB19826.JPG,15,ZIL131,HB19826
data/raw/Padded_imgs/ZIL131/HB19827 (copy).JPG,15,ZIL131,HB19827 (copy)
data/raw/Padded_imgs/ZIL131/HB19827.JPG,15,ZIL131,HB19827
data/raw/Padded_imgs/ZIL131/HB19828 (copy).JPG,15,ZIL131,HB19828 (copy)
data/raw/Padded_imgs/ZIL131/HB19828.JPG,15,ZIL131,HB19828
data/raw/Padded_imgs/ZIL131/HB19829 (copy).JPG,15,ZIL131,HB19829 (copy)
data/raw/Padded_imgs/ZIL131/HB19829.JPG,15,ZIL131,HB19829
data/raw/Padded_imgs/ZIL131/HB19830 (copy).JPG,15,ZIL131,HB19830 (copy)
data/raw/Padded_imgs/ZIL131/HB19830.JPG,15,ZIL131,HB19830
data/raw/Padded_imgs/ZIL131/HB19831 (copy).JPG,15,ZIL131,HB19831 (copy)
data/raw/Padded_imgs/ZIL131/HB19831.JPG,15,ZIL131,HB19831
data/raw/Padded_imgs/ZIL131/HB19833 (copy).JPG,15,ZIL131,HB19833 (copy)
data/raw/Padded_imgs/ZIL131/HB19833.JPG,15,ZIL131,HB19833
data/raw/Padded_imgs/ZIL131/HB19834 (copy).JPG,15,ZIL131,HB19834 (copy)
data/raw/Padded_imgs/ZIL131/HB19834.JPG,15,ZIL131,HB19834
data/raw/Padded_imgs/ZIL131/HB19835 (copy).JPG,15,ZIL131,HB19835 (copy)
data/raw/Padded_imgs/ZIL131/HB19835.JPG,15,ZIL131,HB19835
data/raw/Padded_imgs/ZIL131/HB19836 (copy).JPG,15,ZIL131,HB19836 (copy)
data/raw/Padded_imgs/ZIL131/HB19836.JPG,15,ZIL131,HB19836
data/raw/Padded_imgs/ZIL131/HB19838 (copy).JPG,15,ZIL131,HB19838 (copy)
data/raw/Padded_imgs/ZIL131/HB19838.JPG,15,ZIL131,HB19838
data/raw/Padded_imgs/ZIL131/HB19839 (copy).JPG,15,ZIL131,HB19839 (copy)
data/raw/Padded_imgs/ZIL131/HB19839.JPG,15,ZIL131,HB19839
data/raw/Padded_imgs/ZIL131/HB19840 (copy).JPG,15,ZIL131,HB19840 (copy)
data/raw/Padded_imgs/ZIL131/HB19840.JPG,15,ZIL131,HB19840
data/raw/Padded_imgs/ZIL131/HB19841 (copy).JPG,15,ZIL131,HB19841 (copy)
data/raw/Padded_imgs/ZIL131/HB19841.JPG,15,ZIL131,HB19841
data/raw/Padded_imgs/ZIL131/HB19842 (copy).JPG,15,ZIL131,HB19842 (copy)
data/raw/Padded_imgs/ZIL131/HB19842.JPG,15,ZIL131,HB19842
data/raw/Padded_imgs/ZIL131/HB19843 (copy).JPG,15,ZIL131,HB19843 (copy)
data/raw/Padded_imgs/ZIL131/HB19843.JPG,15,ZIL131,HB19843
data/raw/Padded_imgs/ZIL131/HB19844 (copy).JPG,15,ZIL131,HB19844 (copy)
data/raw/Padded_imgs/ZIL131/HB19844.JPG,15,ZIL131,HB19844
data/raw/Padded_imgs/ZIL131/HB19845 (copy).JPG,15,ZIL131,HB19845 (copy)
data/raw/Padded_imgs/ZIL131/HB19845.JPG,15,ZIL131,HB19845
data/raw/Padded_imgs/ZIL131/HB19846 (copy).JPG,15,ZIL131,HB19846 (copy)
data/raw/Padded_imgs/ZIL131/HB19846.JPG,15,ZIL131,HB19846
data/raw/Padded_imgs/ZIL131/HB19847 (copy).JPG,15,ZIL131,HB19847 (copy)
data/raw/Padded_imgs/ZIL131/HB19847.JPG,15,ZIL131,HB19847
data/raw/Padded_imgs/ZIL131/HB19848 (copy).JPG,15,ZIL131,HB19848 (copy)
data/raw/Padded_imgs/ZIL131/HB19848.JPG,15,ZIL131,HB19848
data/raw/Padded_imgs/ZIL131/HB19849 (copy).JPG,15,ZIL131,HB19849 (copy)
data/raw/Padded_imgs/ZIL131/HB19849.JPG,15,ZIL131,HB19849
data/raw/Padded_imgs/ZIL131/HB19850 (copy).JPG,15,ZIL131,HB19850 (copy)
data/raw/Padded_imgs/ZIL131/HB19850.JPG,15,ZIL131,HB19850
data/raw/Padded_imgs/ZIL131/HB19851 (copy).JPG,15,ZIL131,HB19851 (copy)
data/raw/Padded_imgs/ZIL131/HB19851.JPG,15,ZIL131,HB19851
data/raw/Padded_imgs/ZIL131/HB19852 (copy).JPG,15,ZIL131,HB19852 (copy)
data/raw/Padded_imgs/ZIL131/HB19852.JPG,15,ZIL131,HB19852
data/raw/Padded_imgs/ZIL131/HB19853 (copy).JPG,15,ZIL131,HB19853 (copy)
data/raw/Padded_imgs/ZIL131/HB19853.JPG,15,ZIL131,HB19853
data/raw/Padded_imgs/ZIL131/HB19854 (copy).JPG,15,ZIL131,HB19854 (copy)
data/raw/Padded_imgs/ZIL131/HB19854.JPG,15,ZIL131,HB19854
data/raw/Padded_imgs/ZIL131/HB19855 (copy).JPG,15,ZIL131,HB19855 (copy)
data/raw/Padded_imgs/ZIL131/HB19855.JPG,15,ZIL131,HB19855
data/raw/Padded_imgs/ZIL131/HB19856 (copy).JPG,15,ZIL131,HB19856 (copy)
data/raw/Padded_imgs/ZIL131/HB19856.JPG,15,ZIL131,HB19856
data/raw/Padded_imgs/ZIL131/HB19857 (copy).JPG,15,ZIL131,HB19857 (copy)
data/raw/Padded_imgs/ZIL131/HB19857.JPG,15,ZIL131,HB19857
data/raw/Padded_imgs/ZIL131/HB19858 (copy).JPG,15,ZIL131,HB19858 (copy)
data/raw/Padded_imgs/ZIL131/HB19858.JPG,15,ZIL131,HB19858
data/raw/Padded_imgs/ZIL131/HB19859 (copy).JPG,15,ZIL131,HB19859 (copy)
data/raw/Padded_imgs/ZIL131/HB19859.JPG,15,ZIL131,HB19859
data/raw/Padded_imgs/ZIL131/HB19860 (copy).JPG,15,ZIL131,HB19860 (copy)
data/raw/Padded_imgs/ZIL131/HB19860.JPG,15,ZIL131,HB19860
data/raw/Padded_imgs/ZIL131/HB19861 (copy).JPG,15,ZIL131,HB19861 (copy)
data/raw/Padded_imgs/ZIL131/HB19861.JPG,15,ZIL131,HB19861
data/raw/Padded_imgs/ZIL131/HB19862 (copy).JPG,15,ZIL131,HB19862 (copy)
data/raw/Padded_imgs/ZIL131/HB19862.JPG,15,ZIL131,HB19862
data/raw/Padded_imgs/ZIL131/HB19863 (copy).JPG,15,ZIL131,HB19863 (copy)
data/raw/Padded_imgs/ZIL131/HB19863.JPG,15,ZIL131,HB19863
data/raw/Padded_imgs/ZIL131/HB19864 (copy).JPG,15,ZIL131,HB19864 (copy)
data/raw/Padded_imgs/ZIL131/HB19864.JPG,15,ZIL131,HB19864
data/raw/Padded_imgs/ZIL131/HB19865 (copy).JPG,15,ZIL131,HB19865 (copy)
data/raw/Padded_imgs/ZIL131/HB19865.JPG,15,ZIL131,HB19865
data/raw/Padded_imgs/ZIL131/HB19867 (copy).JPG,15,ZIL131,HB19867 (copy)
data/raw/Padded_imgs/ZIL131/HB19867.JPG,15,ZIL131,HB19867
data/raw/Padded_imgs/ZIL131/HB19868 (copy).JPG,15,ZIL131,HB19868 (copy)
data/raw/Padded_imgs/ZIL131/HB19868.JPG,15,ZIL131,HB19868
data/raw/Padded_imgs/ZIL131/HB19869 (copy).JPG,15,ZIL131,HB19869 (copy)
data/raw/Padded_imgs/ZIL131/HB19869.JPG,15,ZIL131,HB19869
data/raw/Padded_imgs/ZIL131/HB19871 (copy).JPG,15,ZIL131,HB19871 (copy)
data/raw/Padded_imgs/ZIL131/HB19871.JPG,15,ZIL131,HB19871
data/raw/Padded_imgs/ZIL131/HB19872 (copy).JPG,15,ZIL131,HB19872 (copy)
data/raw/Padded_imgs/ZIL131/HB19872.JPG,15,ZIL131,HB19872
data/raw/Padded_imgs/ZIL131/HB19873 (copy).JPG,15,ZIL131,HB19873 (copy)
data/raw/Padded_imgs/ZIL131/HB19873.JPG,15,ZIL131,HB19873
data/raw/Padded_imgs/ZIL131/HB19874 (copy).JPG,15,ZIL131,HB19874 (copy)
data/raw/Padded_imgs/ZIL131/HB19874.JPG,15,ZIL131,HB19874
data/raw/Padded_imgs/ZIL131/HB19875 (copy).JPG,15,ZIL131,HB19875 (copy)
data/raw/Padded_imgs/ZIL131/HB19875.JPG,15,ZIL131,HB19875
data/raw/Padded_imgs/ZIL131/HB19876 (copy).JPG,15,ZIL131,HB19876 (copy)
data/raw/Padded_imgs/ZIL131/HB19876.JPG,15,ZIL131,HB19876
data/raw/Padded_imgs/ZIL131/HB19877 (copy).JPG,15,ZIL131,HB19877 (copy)
data/raw/Padded_imgs/ZIL131/HB19877.JPG,15,ZIL131,HB19877
data/raw/Padded_imgs/ZIL131/HB19878 (copy).JPG,15,ZIL131,HB19878 (copy)
data/raw/Padded_imgs/ZIL131/HB19878.JPG,15,ZIL131,HB19878
data/raw/Padded_imgs/ZIL131/HB19879 (copy).JPG,15,ZIL131,HB19879 (copy)
data/raw/Padded_imgs/ZIL131/HB19879.JPG,15,ZIL131,HB19879
data/raw/Padded_imgs/ZIL131/HB19880 (copy).JPG,15,ZIL131,HB19880 (copy)
data/raw/Padded_imgs/ZIL131/HB19880.JPG,15,ZIL131,HB19880
data/raw/Padded_imgs/ZIL131/HB19881 (copy).JPG,15,ZIL131,HB19881 (copy)
data/raw/Padded_imgs/ZIL131/HB19881.JPG,15,ZIL131,HB19881
data/raw/Padded_imgs/ZIL131/HB19882 (copy).JPG,15,ZIL131,HB19882 (copy)
data/raw/Padded_imgs/ZIL131/HB19882.JPG,15,ZIL131,HB19882
data/raw/Padded_imgs/ZIL131/HB19883 (copy).JPG,15,ZIL131,HB19883 (copy)
data/raw/Padded_imgs/ZIL131/HB19883.JPG,15,ZIL131,HB19883
data/raw/Padded_imgs/ZIL131/HB19884 (copy).JPG,15,ZIL131,HB19884 (copy)
data/raw/Padded_imgs/ZIL131/HB19884.JPG,15,ZIL131,HB19884
data/raw/Padded_imgs/ZIL131/HB19885 (copy).JPG,15,ZIL131,HB19885 (copy)
data/raw/Padded_imgs/ZIL131/HB19885.JPG,15,ZIL131,HB19885
data/raw/Padded_imgs/ZIL131/HB19887 (copy).JPG,15,ZIL131,HB19887 (copy)
data/raw/Padded_imgs/ZIL131/HB19887.JPG,15,ZIL131,HB19887
data/raw/Padded_imgs/ZIL131/HB19888 (copy).JPG,15,ZIL131,HB19888 (copy)
data/raw/Padded_imgs/ZIL131/HB19888.JPG,15,ZIL131,HB19888
data/raw/Padded_imgs/ZIL131/HB19889 (copy).JPG,15,ZIL131,HB19889 (copy)
data/raw/Padded_imgs/ZIL131/HB19889.JPG,15,ZIL131,HB19889
data/raw/Padded_imgs/ZIL131/HB19890 (copy).JPG,15,ZIL131,HB19890 (copy)
data/raw/Padded_imgs/ZIL131/HB19890.JPG,15,ZIL131,HB19890
data/raw/Padded_imgs/ZIL131/HB19891 (copy).JPG,15,ZIL131,HB19891 (copy)
data/raw/Padded_imgs/ZIL131/HB19891.JPG,15,ZIL131,HB19891
data/raw/Padded_imgs/ZIL131/HB19892 (copy).JPG,15,ZIL131,HB19892 (copy)
data/raw/Padded_imgs/ZIL131/HB19892.JPG,15,ZIL131,HB19892
data/raw/Padded_imgs/ZIL131/HB19893 (copy).JPG,15,ZIL131,HB19893 (copy)
data/raw/Padded_imgs/ZIL131/HB19893.JPG,15,ZIL131,HB19893
data/raw/Padded_imgs/ZIL131/HB19894 (copy).JPG,15,ZIL131,HB19894 (copy)
data/raw/Padded_imgs/ZIL131/HB19894.JPG,15,ZIL131,HB19894
data/raw/Padded_imgs/ZIL131/HB19895 (copy).JPG,15,ZIL131,HB19895 (copy)
data/raw/Padded_imgs/ZIL131/HB19895.JPG,15,ZIL131,HB19895
data/raw/Padded_imgs/ZIL131/HB19896 (copy).JPG,15,ZIL131,HB19896 (copy)
data/raw/Padded_imgs/ZIL131/HB19896.JPG,15,ZIL131,HB19896
data/raw/Padded_imgs/ZIL131/HB19897 (copy).JPG,15,ZIL131,HB19897 (copy)
data/raw/Padded_imgs/ZIL131/HB19897.JPG,15,ZIL131,HB19897
data/raw/Padded_imgs/ZIL131/HB19898 (copy).JPG,15,ZIL131,HB19898 (copy)
data/raw/Padded_imgs/ZIL131/HB19898.JPG,15,ZIL131,HB19898
data/raw/Padded_imgs/ZIL131/HB19899 (copy).JPG,15,ZIL131,HB19899 (copy)
data/raw/Padded_imgs/ZIL131/HB19899.JPG,15,ZIL131,HB19899
data/raw/Padded_imgs/ZIL131/HB19901 (copy).JPG,15,ZIL131,HB19901 (copy)
data/raw/Padded_imgs/ZIL131/HB19901.JPG,15,ZIL131,HB19901
data/raw/Padded_imgs/ZIL131/HB19902 (copy).JPG,15,ZIL131,HB19902 (copy)
data/raw/Padded_imgs/ZIL131/HB19902.JPG,15,ZIL131,HB19902
data/raw/Padded_imgs/ZIL131/HB19903 (copy).JPG,15,ZIL131,HB19903 (copy)
data/raw/Padded_imgs/ZIL131/HB19903.JPG,15,ZIL131,HB19903
data/raw/Padded_imgs/ZIL131/HB19906 (copy).JPG,15,ZIL131,HB19906 (copy)
data/raw/Padded_imgs/ZIL131/HB19906.JPG,15,ZIL131,HB19906
data/raw/Padded_imgs/ZIL131/HB19907 (copy).JPG,15,ZIL131,HB19907 (copy)
data/raw/Padded_imgs/ZIL131/HB19907.JPG,15,ZIL131,HB19907
data/raw/Padded_imgs/ZIL131/HB19908 (copy).JPG,15,ZIL131,HB19908 (copy)
data/raw/Padded_imgs/ZIL131/HB19908.JPG,15,ZIL131,HB19908
data/raw/Padded_imgs/ZIL131/HB19909 (copy).JPG,15,ZIL131,HB19909 (copy)
data/raw/Padded_imgs/ZIL131/HB19909.JPG,15,ZIL131,HB19909
data/raw/Padded_imgs/ZIL131/HB19910 (copy).JPG,15,ZIL131,HB19910 (copy)
data/raw/Padded_imgs/ZIL131/HB19910.JPG,15,ZIL131,HB19910
data/raw/Padded_imgs/ZIL131/HB19911 (copy).JPG,15,ZIL131,HB19911 (copy)
data/raw/Padded_imgs/ZIL131/HB19911.JPG,15,ZIL131,HB19911
data/raw/Padded_imgs/ZIL131/HB19912 (copy).JPG,15,ZIL131,HB19912 (copy)
data/raw/Padded_imgs/ZIL131/HB19912.JPG,15,ZIL131,HB19912
data/raw/Padded_imgs/ZIL131/HB19913 (copy).JPG,15,ZIL131,HB19913 (copy)
data/raw/Padded_imgs/ZIL131/HB19913.JPG,15,ZIL131,HB19913
data/raw/Padded_imgs/ZIL131/HB19914 (copy).JPG,15,ZIL131,HB19914 (copy)
data/raw/Padded_imgs/ZIL131/HB19914.JPG,15,ZIL131,HB19914
data/raw/Padded_imgs/ZIL131/HB19915 (copy).JPG,15,ZIL131,HB19915 (copy)
data/raw/Padded_imgs/ZIL131/HB19915.JPG,15,ZIL131,HB19915
data/raw/Padded_imgs/ZIL131/HB19916 (copy).JPG,15,ZIL131,HB19916 (copy)
data/raw/Padded_imgs/ZIL131/HB19916.JPG,15,ZIL131,HB19916
data/raw/Padded_imgs/ZIL131/HB19917 (copy).JPG,17,ZIL131,HB19917 (copy)
data/raw/Padded_imgs/ZIL131/HB19917.JPG,17,ZIL131,HB19917
data/raw/Padded_imgs/ZIL131/HB19918 (copy).JPG,15,ZIL131,HB19918 (copy)
data/raw/Padded_imgs/ZIL131/HB19918.JPG,15,ZIL131,HB19918
data/raw/Padded_imgs/ZIL131/HB19919 (copy).JPG,15,ZIL131,HB19919 (copy)
data/raw/Padded_imgs/ZIL131/HB19919.JPG,15,ZIL131,HB19919
data/raw/Padded_imgs/ZIL131/HB19920 (copy).JPG,15,ZIL131,HB19920 (copy)
data/raw/Padded_imgs/ZIL131/HB19920.JPG,15,ZIL131,HB19920
data/raw/Padded_imgs/ZIL131/HB19923 (copy).JPG,15,ZIL131,HB19923 (copy)
data/raw/Padded_imgs/ZIL131/HB19923.JPG,15,ZIL131,HB19923
data/raw/Padded_imgs/ZIL131/HB19924 (copy).JPG,15,ZIL131,HB19924 (copy)
data/raw/Padded_imgs/ZIL131/HB19924.JPG,15,ZIL131,HB19924
data/raw/Padded_imgs/ZIL131/HB19925 (copy).JPG,15,ZIL131,HB19925 (copy)
data/raw/Padded_imgs/ZIL131/HB19925.JPG,15,ZIL131,HB19925
data/raw/Padded_imgs/ZIL131/HB19926 (copy).JPG,15,ZIL131,HB19926 (copy)
data/raw/Padded_imgs/ZIL131/HB19926.JPG,15,ZIL131,HB19926
data/raw/Padded_imgs/ZIL131/HB19927 (copy).JPG,15,ZIL131,HB19927 (copy)
data/raw/Padded_imgs/ZIL131/HB19927.JPG,15,ZIL131,HB19927
data/raw/Padded_imgs/ZIL131/HB19928 (copy).JPG,15,ZIL131,HB19928 (copy)
data/raw/Padded_imgs/ZIL131/HB19928.JPG,15,ZIL131,HB19928
data/raw/Padded_imgs/ZIL131/HB19929 (copy).JPG,15,ZIL131,HB19929 (copy)
data/raw/Padded_imgs/ZIL131/HB19929.JPG,15,ZIL131,HB19929
data/raw/Padded_imgs/ZIL131/HB19930 (copy).JPG,15,ZIL131,HB19930 (copy)
data/raw/Padded_imgs/ZIL131/HB19930.JPG,15,ZIL131,HB19930
data/raw/Padded_imgs/ZIL131/HB19931 (copy).JPG,15,ZIL131,HB19931 (copy)
data/raw/Padded_imgs/ZIL131/HB19931.JPG,15,ZIL131,HB19931
data/raw/Padded_imgs/ZIL131/HB19932 (copy).JPG,15,ZIL131,HB19932 (copy)
data/raw/Padded_imgs/ZIL131/HB19932.JPG,15,ZIL131,HB19932
data/raw/Padded_imgs/ZIL131/HB19933 (copy).JPG,15,ZIL131,HB19933 (copy)
data/raw/Padded_imgs/ZIL131/HB19933.JPG,15,ZIL131,HB19933
data/raw/Padded_imgs/ZIL131/HB19934 (copy).JPG,15,ZIL131,HB19934 (copy)
data/raw/Padded_imgs/ZIL131/HB19934.JPG,15,ZIL131,HB19934
data/raw/Padded_imgs/ZIL131/HB19935 (copy).JPG,15,ZIL131,HB19935 (copy)
data/raw/Padded_imgs/ZIL131/HB19935.JPG,15,ZIL131,HB19935
data/raw/Padded_imgs/ZIL131/HB19936 (copy).JPG,15,ZIL131,HB19936 (copy)
data/raw/Padded_imgs/ZIL131/HB19936.JPG,15,ZIL131,HB19936
data/raw/Padded_imgs/ZIL131/HB19938 (copy).JPG,15,ZIL131,HB19938 (copy)
data/raw/Padded_imgs/ZIL131/HB19938.JPG,15,ZIL131,HB19938
data/raw/Padded_imgs/ZIL131/HB19939 (copy).JPG,15,ZIL131,HB19939 (copy)
data/raw/Padded_imgs/ZIL131/HB19939.JPG,15,ZIL131,HB19939
data/raw/Padded_imgs/ZIL131/HB19941 (copy).JPG,15,ZIL131,HB19941 (copy)
data/raw/Padded_imgs/ZIL131/HB19941.JPG,15,ZIL131,HB19941
data/raw/Padded_imgs/ZIL131/HB19942 (copy).JPG,15,ZIL131,HB19942 (copy)
data/raw/Padded_imgs/ZIL131/HB19942.JPG,15,ZIL131,HB19942
data/raw/Padded_imgs/ZIL131/HB19943 (copy).JPG,15,ZIL131,HB19943 (copy)
data/raw/Padded_imgs/ZIL131/HB19943.JPG,15,ZIL131,HB19943
data/raw/Padded_imgs/ZIL131/HB19944 (copy).JPG,15,ZIL131,HB19944 (copy)
data/raw/Padded_imgs/ZIL131/HB19944.JPG,15,ZIL131,HB19944
data/raw/Padded_imgs/ZIL131/HB19945 (copy).JPG,15,ZIL131,HB19945 (copy)
data/raw/Padded_imgs/ZIL131/HB19945.JPG,15,ZIL131,HB19945
data/raw/Padded_imgs/ZIL131/HB19946 (copy).JPG,15,ZIL131,HB19946 (copy)
data/raw/Padded_imgs/ZIL131/HB19946.JPG,15,ZIL131,HB19946
data/raw/Padded_imgs/ZIL131/HB19947 (copy).JPG,15,ZIL131,HB19947 (copy)
data/raw/Padded_imgs/ZIL131/HB19947.JPG,15,ZIL131,HB19947
data/raw/Padded_imgs/ZIL131/HB19949 (copy).JPG,15,ZIL131,HB19949 (copy)
data/raw/Padded_imgs/ZIL131/HB19949.JPG,15,ZIL131,HB19949
data/raw/Padded_imgs/ZIL131/HB19950 (copy).JPG,15,ZIL131,HB19950 (copy)
data/raw/Padded_imgs/ZIL131/HB19950.JPG,15,ZIL131,HB19950
data/raw/Padded_imgs/ZIL131/HB19951 (copy).JPG,15,ZIL131,HB19951 (copy)
data/raw/Padded_imgs/ZIL131/HB19951.JPG,15,ZIL131,HB19951
data/raw/Padded_imgs/ZIL131/HB19952 (copy).JPG,15,ZIL131,HB19952 (copy)
data/raw/Padded_imgs/ZIL131/HB19952.JPG,15,ZIL131,HB19952
data/raw/Padded_imgs/ZIL131/HB19953 (copy).JPG,15,ZIL131,HB19953 (copy)
data/raw/Padded_imgs/ZIL131/HB19953.JPG,15,ZIL131,HB19953
data/raw/Padded_imgs/ZIL131/HB19954 (copy).JPG,15,ZIL131,HB19954 (copy)
data/raw/Padded_imgs/ZIL131/HB19954.JPG,15,ZIL131,HB19954
data/raw/Padded_imgs/ZIL131/HB19955 (copy).JPG,15,ZIL131,HB19955 (copy)
data/raw/Padded_imgs/ZIL131/HB19955.JPG,15,ZIL131,HB19955
data/raw/Padded_imgs/ZIL131/HB19957 (copy).JPG,15,ZIL131,HB19957 (copy)
data/raw/Padded_imgs/ZIL131/HB19957.JPG,15,ZIL131,HB19957
data/raw/Padded_imgs/ZIL131/HB19958 (copy).JPG,15,ZIL131,HB19958 (copy)
data/raw/Padded_imgs/ZIL131/HB19958.JPG,15,ZIL131,HB19958
data/raw/Padded_imgs/ZIL131/HB19959 (copy).JPG,15,ZIL131,HB19959 (copy)
data/raw/Padded_imgs/ZIL131/HB19959.JPG,15,ZIL131,HB19959
data/raw/Padded_imgs/ZIL131/HB19960 (copy).JPG,15,ZIL131,HB19960 (copy)
data/raw/Padded_imgs/ZIL131/HB19960.JPG,15,ZIL131,HB19960
data/raw/Padded_imgs/ZIL131/HB19961 (copy).JPG,15,ZIL131,HB19961 (copy)
data/raw/Padded_imgs/ZIL131/HB19961.JPG,15,ZIL131,HB19961
data/raw/Padded_imgs/ZIL131/HB19962 (copy).JPG,15,ZIL131,HB19962 (copy)
data/raw/Padded_imgs/ZIL131/HB19962.JPG,15,ZIL131,HB19962
data/raw/Padded_imgs/ZIL131/HB19963 (copy).JPG,15,ZIL131,HB19963 (copy)
data/raw/Padded_imgs/ZIL131/HB19963.JPG,15,ZIL131,HB19963
data/raw/Padded_imgs/ZIL131/HB19964 (copy).JPG,15,ZIL131,HB19964 (copy)
data/raw/Padded_imgs/ZIL131/HB19964.JPG,15,ZIL131,HB19964
data/raw/Padded_imgs/ZIL131/HB19965 (copy).JPG,15,ZIL131,HB19965 (copy)
data/raw/Padded_imgs/ZIL131/HB19965.JPG,15,ZIL131,HB19965
data/raw/Padded_imgs/ZIL131/HB19966 (copy).JPG,15,ZIL131,HB19966 (copy)
data/raw/Padded_imgs/ZIL131/HB19966.JPG,15,ZIL131,HB19966
data/raw/Padded_imgs/ZIL131/HB19967 (copy).JPG,15,ZIL131,HB19967 (copy)
data/raw/Padded_imgs/ZIL131/HB19967.JPG,15,ZIL131,HB19967
data/raw/Padded_imgs/ZIL131/HB19968 (copy).JPG,15,ZIL131,HB19968 (copy)
data/raw/Padded_imgs/ZIL131/HB19968.JPG,15,ZIL131,HB19968
data/raw/Padded_imgs/ZIL131/HB19969 (copy).JPG,15,ZIL131,HB19969 (copy)
data/raw/Padded_imgs/ZIL131/HB19969.JPG,15,ZIL131,HB19969
data/raw/Padded_imgs/ZIL131/HB19971 (copy).JPG,15,ZIL131,HB19971 (copy)
data/raw/Padded_imgs/ZIL131/HB19971.JPG,15,ZIL131,HB19971
data/raw/Padded_imgs/ZIL131/HB19972 (copy).JPG,15,ZIL131,HB19972 (copy)
data/raw/Padded_imgs/ZIL131/HB19972.JPG,15,ZIL131,HB19972
data/raw/Padded_imgs/ZIL131/HB19973 (copy).JPG,15,ZIL131,HB19973 (copy)
data/raw/Padded_imgs/ZIL131/HB19973.JPG,15,ZIL131,HB19973
data/raw/Padded_imgs/ZIL131/HB19975 (copy).JPG,15,ZIL131,HB19975 (copy)
data/raw/Padded_imgs/ZIL131/HB19975.JPG,15,ZIL131,HB19975
data/raw/Padded_imgs/ZIL131/HB19976 (copy).JPG,15,ZIL131,HB19976 (copy)
data/raw/Padded_imgs/ZIL131/HB19976.JPG,15,ZIL131,HB19976
data/raw/Padded_imgs/ZIL131/HB19977 (copy).JPG,15,ZIL131,HB19977 (copy)
data/raw/Padded_imgs/ZIL131/HB19977.JPG,15,ZIL131,HB19977
data/raw/Padded_imgs/ZIL131/HB19978 (copy).JPG,15,ZIL131,HB19978 (copy)
data/raw/Padded_imgs/ZIL131/HB19978.JPG,15,ZIL131,HB19978
data/raw/Padded_imgs/ZIL131/HB19979 (copy).JPG,15,ZIL131,HB19979 (copy)
data/raw/Padded_imgs/ZIL131/HB19979.JPG,15,ZIL131,HB19979
data/raw/Padded_imgs/ZIL131/HB19980 (copy).JPG,15,ZIL131,HB19980 (copy)
data/raw/Padded_imgs/ZIL131/HB19980.JPG,15,ZIL131,HB19980
data/raw/Padded_imgs/ZIL131/HB19981 (copy).JPG,15,ZIL131,HB19981 (copy)
data/raw/Padded_imgs/ZIL131/HB19981.JPG,15,ZIL131,HB19981
data/raw/Padded_imgs/ZIL131/HB19982 (copy).JPG,15,ZIL131,HB19982 (copy)
data/raw/Padded_imgs/ZIL131/HB19982.JPG,15,ZIL131,HB19982
data/raw/Padded_imgs/ZIL131/HB19983 (copy).JPG,15,ZIL131,HB19983 (copy)
data/raw/Padded_imgs/ZIL131/HB19983.JPG,15,ZIL131,HB19983
data/raw/Padded_imgs/ZIL131/HB19984 (copy).JPG,15,ZIL131,HB19984 (copy)
data/raw/Padded_imgs/ZIL131/HB19984.JPG,15,ZIL131,HB19984
data/raw/Padded_imgs/ZIL131/HB19986 (copy).JPG,15,ZIL131,HB19986 (copy)
data/raw/Padded_imgs/ZIL131/HB19986.JPG,15,ZIL131,HB19986
data/raw/Padded_imgs/ZIL131/HB19987 (copy).JPG,15,ZIL131,HB19987 (copy)
data/raw/Padded_imgs/ZIL131/HB19987.JPG,15,ZIL131,HB19987
data/raw/Padded_imgs/ZIL131/HB19988 (copy).JPG,15,ZIL131,HB19988 (copy)
data/raw/Padded_imgs/ZIL131/HB19988.JPG,15,ZIL131,HB19988
data/raw/Padded_imgs/ZIL131/HB19989 (copy).JPG,15,ZIL131,HB19989 (copy)
data/raw/Padded_imgs/ZIL131/HB19989.JPG,15,ZIL131,HB19989
data/raw/Padded_imgs/ZIL131/HB19990 (copy).JPG,15,ZIL131,HB19990 (copy)
data/raw/Padded_imgs/ZIL131/HB19990.JPG,15,ZIL131,HB19990
data/raw/Padded_imgs/ZIL131/HB19992 (copy).JPG,15,ZIL131,HB19992 (copy)
data/raw/Padded_imgs/ZIL131/HB19992.JPG,15,ZIL131,HB19992
data/raw/Padded_imgs/ZIL131/HB19993 (copy).JPG,15,ZIL131,HB19993 (copy)
data/raw/Padded_imgs/ZIL131/HB19993.JPG,15,ZIL131,HB19993
data/raw/Padded_imgs/ZIL131/HB19994 (copy).JPG,15,ZIL131,HB19994 (copy)
data/raw/Padded_imgs/ZIL131/HB19994.JPG,15,ZIL131,HB19994
data/raw/Padded_imgs/ZIL131/HB19995 (copy).JPG,15,ZIL131,HB19995 (copy)
data/raw/Padded_imgs/ZIL131/HB19995.JPG,15,ZIL131,HB19995
data/raw/Padded_imgs/ZIL131/HB19996 (copy).JPG,15,ZIL131,HB19996 (copy)
data/raw/Padded_imgs/ZIL131/HB19996.JPG,15,ZIL131,HB19996
data/raw/Padded_imgs/ZIL131/HB19997 (copy).JPG,15,ZIL131,HB19997 (copy)
data/raw/Padded_imgs/ZIL131/HB19997.JPG,15,ZIL131,HB19997
data/raw/Padded_imgs/ZIL131/HB19998 (copy).JPG,15,ZIL131,HB19998 (copy)
data/raw/Padded_imgs/ZIL131/HB19998.JPG,15,ZIL131,HB19998
data/raw/Padded_imgs/ZIL131/HB19999 (copy).JPG,15,ZIL131,HB19999 (copy)
data/raw/Padded_imgs/ZIL131/HB19999.JPG,15,ZIL131,HB19999
data/raw/Padded_imgs/ZIL131/HB20000 (copy).JPG,15,ZIL131,HB20000 (copy)
data/raw/Padded_imgs/ZIL131/HB20000.JPG,15,ZIL131,HB20000
data/raw/Padded_imgs/ZIL131/HB20001 (copy).JPG,15,ZIL131,HB20001 (copy)
data/raw/Padded_imgs/ZIL131/HB20001.JPG,15,ZIL131,HB20001
data/raw/Padded_imgs/ZIL131/HB20002 (copy).JPG,15,ZIL131,HB20002 (copy)
data/raw/Padded_imgs/ZIL131/HB20002.JPG,15,ZIL131,HB20002
data/raw/Padded_imgs/ZIL131/HB20007 (copy).JPG,15,ZIL131,HB20007 (copy)
data/raw/Padded_imgs/ZIL131/HB20007.JPG,15,ZIL131,HB20007
data/raw/Padded_imgs/ZIL131/HB20008 (copy).JPG,15,ZIL131,HB20008 (copy)
data/raw/Padded_imgs/ZIL131/HB20008.JPG,15,ZIL131,HB20008
data/raw/Padded_imgs/ZIL131/HB20009 (copy).JPG,15,ZIL131,HB20009 (copy)
data/raw/Padded_imgs/ZIL131/HB20009.JPG,15,ZIL131,HB20009
data/raw/Padded_imgs/ZIL131/HB20010 (copy).JPG,15,ZIL131,HB20010 (copy)
data/raw/Padded_imgs/ZIL131/HB20010.JPG,15,ZIL131,HB20010
data/raw/Padded_imgs/ZIL131/HB20011 (copy).JPG,15,ZIL131,HB20011 (copy)
data/raw/Padded_imgs/ZIL131/HB20011.JPG,15,ZIL131,HB20011
data/raw/Padded_imgs/ZIL131/HB20012 (copy).JPG,15,ZIL131,HB20012 (copy)
data/raw/Padded_imgs/ZIL131/HB20012.JPG,15,ZIL131,HB20012
data/raw/Padded_imgs/ZIL131/HB20013 (copy).JPG,15,ZIL131,HB20013 (copy)
data/raw/Padded_imgs/ZIL131/HB20013.JPG,15,ZIL131,HB20013
data/raw/Padded_imgs/ZSU_23_4/HB14931.JPG,15,ZSU_23_4,HB14931
data/raw/Padded_imgs/ZSU_23_4/HB14932.JPG,15,ZSU_23_4,HB14932
data/raw/Padded_imgs/ZSU_23_4/HB14933.JPG,15,ZSU_23_4,HB14933
data/raw/Padded_imgs/ZSU_23_4/HB14934.JPG,15,ZSU_23_4,HB14934
data/raw/Padded_imgs/ZSU_23_4/HB14935.JPG,15,ZSU_23_4,HB14935
data/raw/Padded_imgs/ZSU_23_4/HB14936.JPG,15,ZSU_23_4,HB14936
data/raw/Padded_imgs/ZSU_23_4/HB14937.JPG,15,ZSU_23_4,HB14937
data/raw/Padded_imgs/ZSU_23_4/HB14938.JPG,15,ZSU_23_4,HB14938
data/raw/Padded_imgs/ZSU_23_4/HB14939.JPG,15,ZSU_23_4,HB14939
data/raw/Padded_imgs/ZSU_23_4/HB14940.JPG,15,ZSU_23_4,HB14940
data/raw/Padded_imgs/ZSU_23_4/HB14941.JPG,15,ZSU_23_4,HB14941
data/raw/Padded_imgs/ZSU_23_4/HB14942.JPG,15,ZSU_23_4,HB14942
data/raw/Padded_imgs/ZSU_23_4/HB14943.JPG,15,ZSU_23_4,HB14943
data/raw/Padded_imgs/ZSU_23_4/HB14944.JPG,15,ZSU_23_4,HB14944
data/raw/Padded_imgs/ZSU_23_4/HB14945.JPG,15,ZSU_23_4,HB14945
data/raw/Padded_imgs/ZSU_23_4/HB14946.JPG,15,ZSU_23_4,HB14946
data/raw/Padded_imgs/ZSU_23_4/HB14947.JPG,15,ZSU_23_4,HB14947
data/raw/Padded_imgs/ZSU_23_4/HB14948.JPG,15,ZSU_23_4,HB14948
data/raw/Padded_imgs/ZSU_23_4/HB14950.JPG,15,ZSU_23_4,HB14950
data/raw/Padded_imgs/ZSU_23_4/HB14951.JPG,15,ZSU_23_4,HB14951
data/raw/Padded_imgs/ZSU_23_4/HB14954.JPG,15,ZSU_23_4,HB14954
data/raw/Padded_imgs/ZSU_23_4/HB14955.JPG,15,ZSU_23_4,HB14955
data/raw/Padded_imgs/ZSU_23_4/HB14956.JPG,15,ZSU_23_4,HB14956
data/raw/Padded_imgs/ZSU_23_4/HB14957.JPG,15,ZSU_23_4,HB14957
data/raw/Padded_imgs/ZSU_23_4/HB14958.JPG,15,ZSU_23_4,HB14958
data/raw/Padded_imgs/ZSU_23_4/HB14959.JPG,15,ZSU_23_4,HB14959
data/raw/Padded_imgs/ZSU_23_4/HB14960.JPG,15,ZSU_23_4,HB14960
data/raw/Padded_imgs/ZSU_23_4/HB14961.JPG,15,ZSU_23_4,HB14961
data/raw/Padded_imgs/ZSU_23_4/HB14962.JPG,15,ZSU_23_4,HB14962
data/raw/Padded_imgs/ZSU_23_4/HB14963.JPG,15,ZSU_23_4,HB14963
data/raw/Padded_imgs/ZSU_23_4/HB14964.JPG,15,ZSU_23_4,HB14964
data/raw/Padded_imgs/ZSU_23_4/HB14965.JPG,15,ZSU_23_4,HB14965
data/raw/Padded_imgs/ZSU_23_4/HB14967.JPG,15,ZSU_23_4,HB14967
data/raw/Padded_imgs/ZSU_23_4/HB14968.JPG,15,ZSU_23_4,HB14968
data/raw/Padded_imgs/ZSU_23_4/HB14969.JPG,15,ZSU_23_4,HB14969
data/raw/Padded_imgs/ZSU_23_4/HB14970.JPG,15,ZSU_23_4,HB14970
data/raw/Padded_imgs/ZSU_23_4/HB14971.JPG,15,ZSU_23_4,HB14971
data/raw/Padded_imgs/ZSU_23_4/HB14972.JPG,15,ZSU_23_4,HB14972
data/raw/Padded_imgs/ZSU_23_4/HB14973.JPG,15,ZSU_23_4,HB14973
data/raw/Padded_imgs/ZSU_23_4/HB14974.JPG,15,ZSU_23_4,HB14974
data/raw/Padded_imgs/ZSU_23_4/HB14975.JPG,15,ZSU_23_4,HB14975
data/raw/Padded_imgs/ZSU_23_4/HB14976.JPG,15,ZSU_23_4,HB14976
data/raw/Padded_imgs/ZSU_23_4/HB14977.JPG,15,ZSU_23_4,HB14977
data/raw/Padded_imgs/ZSU_23_4/HB14978.JPG,15,ZSU_23_4,HB14978
data/raw/Padded_imgs/ZSU_23_4/HB14979.JPG,15,ZSU_23_4,HB14979
data/raw/Padded_imgs/ZSU_23_4/HB14980.JPG,15,ZSU_23_4,HB14980
data/raw/Padded_imgs/ZSU_23_4/HB14981.JPG,15,ZSU_23_4,HB14981
data/raw/Padded_imgs/ZSU_23_4/HB14982.JPG,15,ZSU_23_4,HB14982
data/raw/Padded_imgs/ZSU_23_4/HB14983.JPG,15,ZSU_23_4,HB14983
data/raw/Padded_imgs/ZSU_23_4/HB14984.JPG,15,ZSU_23_4,HB14984
data/raw/Padded_imgs/ZSU_23_4/HB14986.JPG,15,ZSU_23_4,HB14986
data/raw/Padded_imgs/ZSU_23_4/HB14987.JPG,15,ZSU_23_4,HB14987
data/raw/Padded_imgs/ZSU_23_4/HB14990.JPG,15,ZSU_23_4,HB14990
data/raw/Padded_imgs/ZSU_23_4/HB14991.JPG,15,ZSU_23_4,HB14991
data/raw/Padded_imgs/ZSU_23_4/HB14992.JPG,15,ZSU_23_4,HB14992
data/raw/Padded_imgs/ZSU_23_4/HB14993.JPG,15,ZSU_23_4,HB14993
data/raw/Padded_imgs/ZSU_23_4/HB14994.JPG,15,ZSU_23_4,HB14994
data/raw/Padded_imgs/ZSU_23_4/HB14995.JPG,15,ZSU_23_4,HB14995
data/raw/Padded_imgs/ZSU_23_4/HB14997.JPG,15,ZSU_23_4,HB14997
data/raw/Padded_imgs/ZSU_23_4/HB14998.JPG,15,ZSU_23_4,HB14998
data/raw/Padded_imgs/ZSU_23_4/HB14999.JPG,15,ZSU_23_4,HB14999
data/raw/Padded_imgs/ZSU_23_4/HB15000.JPG,15,ZSU_23_4,HB15000
data/raw/Padded_imgs/ZSU_23_4/HB15001.JPG,15,ZSU_23_4,HB15001
data/raw/Padded_imgs/ZSU_23_4/HB15002.JPG,15,ZSU_23_4,HB15002
data/raw/Padded_imgs/ZSU_23_4/HB15003.JPG,15,ZSU_23_4,HB15003
data/raw/Padded_imgs/ZSU_23_4/HB15004.JPG,15,ZSU_23_4,HB15004
data/raw/Padded_imgs/ZSU_23_4/HB15005.JPG,15,ZSU_23_4,HB15005
data/raw/Padded_imgs/ZSU_23_4/HB15006.JPG,15,ZSU_23_4,HB15006
data/raw/Padded_imgs/ZSU_23_4/HB15008.JPG,15,ZSU_23_4,HB15008
data/raw/Padded_imgs/ZSU_23_4/HB15009.JPG,15,ZSU_23_4,HB15009
data/raw/Padded_imgs/ZSU_23_4/HB15010.JPG,15,ZSU_23_4,HB15010
data/raw/Padded_imgs/ZSU_23_4/HB15011.JPG,15,ZSU_23_4,HB15011
data/raw/Padded_imgs/ZSU_23_4/HB15012.JPG,15,ZSU_23_4,HB15012
data/raw/Padded_imgs/ZSU_23_4/HB15013.JPG,15,ZSU_23_4,HB15013
data/raw/Padded_imgs/ZSU_23_4/HB15014.JPG,15,ZSU_23_4,HB15014
data/raw/Padded_imgs/ZSU_23_4/HB15015.JPG,15,ZSU_23_4,HB15015
data/raw/Padded_imgs/ZSU_23_4/HB15016.JPG,15,ZSU_23_4,HB15016
data/raw/Padded_imgs/ZSU_23_4/HB15017.JPG,17,ZSU_23_4,HB15017
data/raw/Padded_imgs/ZSU_23_4/HB15018.JPG,15,ZSU_23_4,HB15018
data/raw/Padded_imgs/ZSU_23_4/HB15019.JPG,15,ZSU_23_4,HB15019
data/raw/Padded_imgs/ZSU_23_4/HB15020.JPG,15,ZSU_23_4,HB15020
data/raw/Padded_imgs/ZSU_23_4/HB15021.JPG,15,ZSU_23_4,HB15021
data/raw/Padded_imgs/ZSU_23_4/HB15022.JPG,15,ZSU_23_4,HB15022
data/raw/Padded_imgs/ZSU_23_4/HB15025.JPG,15,ZSU_23_4,HB15025
data/raw/Padded_imgs/ZSU_23_4/HB15026.JPG,15,ZSU_23_4,HB15026
data/raw/Padded_imgs/ZSU_23_4/HB15027.JPG,15,ZSU_23_4,HB15027
data/raw/Padded_imgs/ZSU_23_4/HB15028.JPG,15,ZSU_23_4,HB15028
data/raw/Padded_imgs/ZSU_23_4/HB15029.JPG,15,ZSU_23_4,HB15029
data/raw/Padded_imgs/ZSU_23_4/HB15030.JPG,15,ZSU_23_4,HB15030
data/raw/Padded_imgs/ZSU_23_4/HB15031.JPG,15,ZSU_23_4,HB15031
data/raw/Padded_imgs/ZSU_23_4/HB15032.JPG,15,ZSU_23_4,HB15032
data/raw/Padded_imgs/ZSU_23_4/HB15033.JPG,15,ZSU_23_4,HB15033
data/raw/Padded_imgs/ZSU_23_4/HB15034.JPG,15,ZSU_23_4,HB15034
data/raw/Padded_imgs/ZSU_23_4/HB15036.JPG,15,ZSU_23_4,HB15036
data/raw/Padded_imgs/ZSU_23_4/HB15037.JPG,15,ZSU_23_4,HB15037
data/raw/Padded_imgs/ZSU_23_4/HB15038.JPG,15,ZSU_23_4,HB15038
data/raw/Padded_imgs/ZSU_23_4/HB15039.JPG,15,ZSU_23_4,HB15039
data/raw/Padded_imgs/ZSU_23_4/HB15041.JPG,15,ZSU_23_4,HB15041
data/raw/Padded_imgs/ZSU_23_4/HB15042.JPG,15,ZSU_23_4,HB15042
data/raw/Padded_imgs/ZSU_23_4/HB15043.JPG,15,ZSU_23_4,HB15043
data/raw/Padded_imgs/ZSU_23_4/HB15044.JPG,15,ZSU_23_4,HB15044
data/raw/Padded_imgs/ZSU_23_4/HB15045.JPG,15,ZSU_23_4,HB15045
data/raw/Padded_imgs/ZSU_23_4/HB15046.JPG,15,ZSU_23_4,HB15046
data/raw/Padded_imgs/ZSU_23_4/HB15047.JPG,15,ZSU_23_4,HB15047
data/raw/Padded_imgs/ZSU_23_4/HB15048.JPG,15,ZSU_23_4,HB15048
data/raw/Padded_imgs/ZSU_23_4/HB15049.JPG,15,ZSU_23_4,HB15049
data/raw/Padded_imgs/ZSU_23_4/HB15050.JPG,15,ZSU_23_4,HB15050
data/raw/Padded_imgs/ZSU_23_4/HB15051.JPG,15,ZSU_23_4,HB15051
data/raw/Padded_imgs/ZSU_23_4/HB15052.JPG,15,ZSU_23_4,HB15052
data/raw/Padded_imgs/ZSU_23_4/HB15054.JPG,15,ZSU_23_4,HB15054
data/raw/Padded_imgs/ZSU_23_4/HB15055.JPG,15,ZSU_23_4,HB15055
data/raw/Padded_imgs/ZSU_23_4/HB15056.JPG,15,ZSU_23_4,HB15056
data/raw/Padded_imgs/ZSU_23_4/HB15057.JPG,15,ZSU_23_4,HB15057
data/raw/Padded_imgs/ZSU_23_4/HB15060.JPG,15,ZSU_23_4,HB15060
data/raw/Padded_imgs/ZSU_23_4/HB15062.JPG,15,ZSU_23_4,HB15062
data/raw/Padded_imgs/ZSU_23_4/HB15063.JPG,15,ZSU_23_4,HB15063
data/raw/Padded_imgs/ZSU_23_4/HB15064.JPG,15,ZSU_23_4,HB15064
data/raw/Padded_imgs/ZSU_23_4/HB15065.JPG,15,ZSU_23_4,HB15065
data/raw/Padded_imgs/ZSU_23_4/HB15066.JPG,15,ZSU_23_4,HB15066
data/raw/Padded_imgs/ZSU_23_4/HB15067.JPG,15,ZSU_23_4,HB15067
data/raw/Padded_imgs/ZSU_23_4/HB15068.JPG,15,ZSU_23_4,HB15068
data/raw/Padded_imgs/ZSU_23_4/HB15069.JPG,15,ZSU_23_4,HB15069
data/raw/Padded_imgs/ZSU_23_4/HB15070.JPG,15,ZSU_23_4,HB15070
data/raw/Padded_imgs/ZSU_23_4/HB15072.JPG,15,ZSU_23_4,HB15072
data/raw/Padded_imgs/ZSU_23_4/HB15073.JPG,15,ZSU_23_4,HB15073
data/raw/Padded_imgs/ZSU_23_4/HB15074.JPG,15,ZSU_23_4,HB15074
data/raw/Padded_imgs/ZSU_23_4/HB15075.JPG,15,ZSU_23_4,HB15075
data/raw/Padded_imgs/ZSU_23_4/HB15076.JPG,15,ZSU_23_4,HB15076
data/raw/Padded_imgs/ZSU_23_4/HB15077.JPG,15,ZSU_23_4,HB15077
data/raw/Padded_imgs/ZSU_23_4/HB15078.JPG,15,ZSU_23_4,HB15078
data/raw/Padded_imgs/ZSU_23_4/HB15079.JPG,15,ZSU_23_4,HB15079
data/raw/Padded_imgs/ZSU_23_4/HB15080.JPG,15,ZSU_23_4,HB15080
data/raw/Padded_imgs/ZSU_23_4/HB15082.JPG,15,ZSU_23_4,HB15082
data/raw/Padded_imgs/ZSU_23_4/HB15083.JPG,15,ZSU_23_4,HB15083
data/raw/Padded_imgs/ZSU_23_4/HB15084.JPG,15,ZSU_23_4,HB15084
data/raw/Padded_imgs/ZSU_23_4/HB15085.JPG,15,ZSU_23_4,HB15085
data/raw/Padded_imgs/ZSU_23_4/HB15086.JPG,15,ZSU_23_4,HB15086
data/raw/Padded_imgs/ZSU_23_4/HB15087.JPG,15,ZSU_23_4,HB15087
data/raw/Padded_imgs/ZSU_23_4/HB15088.JPG,15,ZSU_23_4,HB15088
data/raw/Padded_imgs/ZSU_23_4/HB15090.JPG,15,ZSU_23_4,HB15090
data/raw/Padded_imgs/ZSU_23_4/HB15091.JPG,15,ZSU_23_4,HB15091
data/raw/Padded_imgs/ZSU_23_4/HB15092.JPG,15,ZSU_23_4,HB15092
data/raw/Padded_imgs/ZSU_23_4/HB15096.JPG,15,ZSU_23_4,HB15096
data/raw/Padded_imgs/ZSU_23_4/HB15097.JPG,15,ZSU_23_4,HB15097
data/raw/Padded_imgs/ZSU_23_4/HB15098.JPG,15,ZSU_23_4,HB15098
data/raw/Padded_imgs/ZSU_23_4/HB15100.JPG,15,ZSU_23_4,HB15100
data/raw/Padded_imgs/ZSU_23_4/HB15101.JPG,15,ZSU_23_4,HB15101
data/raw/Padded_imgs/ZSU_23_4/HB15102.JPG,15,ZSU_23_4,HB15102
data/raw/Padded_imgs/ZSU_23_4/HB15103.JPG,15,ZSU_23_4,HB15103
data/raw/Padded_imgs/ZSU_23_4/HB15104.JPG,15,ZSU_23_4,HB15104
data/raw/Padded_imgs/ZSU_23_4/HB15106.JPG,15,ZSU_23_4,HB15106
data/raw/Padded_imgs/ZSU_23_4/HB15108.JPG,15,ZSU_23_4,HB15108
data/raw/Padded_imgs/ZSU_23_4/HB15109.JPG,15,ZSU_23_4,HB15109
data/raw/Padded_imgs/ZSU_23_4/HB15111.JPG,15,ZSU_23_4,HB15111
data/raw/Padded_imgs/ZSU_23_4/HB15112.JPG,15,ZSU_23_4,HB15112
data/raw/Padded_imgs/ZSU_23_4/HB15113.JPG,15,ZSU_23_4,HB15113
data/raw/Padded_imgs/ZSU_23_4/HB15114.JPG,15,ZSU_23_4,HB15114
data/raw/Padded_imgs/ZSU_23_4/HB15115.JPG,15,ZSU_23_4,HB15115
data/raw/Padded_imgs/ZSU_23_4/HB15116.JPG,15,ZSU_23_4,HB15116
data/raw/Padded_imgs/ZSU_23_4/HB15117.JPG,17,ZSU_23_4,HB15117
data/raw/Padded_imgs/ZSU_23_4/HB15118.JPG,15,ZSU_23_4,HB15118
data/raw/Padded_imgs/ZSU_23_4/HB15119.JPG,15,ZSU_23_4,HB15119
data/raw/Padded_imgs/ZSU_23_4/HB15120.JPG,15,ZSU_23_4,HB15120
data/raw/Padded_imgs/ZSU_23_4/HB15121.JPG,15,ZSU_23_4,HB15121
data/raw/Padded_imgs/ZSU_23_4/HB15122.JPG,15,ZSU_23_4,HB15122
data/raw/Padded_imgs/ZSU_23_4/HB15123.JPG,15,ZSU_23_4,HB15123
data/raw/Padded_imgs/ZSU_23_4/HB15124.JPG,15,ZSU_23_4,HB15124
data/raw/Padded_imgs/ZSU_23_4/HB15125.JPG,15,ZSU_23_4,HB15125
data/raw/Padded_imgs/ZSU_23_4/HB15129.JPG,15,ZSU_23_4,HB15129
data/raw/Padded_imgs/ZSU_23_4/HB15130.JPG,15,ZSU_23_4,HB15130
data/raw/Padded_imgs/ZSU_23_4/HB15132.JPG,15,ZSU_23_4,HB15132
data/raw/Padded_imgs/ZSU_23_4/HB15134.JPG,15,ZSU_23_4,HB15134
data/raw/Padded_imgs/ZSU_23_4/HB15135.JPG,15,ZSU_23_4,HB15135
data/raw/Padded_imgs/ZSU_23_4/HB15136.JPG,15,ZSU_23_4,HB15136
data/raw/Padded_imgs/ZSU_23_4/HB15138.JPG,15,ZSU_23_4,HB15138
data/raw/Padded_imgs/ZSU_23_4/HB15139.JPG,15,ZSU_23_4,HB15139
data/raw/Padded_imgs/ZSU_23_4/HB15140.JPG,15,ZSU_23_4,HB15140
data/raw/Padded_imgs/ZSU_23_4/HB15141.JPG,15,ZSU_23_4,HB15141
data/raw/Padded_imgs/ZSU_23_4/HB15142.JPG,15,ZSU_23_4,HB15142
data/raw/Padded_imgs/ZSU_23_4/HB15143.JPG,15,ZSU_23_4,HB15143
data/raw/Padded_imgs/ZSU_23_4/HB15144.JPG,15,ZSU_23_4,HB15144
data/raw/Padded_imgs/ZSU_23_4/HB15145.JPG,15,ZSU_23_4,HB15145
data/raw/Padded_imgs/ZSU_23_4/HB15146.JPG,15,ZSU_23_4,HB15146
data/raw/Padded_imgs/ZSU_23_4/HB15147.JPG,15,ZSU_23_4,HB15147
data/raw/Padded_imgs/ZSU_23_4/HB15148.JPG,15,ZSU_23_4,HB15148
data/raw/Padded_imgs/ZSU_23_4/HB15150.JPG,15,ZSU_23_4,HB15150
data/raw/Padded_imgs/ZSU_23_4/HB15151.JPG,15,ZSU_23_4,HB15151
data/raw/Padded_imgs/ZSU_23_4/HB15152.JPG,15,ZSU_23_4,HB15152
data/raw/Padded_imgs/ZSU_23_4/HB15154.JPG,15,ZSU_23_4,HB15154
data/raw/Padded_imgs/ZSU_23_4/HB15156.JPG,15,ZSU_23_4,HB15156
data/raw/Padded_imgs/ZSU_23_4/HB15157.JPG,15,ZSU_23_4,HB15157
data/raw/Padded_imgs/ZSU_23_4/HB15158.JPG,15,ZSU_23_4,HB15158
data/raw/Padded_imgs/ZSU_23_4/HB15161.JPG,15,ZSU_23_4,HB15161
data/raw/Padded_imgs/ZSU_23_4/HB15162.JPG,15,ZSU_23_4,HB15162
data/raw/Padded_imgs/ZSU_23_4/HB15163.JPG,15,ZSU_23_4,HB15163
data/raw/Padded_imgs/ZSU_23_4/HB15165.JPG,15,ZSU_23_4,HB15165
data/raw/Padded_imgs/ZSU_23_4/HB15166.JPG,15,ZSU_23_4,HB15166
data/raw/Padded_imgs/ZSU_23_4/HB15168.JPG,15,ZSU_23_4,HB15168
data/raw/Padded_imgs/ZSU_23_4/HB15169.JPG,15,ZSU_23_4,HB15169
data/raw/Padded_imgs/ZSU_23_4/HB15175.JPG,17,ZSU_23_4,HB15175
data/raw/Padded_imgs/ZSU_23_4/HB15176.JPG,17,ZSU_23_4,HB15176
data/raw/Padded_imgs/ZSU_23_4/HB15177.JPG,17,ZSU_23_4,HB15177
data/raw/Padded_imgs/ZSU_23_4/HB15178.JPG,17,ZSU_23_4,HB15178
data/raw/Padded_imgs/ZSU_23_4/HB15179.JPG,17,ZSU_23_4,HB15179
data/raw/Padded_imgs/ZSU_23_4/HB15180.JPG,15,ZSU_23_4,HB15180
data/raw/Padded_imgs/ZSU_23_4/HB15181.JPG,15,ZSU_23_4,HB15181
data/raw/Padded_imgs/ZSU_23_4/HB15182.JPG,15,ZSU_23_4,HB15182
data/raw/Padded_imgs/ZSU_23_4/HB15184.JPG,15,ZSU_23_4,HB15184
data/raw/Padded_imgs/ZSU_23_4/HB15185.JPG,15,ZSU_23_4,HB15185
data/raw/Padded_imgs/ZSU_23_4/HB15186.JPG,15,ZSU_23_4,HB15186
data/raw/Padded_imgs/ZSU_23_4/HB15190.JPG,15,ZSU_23_4,HB15190
data/raw/Padded_imgs/ZSU_23_4/HB15191.JPG,15,ZSU_23_4,HB15191
data/raw/Padded_imgs/ZSU_23_4/HB15192.JPG,15,ZSU_23_4,HB15192
data/raw/Padded_imgs/ZSU_23_4/HB15193.JPG,15,ZSU_23_4,HB15193
data/raw/Padded_imgs/ZSU_23_4/HB15194.JPG,15,ZSU_23_4,HB15194
data/raw/Padded_imgs/ZSU_23_4/HB15195.JPG,15,ZSU_23_4,HB15195
data/raw/Padded_imgs/ZSU_23_4/HB15196.JPG,15,ZSU_23_4,HB15196
data/raw/Padded_imgs/ZSU_23_4/HB15197.JPG,15,ZSU_23_4,HB15197
data/raw/Padded_imgs/ZSU_23_4/HB15198.JPG,15,ZSU_23_4,HB15198
data/raw/Padded_imgs/ZSU_23_4/HB15199.JPG,15,ZSU_23_4,HB15199
data/raw/Padded_imgs/ZSU_23_4/HB15201.JPG,15,ZSU_23_4,HB15201
data/raw/Padded_imgs/ZSU_23_4/HB15202.JPG,15,ZSU_23_4,HB15202
data/raw/Padded_imgs/ZSU_23_4/HB15203.JPG,15,ZSU_23_4,HB15203
data/raw/Padded_imgs/ZSU_23_4/HB15206.JPG,15,ZSU_23_4,HB15206
data/raw/Padded_imgs/ZSU_23_4/HB15207.JPG,15,ZSU_23_4,HB15207
data/raw/Padded_imgs/ZSU_23_4/HB15208.JPG,15,ZSU_23_4,HB15208
data/raw/Padded_imgs/ZSU_23_4/HB15209.JPG,15,ZSU_23_4,HB15209
data/raw/Padded_imgs/ZSU_23_4/HB15210.JPG,15,ZSU_23_4,HB15210
data/raw/Padded_imgs/ZSU_23_4/HB15211.JPG,15,ZSU_23_4,HB15211
data/raw/Padded_imgs/ZSU_23_4/HB15212.JPG,15,ZSU_23_4,HB15212
data/raw/Padded_imgs/ZSU_23_4/HB15214.JPG,15,ZSU_23_4,HB15214
data/raw/Padded_imgs/ZSU_23_4/HB15216.JPG,15,ZSU_23_4,HB15216
data/raw/Padded_imgs/ZSU_23_4/HB15217.JPG,17,ZSU_23_4,HB15217
data/raw/Padded_imgs/ZSU_23_4/HB15218.JPG,15,ZSU_23_4,HB15218
data/raw/Padded_imgs/ZSU_23_4/HB15220.JPG,15,ZSU_23_4,HB15220
data/raw/Padded_imgs/ZSU_23_4/HB15221.JPG,15,ZSU_23_4,HB15221
data/raw/Padded_imgs/ZSU_23_4/HB15223.JPG,15,ZSU_23_4,HB15223
data/raw/Padded_imgs/ZSU_23_4/HB15224.JPG,15,ZSU_23_4,HB15224
data/raw/Padded_imgs/ZSU_23_4/HB15227.JPG,15,ZSU_23_4,HB15227
data/raw/Padded_imgs/ZSU_23_4/HB15229.JPG,15,ZSU_23_4,HB15229
data/raw/Padded_imgs/ZSU_23_4/HB15230.JPG,15,ZSU_23_4,HB15230
data/raw/Padded_imgs/ZSU_23_4/HB15231.JPG,15,ZSU_23_4,HB15231
data/raw/Padded_imgs/ZSU_23_4/HB15232.JPG,15,ZSU_23_4,HB15232
data/raw/Padded_imgs/ZSU_23_4/HB15233.JPG,15,ZSU_23_4,HB15233
data/raw/Padded_imgs/ZSU_23_4/HB15235.JPG,15,ZSU_23_4,HB15235
data/raw/Padded_imgs/ZSU_23_4/HB15236.JPG,15,ZSU_23_4,HB15236
data/raw/Padded_imgs/ZSU_23_4/HB15237.JPG,15,ZSU_23_4,HB15237
data/raw/Padded_imgs/ZSU_23_4/HB15238.JPG,15,ZSU_23_4,HB15238
data/raw/Padded_imgs/ZSU_23_4/HB15239.JPG,15,ZSU_23_4,HB15239
data/raw/Padded_imgs/ZSU_23_4/HB15240.JPG,15,ZSU_23_4,HB15240
data/raw/Padded_imgs/ZSU_23_4/HB15241.JPG,15,ZSU_23_4,HB15241
data/raw/Padded_imgs/ZSU_23_4/HB15242.JPG,15,ZSU_23_4,HB15242
data/raw/Padded_imgs/ZSU_23_4/HB15243.JPG,15,ZSU_23_4,HB15243
data/raw/Padded_imgs/ZSU_23_4/HB15244.JPG,15,ZSU_23_4,HB15244
data/raw/Padded_imgs/ZSU_23_4/HB15245.JPG,15,ZSU_23_4,HB15245
data/raw/Padded_imgs/ZSU_23_4/HB15246.JPG,15,ZSU_23_4,HB15246
data/raw/Padded_imgs/ZSU_23_4/HB15247.JPG,15,ZSU_23_4,HB15247
data/raw/Padded_imgs/ZSU_23_4/HB15248.JPG,15,ZSU_23_4,HB15248
data/raw/Padded_imgs/ZSU_23_4/HB15251.JPG,15,ZSU_23_4,HB15251
data/raw/Padded_imgs/ZSU_23_4/HB15252.JPG,15,ZSU_23_4,HB15252
data/raw/Padded_imgs/ZSU_23_4/HB15254.JPG,15,ZSU_23_4,HB15254
data/raw/Padded_imgs/ZSU_23_4/HB15255.JPG,15,ZSU_23_4,HB15255
data/raw/Padded_imgs/ZSU_23_4/HB15256.JPG,15,ZSU_23_4,HB15256
data/raw/Padded_imgs/ZSU_23_4/HB15257.JPG,15,ZSU_23_4,HB15257
data/raw/Padded_imgs/ZSU_23_4/HB15258.JPG,15,ZSU_23_4,HB15258
data/raw/Padded_imgs/ZSU_23_4/HB15259.JPG,15,ZSU_23_4,HB15259
data/raw/Padded_imgs/ZSU_23_4/HB15260.JPG,15,ZSU_23_4,HB15260
data/raw/Padded_imgs/ZSU_23_4/HB15261.JPG,15,ZSU_23_4,HB15261
data/raw/Padded_imgs/ZSU_23_4/HB15262.JPG,15,ZSU_23_4,HB15262
data/raw/Padded_imgs/ZSU_23_4/HB15263.JPG,15,ZSU_23_4,HB15263
data/raw/Padded_imgs/ZSU_23_4/HB15264.JPG,15,ZSU_23_4,HB15264
data/raw/Padded_imgs/ZSU_23_4/HB15265.JPG,15,ZSU_23_4,HB15265
data/raw/Padded_imgs/ZSU_23_4/HB15266.JPG,15,ZSU_23_4,HB15266
data/raw/Padded_imgs/ZSU_23_4/HB15267.JPG,15,ZSU_23_4,HB15267
data/raw/Padded_imgs/ZSU_23_4/HB15269.JPG,15,ZSU_23_4,HB15269
data/raw/Padded_imgs/ZSU_23_4/HB15270.JPG,15,ZSU_23_4,HB15270
data/raw/Padded_imgs/ZSU_23_4/HB15271.JPG,15,ZSU_23_4,HB15271
data/raw/Padded_imgs/ZSU_23_4/HB15273.JPG,15,ZSU_23_4,HB15273
data/raw/Padded_imgs/ZSU_23_4/HB15274.JPG,15,ZSU_23_4,HB15274
data/raw/Padded_imgs/ZSU_23_4/HB15275.JPG,15,ZSU_23_4,HB15275
data/raw/Padded_imgs/ZSU_23_4/HB15277.JPG,15,ZSU_23_4,HB15277
data/raw/Padded_imgs/ZSU_23_4/HB15279.JPG,15,ZSU_23_4,HB15279
data/raw/Padded_imgs/ZSU_23_4/HB15280.JPG,15,ZSU_23_4,HB15280
data/raw/Padded_imgs/ZSU_23_4/HB15281.JPG,15,ZSU_23_4,HB15281
data/raw/Padded_imgs/ZSU_23_4/HB15282.JPG,15,ZSU_23_4,HB15282
data/raw/Padded_imgs/ZSU_23_4/HB15285.JPG,15,ZSU_23_4,HB15285
data/raw/Padded_imgs/ZSU_23_4/HB15291.JPG,15,ZSU_23_4,HB15291
data/raw/Padded_imgs/ZSU_23_4/HB15293.JPG,15,ZSU_23_4,HB15293
data/raw/Padded_imgs/ZSU_23_4/HB15294.JPG,15,ZSU_23_4,HB15294
data/raw/Padded_imgs/ZSU_23_4/HB15295.JPG,15,ZSU_23_4,HB15295
data/raw/Padded_imgs/ZSU_23_4/HB15296.JPG,15,ZSU_23_4,HB15296
data/raw/Padded_imgs/ZSU_23_4/HB15298.JPG,15,ZSU_23_4,HB15298
data/raw/Padded_imgs/ZSU_23_4/HB15299.JPG,15,ZSU_23_4,HB15299
data/raw/Padded_imgs/ZSU_23_4/HB15300.JPG,15,ZSU_23_4,HB15300
data/raw/Padded_imgs/ZSU_23_4/HB15301.JPG,15,ZSU_23_4,HB15301
data/raw/Padded_imgs/ZSU_23_4/HB15302.JPG,15,ZSU_23_4,HB15302
data/raw/Padded_imgs/ZSU_23_4/HB15303.JPG,15,ZSU_23_4,HB15303
data/raw/Padded_imgs/ZSU_23_4/HB15304.JPG,15,ZSU_23_4,HB15304
data/raw/Padded_imgs/ZSU_23_4/HB15305.JPG,15,ZSU_23_4,HB15305
data/raw/Padded_imgs/ZSU_23_4/HB15306.JPG,15,ZSU_23_4,HB15306
data/raw/Padded_imgs/ZSU_23_4/HB15307.JPG,15,ZSU_23_4,HB15307
data/raw/Padded_imgs/ZSU_23_4/HB15308.JPG,15,ZSU_23_4,HB15308
data/raw/Padded_imgs/ZSU_23_4/HB15309.JPG,15,ZSU_23_4,HB15309
data/raw/Padded_imgs/ZSU_23_4/HB15310.JPG,15,ZSU_23_4,HB15310
data/raw/Padded_imgs/ZSU_23_4/HB15311.JPG,15,ZSU_23_4,HB15311
data/raw/Padded_imgs/ZSU_23_4/HB15313.JPG,15,ZSU_23_4,HB15313
data/raw/Padded_imgs/ZSU_23_4/HB15315.JPG,15,ZSU_23_4,HB15315
data/raw/Padded_imgs/ZSU_23_4/HB15317.JPG,17,ZSU_23_4,HB15317
data/raw/Padded_imgs/ZSU_23_4/HB15318.JPG,15,ZSU_23_4,HB15318
data/raw/Padded_imgs/ZSU_23_4/HB15319.JPG,15,ZSU_23_4,HB15319
data/raw/Padded_imgs/ZSU_23_4/HB15320.JPG,15,ZSU_23_4,HB15320
data/raw/Padded_imgs/ZSU_23_4/HB15321.JPG,15,ZSU_23_4,HB15321
data/raw/Padded_imgs/ZSU_23_4/HB15322.JPG,15,ZSU_23_4,HB15322
data/raw/Padded_imgs/ZSU_23_4/HB15323.JPG,15,ZSU_23_4,HB15323
data/raw/Padded_imgs/ZSU_23_4/HB15324.JPG,15,ZSU_23_4,HB15324
data/raw/Padded_imgs/ZSU_23_4/HB15325.JPG,15,ZSU_23_4,HB15325
data/raw/Padded_imgs/ZSU_23_4/HB15326.JPG,15,ZSU_23_4,HB15326
data/raw/Padded_imgs/ZSU_23_4/HB15327.JPG,15,ZSU_23_4,HB15327
data/raw/Padded_imgs/ZSU_23_4/HB15328.JPG,15,ZSU_23_4,HB15328
data/raw/Padded_imgs/ZSU_23_4/HB15329.JPG,15,ZSU_23_4,HB15329
data/raw/Padded_imgs/ZSU_23_4/HB15330.JPG,15,ZSU_23_4,HB15330
data/raw/Padded_imgs/ZSU_23_4/HB15332.JPG,15,ZSU_23_4,HB15332
data/raw/Padded_imgs/ZSU_23_4/HB15333.JPG,15,ZSU_23_4,HB15333
data/raw/Padded_imgs/ZSU_23_4/HB15334.JPG,15,ZSU_23_4,HB15334
data/raw/Padded_imgs/ZSU_23_4/HB15335.JPG,15,ZSU_23_4,HB15335
data/raw/Padded_imgs/ZSU_23_4/HB15337.JPG,15,ZSU_23_4,HB15337
data/raw/Padded_imgs/ZSU_23_4/HB15338.JPG,15,ZSU_23_4,HB15338
data/raw/Padded_imgs/ZSU_23_4/HB15339.JPG,15,ZSU_23_4,HB15339
data/raw/Padded_imgs/ZSU_23_4/HB15341.JPG,15,ZSU_23_4,HB15341
data/raw/Padded_imgs/ZSU_23_4/HB15342.JPG,15,ZSU_23_4,HB15342
data/raw/Padded_imgs/ZSU_23_4/HB15343.JPG,15,ZSU_23_4,HB15343
data/raw/Padded_imgs/ZSU_23_4/HB15344.JPG,15,ZSU_23_4,HB15344
data/raw/Padded_imgs/ZSU_23_4/HB15345.JPG,15,ZSU_23_4,HB15345
data/raw/Padded_imgs/ZSU_23_4/HB15348.JPG,15,ZSU_23_4,HB15348
data/raw/Padded_imgs/ZSU_23_4/HB15349.JPG,15,ZSU_23_4,HB15349
data/raw/Padded_imgs/ZSU_23_4/HB15350.JPG,15,ZSU_23_4,HB15350
data/raw/Padded_imgs/ZSU_23_4/HB15351.JPG,15,ZSU_23_4,HB15351
data/raw/Padded_imgs/ZSU_23_4/HB15352.JPG,15,ZSU_23_4,HB15352
data/raw/Padded_imgs/ZSU_23_4/HB15353.JPG,15,ZSU_23_4,HB15353
data/raw/Padded_imgs/ZSU_23_4/HB15354.JPG,15,ZSU_23_4,HB15354
data/raw/Padded_imgs/ZSU_23_4/HB15355.JPG,15,ZSU_23_4,HB15355
data/raw/Padded_imgs/ZSU_23_4/HB15356.JPG,15,ZSU_23_4,HB15356
data/raw/Padded_imgs/ZSU_23_4/HB15357.JPG,15,ZSU_23_4,HB15357
data/raw/Padded_imgs/ZSU_23_4/HB15360.JPG,15,ZSU_23_4,HB15360
data/raw/Padded_imgs/ZSU_23_4/HB15361.JPG,15,ZSU_23_4,HB15361
data/raw/Padded_imgs/ZSU_23_4/HB15362.JPG,15,ZSU_23_4,HB15362
data/raw/Padded_imgs/ZSU_23_4/HB15363.JPG,15,ZSU_23_4,HB15363
data/raw/Padded_imgs/ZSU_23_4/HB15364.JPG,15,ZSU_23_4,HB15364
data/raw/Padded_imgs/ZSU_23_4/HB15365.JPG,15,ZSU_23_4,HB15365
data/raw/Padded_imgs/ZSU_23_4/HB15366.JPG,15,ZSU_23_4,HB15366
data/raw/Padded_imgs/ZSU_23_4/HB15367.JPG,15,ZSU_23_4,HB15367
data/raw/Padded_imgs/ZSU_23_4/HB15368.JPG,15,ZSU_23_4,HB15368
data/raw/Padded_imgs/ZSU_23_4/HB15369.JPG,15,ZSU_23_4,HB15369
data/raw/Padded_imgs/ZSU_23_4/HB15370.JPG,15,ZSU_23_4,HB15370
data/raw/Padded_imgs/ZSU_23_4/HB15371.JPG,15,ZSU_23_4,HB15371
data/raw/Padded_imgs/ZSU_23_4/HB15372.JPG,15,ZSU_23_4,HB15372
data/raw/Padded_imgs/ZSU_23_4/HB15373.JPG,15,ZSU_23_4,HB15373
data/raw/Padded_imgs/ZSU_23_4/HB15374.JPG,15,ZSU_23_4,HB15374
data/raw/Padded_imgs/ZSU_23_4/HB15375.JPG,15,ZSU_23_4,HB15375
data/raw/Padded_imgs/ZSU_23_4/HB15376.JPG,15,ZSU_23_4,HB15376
data/raw/Padded_imgs/ZSU_23_4/HB15377.JPG,15,ZSU_23_4,HB15377
data/raw/Padded_imgs/ZSU_23_4/HB15378.JPG,15,ZSU_23_4,HB15378
data/raw/Padded_imgs/ZSU_23_4/HB15379.JPG,15,ZSU_23_4,HB15379
data/raw/Padded_imgs/ZSU_23_4/HB15380.JPG,15,ZSU_23_4,HB15380
data/raw/Padded_imgs/ZSU_23_4/HB15381.JPG,15,ZSU_23_4,HB15381
data/raw/Padded_imgs/ZSU_23_4/HB15382.JPG,15,ZSU_23_4,HB15382
data/raw/Padded_imgs/ZSU_23_4/HB15383.JPG,15,ZSU_23_4,HB15383
data/raw/Padded_imgs/ZSU_23_4/HB15384.JPG,15,ZSU_23_4,HB15384
data/raw/Padded_imgs/ZSU_23_4/HB15385.JPG,15,ZSU_23_4,HB15385
data/raw/Padded_imgs/ZSU_23_4/HB15386.JPG,15,ZSU_23_4,HB15386
data/raw/Padded_imgs/ZSU_23_4/HB15387.JPG,15,ZSU_23_4,HB15387
data/raw/Padded_imgs/ZSU_23_4/HB15390.JPG,15,ZSU_23_4,HB15390
data/raw/Padded_imgs/ZSU_23_4/HB15391.JPG,15,ZSU_23_4,HB15391
data/raw/Padded_imgs/ZSU_23_4/HB15392.JPG,15,ZSU_23_4,HB15392
data/raw/Padded_imgs/ZSU_23_4/HB15393.JPG,15,ZSU_23_4,HB15393
data/raw/Padded_imgs/ZSU_23_4/HB15394.JPG,15,ZSU_23_4,HB15394
data/raw/Padded_imgs/ZSU_23_4/HB15395.JPG,15,ZSU_23_4,HB15395
data/raw/Padded_imgs/ZSU_23_4/HB15396.JPG,15,ZSU_23_4,HB15396
data/raw/Padded_imgs/ZSU_23_4/HB15397.JPG,15,ZSU_23_4,HB15397
data/raw/Padded_imgs/ZSU_23_4/HB15399.JPG,15,ZSU_23_4,HB15399
data/raw/Padded_imgs/ZSU_23_4/HB15400.JPG,15,ZSU_23_4,HB15400
data/raw/Padded_imgs/ZSU_23_4/HB15401.JPG,15,ZSU_23_4,HB15401
data/raw/Padded_imgs/ZSU_23_4/HB15402.JPG,15,ZSU_23_4,HB15402
data/raw/Padded_imgs/ZSU_23_4/HB15403.JPG,15,ZSU_23_4,HB15403
data/raw/Padded_imgs/ZSU_23_4/HB15405.JPG,15,ZSU_23_4,HB15405
data/raw/Padded_imgs/ZSU_23_4/HB15406.JPG,15,ZSU_23_4,HB15406
data/raw/Padded_imgs/ZSU_23_4/HB15407.JPG,15,ZSU_23_4,HB15407
data/raw/Padded_imgs/ZSU_23_4/HB15408.JPG,15,ZSU_23_4,HB15408
data/raw/Padded_imgs/ZSU_23_4/HB15409.JPG,15,ZSU_23_4,HB15409
data/raw/Padded_imgs/ZSU_23_4/HB15410.JPG,15,ZSU_23_4,HB15410
data/raw/Padded_imgs/ZSU_23_4/HB15411.JPG,15,ZSU_23_4,HB15411
data/raw/Padded_imgs/ZSU_23_4/HB15412.JPG,15,ZSU_23_4,HB15412
data/raw/Padded_imgs/ZSU_23_4/HB15413.JPG,15,ZSU_23_4,HB15413
data/raw/Padded_imgs/ZSU_23_4/HB15414.JPG,15,ZSU_23_4,HB15414
data/raw/Padded_imgs/ZSU_23_4/HB15415.JPG,15,ZSU_23_4,HB15415
data/raw/Padded_imgs/ZSU_23_4/HB15417.JPG,17,ZSU_23_4,HB15417
data/raw/Padded_imgs/ZSU_23_4/HB15418.JPG,15,ZSU_23_4,HB15418
data/raw/Padded_imgs/ZSU_23_4/HB15419.JPG,15,ZSU_23_4,HB15419
data/raw/Padded_imgs/ZSU_23_4/HB15420.JPG,15,ZSU_23_4,HB15420
data/raw/Padded_imgs/ZSU_23_4/HB15421.JPG,15,ZSU_23_4,HB15421
data/raw/Padded_imgs/ZSU_23_4/HB15422.JPG,15,ZSU_23_4,HB15422
data/raw/Padded_imgs/ZSU_23_4/HB15423.JPG,15,ZSU_23_4,HB15423
data/raw/Padded_imgs/ZSU_23_4/HB15424.JPG,15,ZSU_23_4,HB15424
data/raw/Padded_imgs/ZSU_23_4/HB15425.JPG,15,ZSU_23_4,HB15425
data/raw/Padded_imgs/ZSU_23_4/HB15426.JPG,15,ZSU_23_4,HB15426
data/raw/Padded_imgs/ZSU_23_4/HB15427.JPG,15,ZSU_23_4,HB15427
data/raw/Padded_imgs/ZSU_23_4/HB15430.JPG,15,ZSU_23_4,HB15430
data/raw/Padded_imgs/ZSU_23_4/HB15431.JPG,15,ZSU_23_4,HB15431
data/raw/Padded_imgs/ZSU_23_4/HB15432.JPG,15,ZSU_23_4,HB15432
data/raw/Padded_imgs/ZSU_23_4/HB15434.JPG,15,ZSU_23_4,HB15434
data/raw/Padded_imgs/ZSU_23_4/HB15435.JPG,15,ZSU_23_4,HB15435
data/raw/Padded_imgs/ZSU_23_4/HB15437.JPG,15,ZSU_23_4,HB15437
data/raw/Padded_imgs/ZSU_23_4/HB15438.JPG,15,ZSU_23_4,HB15438
data/raw/Padded_imgs/ZSU_23_4/HB15439.JPG,15,ZSU_23_4,HB15439
data/raw/Padded_imgs/ZSU_23_4/HB15440.JPG,15,ZSU_23_4,HB15440
data/raw/Padded_imgs/ZSU_23_4/HB15441.JPG,15,ZSU_23_4,HB15441
data/raw/Padded_imgs/ZSU_23_4/HB15442.JPG,15,ZSU_23_4,HB15442
data/raw/Padded_imgs/ZSU_23_4/HB15444.JPG,15,ZSU_23_4,HB15444
data/raw/Padded_imgs/ZSU_23_4/HB15445.JPG,15,ZSU_23_4,HB15445
data/raw/Padded_imgs/ZSU_23_4/HB15446.JPG,15,ZSU_23_4,HB15446
data/raw/Padded_imgs/ZSU_23_4/HB15448.JPG,15,ZSU_23_4,HB15448
data/raw/Padded_imgs/ZSU_23_4/HB15449.JPG,15,ZSU_23_4,HB15449
data/raw/Padded_imgs/ZSU_23_4/HB15450.JPG,15,ZSU_23_4,HB15450
data/raw/Padded_imgs/ZSU_23_4/HB15451.JPG,15,ZSU_23_4,HB15451
data/raw/Padded_imgs/ZSU_23_4/HB15452.JPG,15,ZSU_23_4,HB15452
data/raw/Padded_imgs/ZSU_23_4/HB15453.JPG,15,ZSU_23_4,HB15453
data/raw/Padded_imgs/ZSU_23_4/HB15454.JPG,15,ZSU_23_4,HB15454
data/raw/Padded_imgs/ZSU_23_4/HB15456.JPG,15,ZSU_23_4,HB15456
data/raw/Padded_imgs/ZSU_23_4/HB15457.JPG,15,ZSU_23_4,HB15457
data/raw/Padded_imgs/ZSU_23_4/HB15459.JPG,15,ZSU_23_4,HB15459
data/raw/Padded_imgs/ZSU_23_4/HB15460.JPG,15,ZSU_23_4,HB15460
data/raw/Padded_imgs/ZSU_23_4/HB15463.JPG,15,ZSU_23_4,HB15463
data/raw/Padded_imgs/ZSU_23_4/HB15464.JPG,15,ZSU_23_4,HB15464
data/raw/Padded_imgs/ZSU_23_4/HB15465.JPG,15,ZSU_23_4,HB15465
data/raw/Padded_imgs/ZSU_23_4/HB15466.JPG,15,ZSU_23_4,HB15466
data/raw/Padded_imgs/ZSU_23_4/HB15467.JPG,15,ZSU_23_4,HB15467
data/raw/Padded_imgs/ZSU_23_4/HB15468.JPG,15,ZSU_23_4,HB15468
data/raw/Padded_imgs/ZSU_23_4/HB15469.JPG,15,ZSU_23_4,HB15469
data/raw/Padded_imgs/ZSU_23_4/HB15470.JPG,15,ZSU_23_4,HB15470
data/raw/Padded_imgs/ZSU_23_4/HB15471.JPG,15,ZSU_23_4,HB15471
data/raw/Padded_imgs/ZSU_23_4/HB15472.JPG,15,ZSU_23_4,HB15472
data/raw/Padded_imgs/ZSU_23_4/HB15473.JPG,15,ZSU_23_4,HB15473
data/raw/Padded_imgs/ZSU_23_4/HB15474.JPG,15,ZSU_23_4,HB15474
data/raw/Padded_imgs/ZSU_23_4/HB15475.JPG,15,ZSU_23_4,HB15475
data/raw/Padded_imgs/ZSU_23_4/HB15476.JPG,15,ZSU_23_4,HB15476
data/raw/Padded_imgs/ZSU_23_4/HB15477.JPG,15,ZSU_23_4,HB15477
data/raw/Padded_imgs/ZSU_23_4/HB15478.JPG,15,ZSU_23_4,HB15478
data/raw/Padded_imgs/ZSU_23_4/HB15479.JPG,15,ZSU_23_4,HB15479
data/raw/Padded_imgs/ZSU_23_4/HB15480.JPG,15,ZSU_23_4,HB15480
data/raw/Padded_imgs/ZSU_23_4/HB15481.JPG,15,ZSU_23_4,HB15481
data/raw/Padded_imgs/ZSU_23_4/HB15482.JPG,15,ZSU_23_4,HB15482
data/raw/Padded_imgs/ZSU_23_4/HB15483.JPG,15,ZSU_23_4,HB15483
data/raw/Padded_imgs/ZSU_23_4/HB15484.JPG,15,ZSU_23_4,HB15484
data/raw/Padded_imgs/ZSU_23_4/HB15485.JPG,15,ZSU_23_4,HB15485
data/raw/Padded_imgs/ZSU_23_4/HB15486.JPG,15,ZSU_23_4,HB15486
data/raw/Padded_imgs/ZSU_23_4/HB15487.JPG,15,ZSU_23_4,HB15487
data/raw/Padded_imgs/ZSU_23_4/HB15488.JPG,15,ZSU_23_4,HB15488
data/raw/Padded_imgs/ZSU_23_4/HB15490.JPG,15,ZSU_23_4,HB15490
data/raw/Padded_imgs/ZSU_23_4/HB15493.JPG,15,ZSU_23_4,HB15493
data/raw/Padded_imgs/ZSU_23_4/HB15494.JPG,15,ZSU_23_4,HB15494
data/raw/Padded_imgs/ZSU_23_4/HB15495.JPG,15,ZSU_23_4,HB15495
data/raw/Padded_imgs/ZSU_23_4/HB15496.JPG,15,ZSU_23_4,HB15496
data/raw/Padded_imgs/ZSU_23_4/HB15497.JPG,15,ZSU_23_4,HB15497
data/raw/Padded_imgs/ZSU_23_4/HB15498.JPG,15,ZSU_23_4,HB15498
data/raw/Padded_imgs/ZSU_23_4/HB15499.JPG,15,ZSU_23_4,HB15499
data/raw/Padded_imgs/ZSU_23_4/HB15500.JPG,15,ZSU_23_4,HB15500
data/raw/Padded_imgs/ZSU_23_4/HB15501.JPG,15,ZSU_23_4,HB15501
data/raw/Padded_imgs/ZSU_23_4/HB15502.JPG,15,ZSU_23_4,HB15502
data/raw/Padded_imgs/ZSU_23_4/HB15503.JPG,15,ZSU_23_4,HB15503
data/raw/Padded_imgs/ZSU_23_4/HB15504.JPG,15,ZSU_23_4,HB15504
data/raw/Padded_imgs/ZSU_23_4/HB15505.JPG,15,ZSU_23_4,HB15505
data/raw/Padded_imgs/ZSU_23_4/HB15506.JPG,15,ZSU_23_4,HB15506
data/raw/Padded_imgs/ZSU_23_4/HB15508.JPG,15,ZSU_23_4,HB15508
data/raw/Padded_imgs/ZSU_23_4/HB15509.JPG,15,ZSU_23_4,HB15509
data/raw/Padded_imgs/ZSU_23_4/HB15510.JPG,15,ZSU_23_4,HB15510
data/raw/Padded_imgs/ZSU_23_4/HB15511.JPG,15,ZSU_23_4,HB15511
data/raw/Padded_imgs/ZSU_23_4/HB15512.JPG,15,ZSU_23_4,HB15512
data/raw/Padded_imgs/ZSU_23_4/HB15514.JPG,15,ZSU_23_4,HB15514
data/raw/Padded_imgs/ZSU_23_4/HB15515.JPG,15,ZSU_23_4,HB15515
data/raw/Padded_imgs/ZSU_23_4/HB15516.JPG,15,ZSU_23_4,HB15516
data/raw/Padded_imgs/ZSU_23_4/HB15517.JPG,17,ZSU_23_4,HB15517
data/raw/Padded_imgs/ZSU_23_4/HB15518.JPG,15,ZSU_23_4,HB15518
data/raw/Padded_imgs/ZSU_23_4/HB15522.JPG,15,ZSU_23_4,HB15522
data/raw/Padded_imgs/ZSU_23_4/HB15523.JPG,15,ZSU_23_4,HB15523
data/raw/Padded_imgs/ZSU_23_4/HB15524.JPG,15,ZSU_23_4,HB15524
data/raw/Padded_imgs/ZSU_23_4/HB15525.JPG,15,ZSU_23_4,HB15525
data/raw/Padded_imgs/ZSU_23_4/HB15526.JPG,15,ZSU_23_4,HB15526
data/raw/Padded_imgs/ZSU_23_4/HB15527.JPG,15,ZSU_23_4,HB15527
data/raw/Padded_imgs/ZSU_23_4/HB15528.JPG,15,ZSU_23_4,HB15528
data/raw/Padded_imgs/ZSU_23_4/HB15529.JPG,15,ZSU_23_4,HB15529
data/raw/Padded_imgs/ZSU_23_4/HB15530.JPG,15,ZSU_23_4,HB15530
data/raw/Padded_imgs/ZSU_23_4/HB15531.JPG,15,ZSU_23_4,HB15531
data/raw/Padded_imgs/ZSU_23_4/HB15532.JPG,15,ZSU_23_4,HB15532
data/raw/Padded_imgs/ZSU_23_4/HB15533.JPG,15,ZSU_23_4,HB15533
data/raw/Padded_imgs/ZSU_23_4/HB15534.JPG,15,ZSU_23_4,HB15534
data/raw/Padded_imgs/ZSU_23_4/HB15535.JPG,15,ZSU_23_4,HB15535
data/raw/Padded_imgs/ZSU_23_4/HB15536.JPG,15,ZSU_23_4,HB15536
data/raw/Padded_imgs/ZSU_23_4/HB15537.JPG,15,ZSU_23_4,HB15537
data/raw/Padded_imgs/ZSU_23_4/HB15538.JPG,15,ZSU_23_4,HB15538
data/raw/Padded_imgs/ZSU_23_4/HB15542.JPG,15,ZSU_23_4,HB15542
data/raw/Padded_imgs/ZSU_23_4/HB15543.JPG,15,ZSU_23_4,HB15543
data/raw/Padded_imgs/ZSU_23_4/HB15544.JPG,15,ZSU_23_4,HB15544
data/raw/Padded_imgs/ZSU_23_4/HB15545.JPG,15,ZSU_23_4,HB15545
data/raw/Padded_imgs/ZSU_23_4/HB15546.JPG,15,ZSU_23_4,HB15546
data/raw/Padded_imgs/ZSU_23_4/HB15547.JPG,15,ZSU_23_4,HB15547
data/raw/Padded_imgs/ZSU_23_4/HB15550.JPG,15,ZSU_23_4,HB15550
data/raw/Padded_imgs/ZSU_23_4/HB15551.JPG,15,ZSU_23_4,HB15551
data/raw/Padded_imgs/ZSU_23_4/HB15552.JPG,15,ZSU_23_4,HB15552
data/raw/Padded_imgs/ZSU_23_4/HB15553.JPG,15,ZSU_23_4,HB15553
data/raw/Padded_imgs/ZSU_23_4/HB15554.JPG,15,ZSU_23_4,HB15554
data/raw/Padded_imgs/ZSU_23_4/HB15556.JPG,15,ZSU_23_4,HB15556
data/raw/Padded_imgs/ZSU_23_4/HB15557.JPG,15,ZSU_23_4,HB15557
data/raw/Padded_imgs/ZSU_23_4/HB15558.JPG,15,ZSU_23_4,HB15558
data/raw/Padded_imgs/ZSU_23_4/HB15559.JPG,15,ZSU_23_4,HB15559
data/raw/Padded_imgs/ZSU_23_4/HB15560.JPG,15,ZSU_23_4,HB15560
data/raw/Padded_imgs/ZSU_23_4/HB15561.JPG,15,ZSU_23_4,HB15561
data/raw/Padded_imgs/ZSU_23_4/HB15562.JPG,15,ZSU_23_4,HB15562
data/raw/Padded_imgs/ZSU_23_4/HB15563.JPG,15,ZSU_23_4,HB15563
data/raw/Padded_imgs/ZSU_23_4/HB15564.JPG,15,ZSU_23_4,HB15564
data/raw/Padded_imgs/ZSU_23_4/HB15565.JPG,15,ZSU_23_4,HB15565
data/raw/Padded_imgs/ZSU_23_4/HB15566.JPG,15,ZSU_23_4,HB15566
data/raw/Padded_imgs/ZSU_23_4/HB15567.JPG,15,ZSU_23_4,HB15567
data/raw/Padded_imgs/ZSU_23_4/HB15568.JPG,15,ZSU_23_4,HB15568
data/raw/Padded_imgs/ZSU_23_4/HB15569.JPG,15,ZSU_23_4,HB15569
data/raw/Padded_imgs/ZSU_23_4/HB15570.JPG,15,ZSU_23_4,HB15570
data/raw/Padded_imgs/ZSU_23_4/HB15572.JPG,15,ZSU_23_4,HB15572
data/raw/Padded_imgs/ZSU_23_4/HB15573.JPG,15,ZSU_23_4,HB15573
data/raw/Padded_imgs/ZSU_23_4/HB15574.JPG,15,ZSU_23_4,HB15574
data/raw/Padded_imgs/ZSU_23_4/HB15576.JPG,15,ZSU_23_4,HB15576
data/raw/Padded_imgs/ZSU_23_4/HB15577.JPG,15,ZSU_23_4,HB15577
data/raw/Padded_imgs/ZSU_23_4/HB15579.JPG,15,ZSU_23_4,HB15579
data/raw/Padded_imgs/ZSU_23_4/HB15580.JPG,15,ZSU_23_4,HB15580
data/raw/Padded_imgs/ZSU_23_4/HB15582.JPG,15,ZSU_23_4,HB15582
data/raw/Padded_imgs/ZSU_23_4/HB15583.JPG,15,ZSU_23_4,HB15583
data/raw/Padded_imgs/ZSU_23_4/HB15584.JPG,15,ZSU_23_4,HB15584
data/raw/Padded_imgs/ZSU_23_4/HB15585.JPG,15,ZSU_23_4,HB15585
data/raw/Padded_imgs/ZSU_23_4/HB15586.JPG,15,ZSU_23_4,HB15586
data/raw/Padded_imgs/ZSU_23_4/HB15587.JPG,15,ZSU_23_4,HB15587
data/raw/Padded_imgs/ZSU_23_4/HB15588.JPG,15,ZSU_23_4,HB15588
data/raw/Padded_imgs/ZSU_23_4/HB15589.JPG,15,ZSU_23_4,HB15589
data/raw/Padded_imgs/ZSU_23_4/HB15590.JPG,15,ZSU_23_4,HB15590
data/raw/Padded_imgs/ZSU_23_4/HB15591.JPG,15,ZSU_23_4,HB15591
data/raw/Padded_imgs/ZSU_23_4/HB15592.JPG,15,ZSU_23_4,HB15592
data/raw/Padded_imgs/ZSU_23_4/HB15593.JPG,15,ZSU_23_4,HB15593
data/raw/Padded_imgs/ZSU_23_4/HB15594.JPG,15,ZSU_23_4,HB15594
data/raw/Padded_imgs/ZSU_23_4/HB15595.JPG,15,ZSU_23_4,HB15595
data/raw/Padded_imgs/ZSU_23_4/HB15596.JPG,15,ZSU_23_4,HB15596
data/raw/Padded_imgs/ZSU_23_4/HB15598.JPG,15,ZSU_23_4,HB15598
data/raw/Padded_imgs/ZSU_23_4/HB15599.JPG,15,ZSU_23_4,HB15599
data/raw/Padded_imgs/ZSU_23_4/HB15600.JPG,15,ZSU_23_4,HB15600
data/raw/Padded_imgs/ZSU_23_4/HB15601.JPG,15,ZSU_23_4,HB15601
data/raw/Padded_imgs/ZSU_23_4/HB15602.JPG,15,ZSU_23_4,HB15602
data/raw/Padded_imgs/ZSU_23_4/HB15603.JPG,15,ZSU_23_4,HB15603
data/raw/Padded_imgs/ZSU_23_4/HB15606.JPG,15,ZSU_23_4,HB15606
data/raw/Padded_imgs/ZSU_23_4/HB15607.JPG,15,ZSU_23_4,HB15607
data/raw/Padded_imgs/ZSU_23_4/HB15608.JPG,15,ZSU_23_4,HB15608
data/raw/Padded_imgs/ZSU_23_4/HB15610.JPG,15,ZSU_23_4,HB15610
data/raw/Padded_imgs/ZSU_23_4/HB15611.JPG,15,ZSU_23_4,HB15611
data/raw/Padded_imgs/ZSU_23_4/HB15612.JPG,15,ZSU_23_4,HB15612
data/raw/Padded_imgs/ZSU_23_4/HB15614.JPG,15,ZSU_23_4,HB15614
data/raw/Padded_imgs/ZSU_23_4/HB15615.JPG,15,ZSU_23_4,HB15615
data/raw/Padded_imgs/ZSU_23_4/HB15616.JPG,15,ZSU_23_4,HB15616
data/raw/Padded_imgs/ZSU_23_4/HB16226.JPG,15,ZSU_23_4,HB16226
data/raw/Padded_imgs/ZSU_23_4/HB16227.JPG,15,ZSU_23_4,HB16227
data/raw/Padded_imgs/ZSU_23_4/HB16228.JPG,15,ZSU_23_4,HB16228
data/raw/Padded_imgs/ZSU_23_4/HB16229.JPG,15,ZSU_23_4,HB16229
data/raw/Padded_imgs/ZSU_23_4/HB16230.JPG,15,ZSU_23_4,HB16230
data/raw/Padded_imgs/ZSU_23_4/HB16231.JPG,15,ZSU_23_4,HB16231
data/raw/Padded_imgs/ZSU_23_4/HB16232.JPG,15,ZSU_23_4,HB16232
data/raw/Padded_imgs/ZSU_23_4/HB16233.JPG,15,ZSU_23_4,HB16233
data/raw/Padded_imgs/ZSU_23_4/HB16234.JPG,15,ZSU_23_4,HB16234
data/raw/Padded_imgs/ZSU_23_4/HB16235.JPG,15,ZSU_23_4,HB16235
data/raw/Padded_imgs/ZSU_23_4/HB16236.JPG,15,ZSU_23_4,HB16236
data/raw/Padded_imgs/ZSU_23_4/HB16237.JPG,15,ZSU_23_4,HB16237
data/raw/Padded_imgs/ZSU_23_4/HB16238.JPG,15,ZSU_23_4,HB16238
data/raw/Padded_imgs/ZSU_23_4/HB16239.JPG,15,ZSU_23_4,HB16239
data/raw/Padded_imgs/ZSU_23_4/HB16240.JPG,15,ZSU_23_4,HB16240
data/raw/Padded_imgs/ZSU_23_4/HB16241.JPG,15,ZSU_23_4,HB16241
data/raw/Padded_imgs/ZSU_23_4/HB16242.JPG,15,ZSU_23_4,HB16242
data/raw/Padded_imgs/ZSU_23_4/HB16243.JPG,15,ZSU_23_4,HB16243
data/raw/Padded_imgs/ZSU_23_4/HB16244.JPG,15,ZSU_23_4,HB16244
data/raw/Padded_imgs/ZSU_23_4/HB16245.JPG,15,ZSU_23_4,HB16245
data/raw/Padded_imgs/ZSU_23_4/HB16246.JPG,15,ZSU_23_4,HB16246
data/raw/Padded_imgs/ZSU_23_4/HB16247.JPG,15,ZSU_23_4,HB16247
data/raw/Padded_imgs/ZSU_23_4/HB16248.JPG,15,ZSU_23_4,HB16248
data/raw/Padded_imgs/ZSU_23_4/HB16249.JPG,15,ZSU_23_4,HB16249
data/raw/Padded_imgs/ZSU_23_4/HB16250.JPG,15,ZSU_23_4,HB16250
data/raw/Padded_imgs/ZSU_23_4/HB16251.JPG,15,ZSU_23_4,HB16251
data/raw/Padded_imgs/ZSU_23_4/HB16252.JPG,15,ZSU_23_4,HB16252
data/raw/Padded_imgs/ZSU_23_4/HB16253.JPG,15,ZSU_23_4,HB16253
data/raw/Padded_imgs/ZSU_23_4/HB16254.JPG,15,ZSU_23_4,HB16254
data/raw/Padded_imgs/ZSU_23_4/HB16255.JPG,15,ZSU_23_4,HB16255
data/raw/Padded_imgs/ZSU_23_4/HB16256.JPG,15,ZSU_23_4,HB16256
data/raw/Padded_imgs/ZSU_23_4/HB16258.JPG,15,ZSU_23_4,HB16258
data/raw/Padded_imgs/ZSU_23_4/HB16259.JPG,15,ZSU_23_4,HB16259
data/raw/Padded_imgs/ZSU_23_4/HB16261.JPG,15,ZSU_23_4,HB16261
data/raw/Padded_imgs/ZSU_23_4/HB16266.JPG,15,ZSU_23_4,HB16266
data/raw/Padded_imgs/ZSU_23_4/HB16267.JPG,15,ZSU_23_4,HB16267
data/raw/Padded_imgs/ZSU_23_4/HB16268.JPG,15,ZSU_23_4,HB16268
data/raw/Padded_imgs/ZSU_23_4/HB16269.JPG,15,ZSU_23_4,HB16269
data/raw/Padded_imgs/ZSU_23_4/HB16270.JPG,15,ZSU_23_4,HB16270
data/raw/Padded_imgs/ZSU_23_4/HB16271.JPG,15,ZSU_23_4,HB16271
data/raw/Padded_imgs/ZSU_23_4/HB16273.JPG,15,ZSU_23_4,HB16273
data/raw/Padded_imgs/ZSU_23_4/HB16274.JPG,15,ZSU_23_4,HB16274
data/raw/Padded_imgs/ZSU_23_4/HB16275.JPG,15,ZSU_23_4,HB16275
data/raw/Padded_imgs/ZSU_23_4/HB16278.JPG,15,ZSU_23_4,HB16278
data/raw/Padded_imgs/ZSU_23_4/HB16279.JPG,15,ZSU_23_4,HB16279
data/raw/Padded_imgs/ZSU_23_4/HB16280.JPG,15,ZSU_23_4,HB16280
data/raw/Padded_imgs/ZSU_23_4/HB16281.JPG,15,ZSU_23_4,HB16281
data/raw/Padded_imgs/ZSU_23_4/HB16282.JPG,15,ZSU_23_4,HB16282
data/raw/Padded_imgs/ZSU_23_4/HB16283.JPG,15,ZSU_23_4,HB16283
data/raw/Padded_imgs/ZSU_23_4/HB16285.JPG,15,ZSU_23_4,HB16285
data/raw/Padded_imgs/ZSU_23_4/HB16286.JPG,15,ZSU_23_4,HB16286
data/raw/Padded_imgs/ZSU_23_4/HB16287.JPG,15,ZSU_23_4,HB16287
data/raw/Padded_imgs/ZSU_23_4/HB16288.JPG,15,ZSU_23_4,HB16288
data/raw/Padded_imgs/ZSU_23_4/HB16290.JPG,15,ZSU_23_4,HB16290
data/raw/Padded_imgs/ZSU_23_4/HB16291.JPG,15,ZSU_23_4,HB16291
data/raw/Padded_imgs/ZSU_23_4/HB16292.JPG,15,ZSU_23_4,HB16292
data/raw/Padded_imgs/ZSU_23_4/HB16293.JPG,15,ZSU_23_4,HB16293
data/raw/Padded_imgs/ZSU_23_4/HB16294.JPG,15,ZSU_23_4,HB16294
data/raw/Padded_imgs/ZSU_23_4/HB16295.JPG,15,ZSU_23_4,HB16295
data/raw/Padded_imgs/ZSU_23_4/HB16296.JPG,15,ZSU_23_4,HB16296
data/raw/Padded_imgs/ZSU_23_4/HB16297.JPG,15,ZSU_23_4,HB16297
data/raw/Padded_imgs/ZSU_23_4/HB16298.JPG,15,ZSU_23_4,HB16298
data/raw/Padded_imgs/ZSU_23_4/HB16299.JPG,15,ZSU_23_4,HB16299
data/raw/Padded_imgs/ZSU_23_4/HB16300.JPG,15,ZSU_23_4,HB16300
data/raw/Padded_imgs/ZSU_23_4/HB16301.JPG,15,ZSU_23_4,HB16301
data/raw/Padded_imgs/ZSU_23_4/HB16302.JPG,15,ZSU_23_4,HB16302
data/raw/Padded_imgs/ZSU_23_4/HB16303.JPG,15,ZSU_23_4,HB16303
data/raw/Padded_imgs/ZSU_23_4/HB16304.JPG,15,ZSU_23_4,HB16304
data/raw/Padded_imgs/ZSU_23_4/HB16305.JPG,15,ZSU_23_4,HB16305
data/raw/Padded_imgs/ZSU_23_4/HB16306.JPG,15,ZSU_23_4,HB16306
data/raw/Padded_imgs/ZSU_23_4/HB16307.JPG,15,ZSU_23_4,HB16307
data/raw/Padded_imgs/ZSU_23_4/HB16322.JPG,15,ZSU_23_4,HB16322
data/raw/Padded_imgs/ZSU_23_4/HB16323.JPG,15,ZSU_23_4,HB16323
data/raw/Padded_imgs/ZSU_23_4/HB16324.JPG,15,ZSU_23_4,HB16324
data/raw/Padded_imgs/ZSU_23_4/HB16325.JPG,15,ZSU_23_4,HB16325
data/raw/Padded_imgs/ZSU_23_4/HB16326.JPG,15,ZSU_23_4,HB16326
data/raw/Padded_imgs/ZSU_23_4/HB16327.JPG,15,ZSU_23_4,HB16327
data/raw/Padded_imgs/ZSU_23_4/HB16328.JPG,15,ZSU_23_4,HB16328
data/raw/Padded_imgs/ZSU_23_4/HB16329.JPG,15,ZSU_23_4,HB16329
data/raw/Padded_imgs/ZSU_23_4/HB16330.JPG,15,ZSU_23_4,HB16330
data/raw/Padded_imgs/ZSU_23_4/HB16331.JPG,15,ZSU_23_4,HB16331
data/raw/Padded_imgs/ZSU_23_4/HB16332.JPG,15,ZSU_23_4,HB16332
data/raw/Padded_imgs/ZSU_23_4/HB16333.JPG,15,ZSU_23_4,HB16333
data/raw/Padded_imgs/ZSU_23_4/HB16334.JPG,15,ZSU_23_4,HB16334
data/raw/Padded_imgs/ZSU_23_4/HB16335.JPG,15,ZSU_23_4,HB16335
data/raw/Padded_imgs/ZSU_23_4/HB16336.JPG,15,ZSU_23_4,HB16336
data/raw/Padded_imgs/ZSU_23_4/HB16337.JPG,15,ZSU_23_4,HB16337
data/raw/Padded_imgs/ZSU_23_4/HB16338.JPG,15,ZSU_23_4,HB16338
data/raw/Padded_imgs/ZSU_23_4/HB16339.JPG,15,ZSU_23_4,HB16339
data/raw/Padded_imgs/ZSU_23_4/HB16340.JPG,15,ZSU_23_4,HB16340
data/raw/Padded_imgs/ZSU_23_4/HB16341.JPG,15,ZSU_23_4,HB16341
data/raw/Padded_imgs/ZSU_23_4/HB16342.JPG,15,ZSU_23_4,HB16342
data/raw/Padded_imgs/ZSU_23_4/HB16343.JPG,15,ZSU_23_4,HB16343
data/raw/Padded_imgs/ZSU_23_4/HB16344.JPG,15,ZSU_23_4,HB16344
data/raw/Padded_imgs/ZSU_23_4/HB16345.JPG,15,ZSU_23_4,HB16345
data/raw/Padded_imgs/ZSU_23_4/HB16346.JPG,15,ZSU_23_4,HB16346
data/raw/Padded_imgs/ZSU_23_4/HB16347.JPG,15,ZSU_23_4,HB16347
data/raw/Padded_imgs/ZSU_23_4/HB16348.JPG,15,ZSU_23_4,HB16348
data/raw/Padded_imgs/ZSU_23_4/HB16349.JPG,15,ZSU_23_4,HB16349
data/raw/Padded_imgs/ZSU_23_4/HB16350.JPG,15,ZSU_23_4,HB16350
data/raw/Padded_imgs/ZSU_23_4/HB16352.JPG,15,ZSU_23_4,HB16352
data/raw/Padded_imgs/ZSU_23_4/HB16353.JPG,15,ZSU_23_4,HB16353
data/raw/Padded_imgs/ZSU_23_4/HB16354.JPG,15,ZSU_23_4,HB16354
data/raw/Padded_imgs/ZSU_23_4/HB16355.JPG,15,ZSU_23_4,HB16355
data/raw/Padded_imgs/ZSU_23_4/HB16356.JPG,15,ZSU_23_4,HB16356
data/raw/Padded_imgs/ZSU_23_4/HB16357.JPG,15,ZSU_23_4,HB16357
data/raw/Padded_imgs/ZSU_23_4/HB16358.JPG,15,ZSU_23_4,HB16358
data/raw/Padded_imgs/ZSU_23_4/HB16359.JPG,15,ZSU_23_4,HB16359
data/raw/Padded_imgs/ZSU_23_4/HB16360.JPG,15,ZSU_23_4,HB16360
data/raw/Padded_imgs/ZSU_23_4/HB16363.JPG,15,ZSU_23_4,HB16363
data/raw/Padded_imgs/ZSU_23_4/HB16364.JPG,15,ZSU_23_4,HB16364
data/raw/Padded_imgs/ZSU_23_4/HB16379.JPG,15,ZSU_23_4,HB16379
data/raw/Padded_imgs/ZSU_23_4/HB16380.JPG,15,ZSU_23_4,HB16380
data/raw/Padded_imgs/ZSU_23_4/HB16381.JPG,15,ZSU_23_4,HB16381
data/raw/Padded_imgs/ZSU_23_4/HB16382.JPG,15,ZSU_23_4,HB16382
data/raw/Padded_imgs/ZSU_23_4/HB16383.JPG,15,ZSU_23_4,HB16383
data/raw/Padded_imgs/ZSU_23_4/HB16385.JPG,15,ZSU_23_4,HB16385
data/raw/Padded_imgs/ZSU_23_4/HB16386.JPG,15,ZSU_23_4,HB16386
data/raw/Padded_imgs/ZSU_23_4/HB16387.JPG,15,ZSU_23_4,HB16387
data/raw/Padded_imgs/ZSU_23_4/HB16388.JPG,15,ZSU_23_4,HB16388
data/raw/Padded_imgs/ZSU_23_4/HB16389.JPG,15,ZSU_23_4,HB16389
data/raw/Padded_imgs/ZSU_23_4/HB16390.JPG,15,ZSU_23_4,HB16390
data/raw/Padded_imgs/ZSU_23_4/HB16391.JPG,15,ZSU_23_4,HB16391
data/raw/Padded_imgs/ZSU_23_4/HB16392.JPG,15,ZSU_23_4,HB16392
data/raw/Padded_imgs/ZSU_23_4/HB16393.JPG,15,ZSU_23_4,HB16393
data/raw/Padded_imgs/ZSU_23_4/HB16394.JPG,15,ZSU_23_4,HB16394
data/raw/Padded_imgs/ZSU_23_4/HB16395.JPG,15,ZSU_23_4,HB16395
data/raw/Padded_imgs/ZSU_23_4/HB16396.JPG,15,ZSU_23_4,HB16396
data/raw/Padded_imgs/ZSU_23_4/HB16397.JPG,15,ZSU_23_4,HB16397
data/raw/Padded_imgs/ZSU_23_4/HB16398.JPG,15,ZSU_23_4,HB16398
data/raw/Padded_imgs/ZSU_23_4/HB16400.JPG,15,ZSU_23_4,HB16400
data/raw/Padded_imgs/ZSU_23_4/HB16401.JPG,15,ZSU_23_4,HB16401
data/raw/Padded_imgs/ZSU_23_4/HB16403.JPG,15,ZSU_23_4,HB16403
data/raw/Padded_imgs/ZSU_23_4/HB16404.JPG,15,ZSU_23_4,HB16404
data/raw/Padded_imgs/ZSU_23_4/HB16405.JPG,15,ZSU_23_4,HB16405
data/raw/Padded_imgs/ZSU_23_4/HB16406.JPG,15,ZSU_23_4,HB16406
data/raw/Padded_imgs/ZSU_23_4/HB16407.JPG,15,ZSU_23_4,HB16407
data/raw/Padded_imgs/ZSU_23_4/HB16408.JPG,15,ZSU_23_4,HB16408
data/raw/Padded_imgs/ZSU_23_4/HB16409.JPG,15,ZSU_23_4,HB16409
data/raw/Padded_imgs/ZSU_23_4/HB16410.JPG,15,ZSU_23_4,HB16410
data/raw/Padded_imgs/ZSU_23_4/HB16411.JPG,15,ZSU_23_4,HB16411
data/raw/Padded_imgs/ZSU_23_4/HB16412.JPG,15,ZSU_23_4,HB16412
data/raw/Padded_imgs/ZSU_23_4/HB16413.JPG,15,ZSU_23_4,HB16413
data/raw/Padded_imgs/ZSU_23_4/HB16414.JPG,15,ZSU_23_4,HB16414
data/raw/Padded_imgs/ZSU_23_4/HB16425.JPG,15,ZSU_23_4,HB16425
data/raw/Padded_imgs/ZSU_23_4/HB16426.JPG,15,ZSU_23_4,HB16426
data/raw/Padded_imgs/ZSU_23_4/HB16427.JPG,15,ZSU_23_4,HB16427
data/raw/Padded_imgs/ZSU_23_4/HB16428.JPG,15,ZSU_23_4,HB16428
data/raw/Padded_imgs/ZSU_23_4/HB16430.JPG,15,ZSU_23_4,HB16430
data/raw/Padded_imgs/ZSU_23_4/HB16431.JPG,15,ZSU_23_4,HB16431
data/raw/Padded_imgs/ZSU_23_4/HB16432.JPG,15,ZSU_23_4,HB16432
data/raw/Padded_imgs/ZSU_23_4/HB16435.JPG,15,ZSU_23_4,HB16435
data/raw/Padded_imgs/ZSU_23_4/HB16436.JPG,15,ZSU_23_4,HB16436
data/raw/Padded_imgs/ZSU_23_4/HB16438.JPG,15,ZSU_23_4,HB16438
data/raw/Padded_imgs/ZSU_23_4/HB16439.JPG,15,ZSU_23_4,HB16439
data/raw/Padded_imgs/ZSU_23_4/HB16440.JPG,15,ZSU_23_4,HB16440
data/raw/Padded_imgs/ZSU_23_4/HB16441.JPG,15,ZSU_23_4,HB16441
data/raw/Padded_imgs/ZSU_23_4/HB16442.JPG,15,ZSU_23_4,HB16442
data/raw/Padded_imgs/ZSU_23_4/HB16443.JPG,15,ZSU_23_4,HB16443
data/raw/Padded_imgs/ZSU_23_4/HB16444.JPG,15,ZSU_23_4,HB16444
data/raw/Padded_imgs/ZSU_23_4/HB16445.JPG,15,ZSU_23_4,HB16445
data/raw/Padded_imgs/ZSU_23_4/HB16446.JPG,15,ZSU_23_4,HB16446
data/raw/Padded_imgs/ZSU_23_4/HB16447.JPG,15,ZSU_23_4,HB16447
data/raw/Padded_imgs/ZSU_23_4/HB16448.JPG,15,ZSU_23_4,HB16448
data/raw/Padded_imgs/ZSU_23_4/HB16449.JPG,15,ZSU_23_4,HB16449
data/raw/Padded_imgs/ZSU_23_4/HB16450.JPG,15,ZSU_23_4,HB16450
data/raw/Padded_imgs/ZSU_23_4/HB16451.JPG,15,ZSU_23_4,HB16451
data/raw/Padded_imgs/ZSU_23_4/HB16452.JPG,15,ZSU_23_4,HB16452
data/raw/Padded_imgs/ZSU_23_4/HB16453.JPG,15,ZSU_23_4,HB16453
data/raw/Padded_imgs/ZSU_23_4/HB16454.JPG,15,ZSU_23_4,HB16454
data/raw/Padded_imgs/ZSU_23_4/HB16455.JPG,15,ZSU_23_4,HB16455
data/raw/Padded_imgs/ZSU_23_4/HB16467.JPG,15,ZSU_23_4,HB16467
data/raw/Padded_imgs/ZSU_23_4/HB16468.JPG,15,ZSU_23_4,HB16468
data/raw/Padded_imgs/ZSU_23_4/HB16469.JPG,15,ZSU_23_4,HB16469
data/raw/Padded_imgs/ZSU_23_4/HB16470.JPG,15,ZSU_23_4,HB16470
data/raw/Padded_imgs/ZSU_23_4/HB16471.JPG,15,ZSU_23_4,HB16471
data/raw/Padded_imgs/ZSU_23_4/HB16472.JPG,15,ZSU_23_4,HB16472
data/raw/Padded_imgs/ZSU_23_4/HB16473.JPG,15,ZSU_23_4,HB16473
data/raw/Padded_imgs/ZSU_23_4/HB16474.JPG,15,ZSU_23_4,HB16474
data/raw/Padded_imgs/ZSU_23_4/HB16476.JPG,15,ZSU_23_4,HB16476
data/raw/Padded_imgs/ZSU_23_4/HB16477.JPG,15,ZSU_23_4,HB16477
data/raw/Padded_imgs/ZSU_23_4/HB16478.JPG,15,ZSU_23_4,HB16478
data/raw/Padded_imgs/ZSU_23_4/HB16479.JPG,15,ZSU_23_4,HB16479
data/raw/Padded_imgs/ZSU_23_4/HB16480.JPG,15,ZSU_23_4,HB16480
data/raw/Padded_imgs/ZSU_23_4/HB16481.JPG,15,ZSU_23_4,HB16481
data/raw/Padded_imgs/ZSU_23_4/HB16483.JPG,15,ZSU_23_4,HB16483
data/raw/Padded_imgs/ZSU_23_4/HB16484.JPG,15,ZSU_23_4,HB16484
data/raw/Padded_imgs/ZSU_23_4/HB16486.JPG,15,ZSU_23_4,HB16486
data/raw/Padded_imgs/ZSU_23_4/HB16487.JPG,15,ZSU_23_4,HB16487
data/raw/Padded_imgs/ZSU_23_4/HB16488.JPG,15,ZSU_23_4,HB16488
data/raw/Padded_imgs/ZSU_23_4/HB16490.JPG,15,ZSU_23_4,HB16490
data/raw/Padded_imgs/ZSU_23_4/HB16491.JPG,15,ZSU_23_4,HB16491
data/raw/Padded_imgs/ZSU_23_4/HB16492.JPG,15,ZSU_23_4,HB16492
data/raw/Padded_imgs/ZSU_23_4/HB16493.JPG,15,ZSU_23_4,HB16493
data/raw/Padded_imgs/ZSU_23_4/HB16494.JPG,15,ZSU_23_4,HB16494
data/raw/Padded_imgs/ZSU_23_4/HB16495.JPG,15,ZSU_23_4,HB16495
data/raw/Padded_imgs/ZSU_23_4/HB16496.JPG,15,ZSU_23_4,HB16496
data/raw/Padded_imgs/ZSU_23_4/HB16497.JPG,15,ZSU_23_4,HB16497
data/raw/Padded_imgs/ZSU_23_4/HB16498.JPG,15,ZSU_23_4,HB16498
data/raw/Padded_imgs/ZSU_23_4/HB16499.JPG,15,ZSU_23_4,HB16499
data/raw/Padded_imgs/ZSU_23_4/HB16511.JPG,15,ZSU_23_4,HB16511
data/raw/Padded_imgs/ZSU_23_4/HB16512.JPG,15,ZSU_23_4,HB16512
data/raw/Padded_imgs/ZSU_23_4/HB16513.JPG,15,ZSU_23_4,HB16513
data/raw/Padded_imgs/ZSU_23_4/HB16514.JPG,15,ZSU_23_4,HB16514
data/raw/Padded_imgs/ZSU_23_4/HB16515.JPG,15,ZSU_23_4,HB16515
data/raw/Padded_imgs/ZSU_23_4/HB16516.JPG,15,ZSU_23_4,HB16516
data/raw/Padded_imgs/ZSU_23_4/HB16517.JPG,17,ZSU_23_4,HB16517
data/raw/Padded_imgs/ZSU_23_4/HB16518.JPG,15,ZSU_23_4,HB16518
data/raw/Padded_imgs/ZSU_23_4/HB16519.JPG,15,ZSU_23_4,HB16519
data/raw/Padded_imgs/ZSU_23_4/HB16520.JPG,15,ZSU_23_4,HB16520
data/raw/Padded_imgs/ZSU_23_4/HB16521.JPG,15,ZSU_23_4,HB16521
data/raw/Padded_imgs/ZSU_23_4/HB16522.JPG,15,ZSU_23_4,HB16522
data/raw/Padded_imgs/ZSU_23_4/HB16523.JPG,15,ZSU_23_4,HB16523
data/raw/Padded_imgs/ZSU_23_4/HB16524.JPG,15,ZSU_23_4,HB16524
data/raw/Padded_imgs/ZSU_23_4/HB16525.JPG,15,ZSU_23_4,HB16525
data/raw/Padded_imgs/ZSU_23_4/HB16526.JPG,15,ZSU_23_4,HB16526
data/raw/Padded_imgs/ZSU_23_4/HB16528.JPG,15,ZSU_23_4,HB16528
data/raw/Padded_imgs/ZSU_23_4/HB16529.JPG,15,ZSU_23_4,HB16529
data/raw/Padded_imgs/ZSU_23_4/HB16530.JPG,15,ZSU_23_4,HB16530
data/raw/Padded_imgs/ZSU_23_4/HB16531.JPG,15,ZSU_23_4,HB16531
data/raw/Padded_imgs/ZSU_23_4/HB16532.JPG,15,ZSU_23_4,HB16532
data/raw/Padded_imgs/ZSU_23_4/HB16533.JPG,15,ZSU_23_4,HB16533
data/raw/Padded_imgs/ZSU_23_4/HB16534.JPG,15,ZSU_23_4,HB16534
data/raw/Padded_imgs/ZSU_23_4/HB16535.JPG,15,ZSU_23_4,HB16535
data/raw/Padded_imgs/ZSU_23_4/HB16536.JPG,15,ZSU_23_4,HB16536
data/raw/Padded_imgs/ZSU_23_4/HB16537.JPG,15,ZSU_23_4,HB16537
data/raw/Padded_imgs/ZSU_23_4/HB16538.JPG,15,ZSU_23_4,HB16538
data/raw/Padded_imgs/ZSU_23_4/HB16539.JPG,15,ZSU_23_4,HB16539
data/raw/Padded_imgs/ZSU_23_4/HB16540.JPG,15,ZSU_23_4,HB16540
data/raw/Padded_imgs/ZSU_23_4/HB16541.JPG,15,ZSU_23_4,HB16541
data/raw/Padded_imgs/ZSU_23_4/HB16542.JPG,15,ZSU_23_4,HB16542
data/raw/Padded_imgs/ZSU_23_4/HB16543.JPG,15,ZSU_23_4,HB16543
data/raw/Padded_imgs/ZSU_23_4/HB16555.JPG,15,ZSU_23_4,HB16555
data/raw/Padded_imgs/ZSU_23_4/HB16556.JPG,15,ZSU_23_4,HB16556
data/raw/Padded_imgs/ZSU_23_4/HB16557.JPG,15,ZSU_23_4,HB16557
data/raw/Padded_imgs/ZSU_23_4/HB16558.JPG,15,ZSU_23_4,HB16558
data/raw/Padded_imgs/ZSU_23_4/HB16559.JPG,15,ZSU_23_4,HB16559
data/raw/Padded_imgs/ZSU_23_4/HB16942.JPG,15,ZSU_23_4,HB16942
data/raw/Padded_imgs/ZSU_23_4/HB16943.JPG,15,ZSU_23_4,HB16943
data/raw/Padded_imgs/ZSU_23_4/HB16944.JPG,15,ZSU_23_4,HB16944
data/raw/Padded_imgs/ZSU_23_4/HB16945.JPG,15,ZSU_23_4,HB16945
data/raw/Padded_imgs/ZSU_23_4/HB16946.JPG,15,ZSU_23_4,HB16946
data/raw/Padded_imgs/ZSU_23_4/HB16947.JPG,15,ZSU_23_4,HB16947
data/raw/Padded_imgs/ZSU_23_4/HB16948.JPG,15,ZSU_23_4,HB16948
data/raw/Padded_imgs/ZSU_23_4/HB16949.JPG,15,ZSU_23_4,HB16949
data/raw/Padded_imgs/ZSU_23_4/HB16950.JPG,15,ZSU_23_4,HB16950
data/raw/Padded_imgs/ZSU_23_4/HB16952.JPG,15,ZSU_23_4,HB16952
data/raw/Padded_imgs/ZSU_23_4/HB16953.JPG,15,ZSU_23_4,HB16953
data/raw/Padded_imgs/ZSU_23_4/HB16954.JPG,15,ZSU_23_4,HB16954
data/raw/Padded_imgs/ZSU_23_4/HB16955.JPG,15,ZSU_23_4,HB16955
data/raw/Padded_imgs/ZSU_23_4/HB16956.JPG,15,ZSU_23_4,HB16956
data/raw/Padded_imgs/ZSU_23_4/HB16957.JPG,15,ZSU_23_4,HB16957
data/raw/Padded_imgs/ZSU_23_4/HB16958.JPG,15,ZSU_23_4,HB16958
data/raw/Padded_imgs/ZSU_23_4/HB16959.JPG,15,ZSU_23_4,HB16959
data/raw/Padded_imgs/ZSU_23_4/HB16960.JPG,15,ZSU_23_4,HB16960
data/raw/Padded_imgs/ZSU_23_4/HB16961.JPG,15,ZSU_23_4,HB16961
data/raw/Padded_imgs/ZSU_23_4/HB16962.JPG,15,ZSU_23_4,HB16962
data/raw/Padded_imgs/ZSU_23_4/HB16963.JPG,15,ZSU_23_4,HB16963
data/raw/Padded_imgs/ZSU_23_4/HB16964.JPG,15,ZSU_23_4,HB16964
data/raw/Padded_imgs/ZSU_23_4/HB16965.JPG,15,ZSU_23_4,HB16965
data/raw/Padded_imgs/ZSU_23_4/HB16966.JPG,15,ZSU_23_4,HB16966
data/raw/Padded_imgs/ZSU_23_4/HB16967.JPG,15,ZSU_23_4,HB16967
data/raw/Padded_imgs/ZSU_23_4/HB16969.JPG,15,ZSU_23_4,HB16969
data/raw/Padded_imgs/ZSU_23_4/HB16970.JPG,15,ZSU_23_4,HB16970
data/raw/Padded_imgs/ZSU_23_4/HB16971.JPG,15,ZSU_23_4,HB16971
data/raw/Padded_imgs/ZSU_23_4/HB16972.JPG,15,ZSU_23_4,HB16972
data/raw/Padded_imgs/ZSU_23_4/HB16973.JPG,15,ZSU_23_4,HB16973
data/raw/Padded_imgs/ZSU_23_4/HB16974.JPG,15,ZSU_23_4,HB16974
data/raw/Padded_imgs/ZSU_23_4/HB16975.JPG,15,ZSU_23_4,HB16975
data/raw/Padded_imgs/ZSU_23_4/HB16976.JPG,15,ZSU_23_4,HB16976
data/raw/Padded_imgs/ZSU_23_4/HB16978.JPG,15,ZSU_23_4,HB16978
data/raw/Padded_imgs/ZSU_23_4/HB16979.JPG,15,ZSU_23_4,HB16979
data/raw/Padded_imgs/ZSU_23_4/HB16980.JPG,15,ZSU_23_4,HB16980
data/raw/Padded_imgs/ZSU_23_4/HB16982.JPG,15,ZSU_23_4,HB16982
data/raw/Padded_imgs/ZSU_23_4/HB16983.JPG,15,ZSU_23_4,HB16983
data/raw/Padded_imgs/ZSU_23_4/HB16984.JPG,15,ZSU_23_4,HB16984
data/raw/Padded_imgs/ZSU_23_4/HB16985.JPG,15,ZSU_23_4,HB16985
data/raw/Padded_imgs/ZSU_23_4/HB16986.JPG,15,ZSU_23_4,HB16986
data/raw/Padded_imgs/ZSU_23_4/HB16987.JPG,15,ZSU_23_4,HB16987
data/raw/Padded_imgs/ZSU_23_4/HB16988.JPG,15,ZSU_23_4,HB16988
data/raw/Padded_imgs/ZSU_23_4/HB16989.JPG,15,ZSU_23_4,HB16989
data/raw/Padded_imgs/ZSU_23_4/HB16990.JPG,15,ZSU_23_4,HB16990
data/raw/Padded_imgs/ZSU_23_4/HB16991.JPG,15,ZSU_23_4,HB16991
data/raw/Padded_imgs/ZSU_23_4/HB16992.JPG,15,ZSU_23_4,HB16992
data/raw/Padded_imgs/ZSU_23_4/HB16993.JPG,15,ZSU_23_4,HB16993
data/raw/Padded_imgs/ZSU_23_4/HB16994.JPG,15,ZSU_23_4,HB16994
data/raw/Padded_imgs/ZSU_23_4/HB16995.JPG,15,ZSU_23_4,HB16995
data/raw/Padded_imgs/ZSU_23_4/HB16996.JPG,15,ZSU_23_4,HB16996
data/raw/Padded_imgs/ZSU_23_4/HB16997.JPG,15,ZSU_23_4,HB16997
data/raw/Padded_imgs/ZSU_23_4/HB16998.JPG,15,ZSU_23_4,HB16998
data/raw/Padded_imgs/ZSU_23_4/HB16999.JPG,15,ZSU_23_4,HB16999
data/raw/Padded_imgs/ZSU_23_4/HB17000.JPG,17,ZSU_23_4,HB17000
data/raw/Padded_imgs/ZSU_23_4/HB17001.JPG,17,ZSU_23_4,HB17001
data/raw/Padded_imgs/ZSU_23_4/HB17002.JPG,17,ZSU_23_4,HB17002
data/raw/Padded_imgs/ZSU_23_4/HB17003.JPG,17,ZSU_23_4,HB17003
data/raw/Padded_imgs/ZSU_23_4/HB17005.JPG,17,ZSU_23_4,HB17005
data/raw/Padded_imgs/ZSU_23_4/HB17006.JPG,17,ZSU_23_4,HB17006
data/raw/Padded_imgs/ZSU_23_4/HB17007.JPG,17,ZSU_23_4,HB17007
data/raw/Padded_imgs/ZSU_23_4/HB17008.JPG,17,ZSU_23_4,HB17008
data/raw/Padded_imgs/ZSU_23_4/HB17009.JPG,17,ZSU_23_4,HB17009
data/raw/Padded_imgs/ZSU_23_4/HB17011.JPG,17,ZSU_23_4,HB17011
data/raw/Padded_imgs/ZSU_23_4/HB17012.JPG,17,ZSU_23_4,HB17012
data/raw/Padded_imgs/ZSU_23_4/HB17013.JPG,17,ZSU_23_4,HB17013
data/raw/Padded_imgs/ZSU_23_4/HB17014.JPG,17,ZSU_23_4,HB17014
data/raw/Padded_imgs/ZSU_23_4/HB17015.JPG,17,ZSU_23_4,HB17015
data/raw/Padded_imgs/ZSU_23_4/HB17016.JPG,17,ZSU_23_4,HB17016
data/raw/Padded_imgs/ZSU_23_4/HB17017.JPG,17,ZSU_23_4,HB17017
data/raw/Padded_imgs/ZSU_23_4/HB17018.JPG,17,ZSU_23_4,HB17018
data/raw/Padded_imgs/ZSU_23_4/HB17019.JPG,17,ZSU_23_4,HB17019
data/raw/Padded_imgs/ZSU_23_4/HB17020.JPG,17,ZSU_23_4,HB17020
data/raw/Padded_imgs/ZSU_23_4/HB17021.JPG,17,ZSU_23_4,HB17021
data/raw/Padded_imgs/ZSU_23_4/HB17022.JPG,17,ZSU_23_4,HB17022
data/raw/Padded_imgs/ZSU_23_4/HB17023.JPG,17,ZSU_23_4,HB17023
data/raw/Padded_imgs/ZSU_23_4/HB17024.JPG,17,ZSU_23_4,HB17024
data/raw/Padded_imgs/ZSU_23_4/HB17025.JPG,17,ZSU_23_4,HB17025
data/raw/Padded_imgs/ZSU_23_4/HB17026.JPG,17,ZSU_23_4,HB17026
data/raw/Padded_imgs/ZSU_23_4/HB17027.JPG,17,ZSU_23_4,HB17027
data/raw/Padded_imgs/ZSU_23_4/HB17028.JPG,17,ZSU_23_4,HB17028
data/raw/Padded_imgs/ZSU_23_4/HB17029.JPG,17,ZSU_23_4,HB17029
data/raw/Padded_imgs/ZSU_23_4/HB17030.JPG,17,ZSU_23_4,HB17030
data/raw/Padded_imgs/ZSU_23_4/HB17031.JPG,17,ZSU_23_4,HB17031
data/raw/Padded_imgs/ZSU_23_4/HB17032.JPG,17,ZSU_23_4,HB17032
data/raw/Padded_imgs/ZSU_23_4/HB17034.JPG,17,ZSU_23_4,HB17034
data/raw/Padded_imgs/ZSU_23_4/HB17035.JPG,17,ZSU_23_4,HB17035
data/raw/Padded_imgs/ZSU_23_4/HB17037.JPG,17,ZSU_23_4,HB17037
data/raw/Padded_imgs/ZSU_23_4/HB17038.JPG,17,ZSU_23_4,HB17038
data/raw/Padded_imgs/ZSU_23_4/HB17040.JPG,17,ZSU_23_4,HB17040
data/raw/Padded_imgs/ZSU_23_4/HB17041.JPG,17,ZSU_23_4,HB17041
data/raw/Padded_imgs/ZSU_23_4/HB17043.JPG,17,ZSU_23_4,HB17043
data/raw/Padded_imgs/ZSU_23_4/HB17044.JPG,17,ZSU_23_4,HB17044
data/raw/Padded_imgs/ZSU_23_4/HB17045.JPG,17,ZSU_23_4,HB17045
data/raw/Padded_imgs/ZSU_23_4/HB17047.JPG,17,ZSU_23_4,HB17047
data/raw/Padded_imgs/ZSU_23_4/HB17048.JPG,17,ZSU_23_4,HB17048
data/raw/Padded_imgs/ZSU_23_4/HB17050.JPG,17,ZSU_23_4,HB17050
data/raw/Padded_imgs/ZSU_23_4/HB17051.JPG,17,ZSU_23_4,HB17051
data/raw/Padded_imgs/ZSU_23_4/HB17054.JPG,17,ZSU_23_4,HB17054
data/raw/Padded_imgs/ZSU_23_4/HB17056.JPG,17,ZSU_23_4,HB17056
data/raw/Padded_imgs/ZSU_23_4/HB17057.JPG,17,ZSU_23_4,HB17057
data/raw/Padded_imgs/ZSU_23_4/HB17059.JPG,17,ZSU_23_4,HB17059
data/raw/Padded_imgs/ZSU_23_4/HB17060.JPG,17,ZSU_23_4,HB17060
data/raw/Padded_imgs/ZSU_23_4/HB17065.JPG,17,ZSU_23_4,HB17065
data/raw/Padded_imgs/ZSU_23_4/HB17066.JPG,17,ZSU_23_4,HB17066
data/raw/Padded_imgs/ZSU_23_4/HB17071.JPG,17,ZSU_23_4,HB17071
data/raw/Padded_imgs/ZSU_23_4/HB17072.JPG,17,ZSU_23_4,HB17072
data/raw/Padded_imgs/ZSU_23_4/HB17074.JPG,17,ZSU_23_4,HB17074
data/raw/Padded_imgs/ZSU_23_4/HB17075.JPG,17,ZSU_23_4,HB17075
data/raw/Padded_imgs/ZSU_23_4/HB17077.JPG,17,ZSU_23_4,HB17077
data/raw/Padded_imgs/ZSU_23_4/HB17078.JPG,17,ZSU_23_4,HB17078
data/raw/Padded_imgs/ZSU_23_4/HB17080.JPG,17,ZSU_23_4,HB17080
data/raw/Padded_imgs/ZSU_23_4/HB17081.JPG,17,ZSU_23_4,HB17081
data/raw/Padded_imgs/ZSU_23_4/HB17084.JPG,17,ZSU_23_4,HB17084
data/raw/Padded_imgs/ZSU_23_4/HB17086.JPG,17,ZSU_23_4,HB17086
data/raw/Padded_imgs/ZSU_23_4/HB17087.JPG,17,ZSU_23_4,HB17087
data/raw/Padded_imgs/ZSU_23_4/HB17089.JPG,17,ZSU_23_4,HB17089
data/raw/Padded_imgs/ZSU_23_4/HB17090.JPG,17,ZSU_23_4,HB17090
data/raw/Padded_imgs/ZSU_23_4/HB17091.JPG,17,ZSU_23_4,HB17091
data/raw/Padded_imgs/ZSU_23_4/HB17093.JPG,17,ZSU_23_4,HB17093
data/raw/Padded_imgs/ZSU_23_4/HB17094.JPG,17,ZSU_23_4,HB17094
data/raw/Padded_imgs/ZSU_23_4/HB17099.JPG,17,ZSU_23_4,HB17099
data/raw/Padded_imgs/ZSU_23_4/HB17102.JPG,17,ZSU_23_4,HB17102
data/raw/Padded_imgs/ZSU_23_4/HB17103.JPG,17,ZSU_23_4,HB17103
data/raw/Padded_imgs/ZSU_23_4/HB17105.JPG,17,ZSU_23_4,HB17105
data/raw/Padded_imgs/ZSU_23_4/HB17106.JPG,17,ZSU_23_4,HB17106
data/raw/Padded_imgs/ZSU_23_4/HB17108.JPG,17,ZSU_23_4,HB17108
data/raw/Padded_imgs/ZSU_23_4/HB17109.JPG,17,ZSU_23_4,HB17109
data/raw/Padded_imgs/ZSU_23_4/HB17111.JPG,17,ZSU_23_4,HB17111
data/raw/Padded_imgs/ZSU_23_4/HB17112.JPG,17,ZSU_23_4,HB17112
data/raw/Padded_imgs/ZSU_23_4/HB17114.JPG,17,ZSU_23_4,HB17114
data/raw/Padded_imgs/ZSU_23_4/HB17115.JPG,17,ZSU_23_4,HB17115
data/raw/Padded_imgs/ZSU_23_4/HB17120.JPG,17,ZSU_23_4,HB17120
data/raw/Padded_imgs/ZSU_23_4/HB17121.JPG,17,ZSU_23_4,HB17121
data/raw/Padded_imgs/ZSU_23_4/HB17123.JPG,17,ZSU_23_4,HB17123
data/raw/Padded_imgs/ZSU_23_4/HB17124.JPG,17,ZSU_23_4,HB17124
data/raw/Padded_imgs/ZSU_23_4/HB17126.JPG,17,ZSU_23_4,HB17126
data/raw/Padded_imgs/ZSU_23_4/HB17143.JPG,17,ZSU_23_4,HB17143
data/raw/Padded_imgs/ZSU_23_4/HB17145.JPG,17,ZSU_23_4,HB17145
data/raw/Padded_imgs/ZSU_23_4/HB17149.JPG,17,ZSU_23_4,HB17149
data/raw/Padded_imgs/ZSU_23_4/HB17151.JPG,17,ZSU_23_4,HB17151
data/raw/Padded_imgs/ZSU_23_4/HB17152.JPG,17,ZSU_23_4,HB17152
data/raw/Padded_imgs/ZSU_23_4/HB17154.JPG,17,ZSU_23_4,HB17154
data/raw/Padded_imgs/ZSU_23_4/HB17155.JPG,17,ZSU_23_4,HB17155
data/raw/Padded_imgs/ZSU_23_4/HB17157.JPG,17,ZSU_23_4,HB17157
data/raw/Padded_imgs/ZSU_23_4/HB17158.JPG,17,ZSU_23_4,HB17158
data/raw/Padded_imgs/ZSU_23_4/HB17160.JPG,17,ZSU_23_4,HB17160
data/raw/Padded_imgs/ZSU_23_4/HB17161.JPG,17,ZSU_23_4,HB17161
data/raw/Padded_imgs/ZSU_23_4/HB17163.JPG,17,ZSU_23_4,HB17163
data/raw/Padded_imgs/ZSU_23_4/HB17164.JPG,17,ZSU_23_4,HB17164
data/raw/Padded_imgs/ZSU_23_4/HB17166.JPG,17,ZSU_23_4,HB17166
data/raw/Padded_imgs/ZSU_23_4/HB17167.JPG,17,ZSU_23_4,HB17167
data/raw/Padded_imgs/ZSU_23_4/HB17169.JPG,17,ZSU_23_4,HB17169
data/raw/Padded_imgs/ZSU_23_4/HB17170.JPG,17,ZSU_23_4,HB17170
data/raw/Padded_imgs/ZSU_23_4/HB17172.JPG,17,ZSU_23_4,HB17172
data/raw/Padded_imgs/ZSU_23_4/HB17173.JPG,17,ZSU_23_4,HB17173
data/raw/Padded_imgs/ZSU_23_4/HB17176.JPG,17,ZSU_23_4,HB17176
data/raw/Padded_imgs/ZSU_23_4/HB17178.JPG,17,ZSU_23_4,HB17178
data/raw/Padded_imgs/ZSU_23_4/HB17179.JPG,17,ZSU_23_4,HB17179
data/raw/Padded_imgs/ZSU_23_4/HB17181.JPG,17,ZSU_23_4,HB17181
data/raw/Padded_imgs/ZSU_23_4/HB17182.JPG,17,ZSU_23_4,HB17182
data/raw/Padded_imgs/ZSU_23_4/HB17184.JPG,17,ZSU_23_4,HB17184
data/raw/Padded_imgs/ZSU_23_4/HB17186.JPG,17,ZSU_23_4,HB17186
data/raw/Padded_imgs/ZSU_23_4/HB17188.JPG,17,ZSU_23_4,HB17188
data/raw/Padded_imgs/ZSU_23_4/HB17190.JPG,17,ZSU_23_4,HB17190
data/raw/Padded_imgs/ZSU_23_4/HB17191.JPG,17,ZSU_23_4,HB17191
data/raw/Padded_imgs/ZSU_23_4/HB17193.JPG,17,ZSU_23_4,HB17193
data/raw/Padded_imgs/ZSU_23_4/HB17195.JPG,17,ZSU_23_4,HB17195
data/raw/Padded_imgs/ZSU_23_4/HB17196.JPG,17,ZSU_23_4,HB17196
data/raw/Padded_imgs/ZSU_23_4/HB17198.JPG,17,ZSU_23_4,HB17198
data/raw/Padded_imgs/ZSU_23_4/HB17199.JPG,17,ZSU_23_4,HB17199
data/raw/Padded_imgs/ZSU_23_4/HB17201.JPG,17,ZSU_23_4,HB17201
data/raw/Padded_imgs/ZSU_23_4/HB17202.JPG,17,ZSU_23_4,HB17202
data/raw/Padded_imgs/ZSU_23_4/HB17204.JPG,17,ZSU_23_4,HB17204
data/raw/Padded_imgs/ZSU_23_4/HB17206.JPG,17,ZSU_23_4,HB17206
data/raw/Padded_imgs/ZSU_23_4/HB17209.JPG,17,ZSU_23_4,HB17209
data/raw/Padded_imgs/ZSU_23_4/HB17210.JPG,17,ZSU_23_4,HB17210
data/raw/Padded_imgs/ZSU_23_4/HB17212.JPG,17,ZSU_23_4,HB17212
data/raw/Padded_imgs/ZSU_23_4/HB17213.JPG,17,ZSU_23_4,HB17213
data/raw/Padded_imgs/ZSU_23_4/HB17215.JPG,17,ZSU_23_4,HB17215
data/raw/Padded_imgs/ZSU_23_4/HB17217.JPG,17,ZSU_23_4,HB17217
data/raw/Padded_imgs/ZSU_23_4/HB17221.JPG,17,ZSU_23_4,HB17221
data/raw/Padded_imgs/ZSU_23_4/HB17224.JPG,17,ZSU_23_4,HB17224
data/raw/Padded_imgs/ZSU_23_4/HB17226.JPG,17,ZSU_23_4,HB17226
data/raw/Padded_imgs/ZSU_23_4/HB17228.JPG,17,ZSU_23_4,HB17228
data/raw/Padded_imgs/ZSU_23_4/HB17229.JPG,17,ZSU_23_4,HB17229
data/raw/Padded_imgs/ZSU_23_4/HB17231.JPG,17,ZSU_23_4,HB17231
data/raw/Padded_imgs/ZSU_23_4/HB17232.JPG,17,ZSU_23_4,HB17232
data/raw/Padded_imgs/ZSU_23_4/HB17234.JPG,17,ZSU_23_4,HB17234
data/raw/Padded_imgs/ZSU_23_4/HB17235.JPG,17,ZSU_23_4,HB17235
data/raw/Padded_imgs/ZSU_23_4/HB17237.JPG,17,ZSU_23_4,HB17237
data/raw/Padded_imgs/ZSU_23_4/HB17239.JPG,17,ZSU_23_4,HB17239
data/raw/Padded_imgs/ZSU_23_4/HB17240.JPG,17,ZSU_23_4,HB17240
data/raw/Padded_imgs/ZSU_23_4/HB17242.JPG,17,ZSU_23_4,HB17242
data/raw/Padded_imgs/ZSU_23_4/HB17243.JPG,17,ZSU_23_4,HB17243
data/raw/Padded_imgs/ZSU_23_4/HB17245.JPG,17,ZSU_23_4,HB17245
data/raw/Padded_imgs/ZSU_23_4/HB17246.JPG,17,ZSU_23_4,HB17246
data/raw/Padded_imgs/ZSU_23_4/HB17249.JPG,17,ZSU_23_4,HB17249
data/raw/Padded_imgs/ZSU_23_4/HB17250.JPG,17,ZSU_23_4,HB17250
data/raw/Padded_imgs/ZSU_23_4/HB17252.JPG,17,ZSU_23_4,HB17252
data/raw/Padded_imgs/ZSU_23_4/HB17253.JPG,17,ZSU_23_4,HB17253
data/raw/Padded_imgs/ZSU_23_4/HB17254.JPG,17,ZSU_23_4,HB17254
data/raw/Padded_imgs/ZSU_23_4/HB17255.JPG,17,ZSU_23_4,HB17255
data/raw/Padded_imgs/ZSU_23_4/HB17256.JPG,17,ZSU_23_4,HB17256
data/raw/Padded_imgs/ZSU_23_4/HB17257.JPG,17,ZSU_23_4,HB17257
data/raw/Padded_imgs/ZSU_23_4/HB17258.JPG,17,ZSU_23_4,HB17258
data/raw/Padded_imgs/ZSU_23_4/HB17259.JPG,17,ZSU_23_4,HB17259
data/raw/Padded_imgs/ZSU_23_4/HB17260.JPG,17,ZSU_23_4,HB17260
data/raw/Padded_imgs/ZSU_23_4/HB17262.JPG,17,ZSU_23_4,HB17262
data/raw/Padded_imgs/ZSU_23_4/HB17271.JPG,17,ZSU_23_4,HB17271
data/raw/Padded_imgs/ZSU_23_4/HB17274.JPG,17,ZSU_23_4,HB17274
data/raw/Padded_imgs/ZSU_23_4/HB17276.JPG,17,ZSU_23_4,HB17276
data/raw/Padded_imgs/ZSU_23_4/HB17279.JPG,17,ZSU_23_4,HB17279
data/raw/Padded_imgs/ZSU_23_4/HB17281.JPG,17,ZSU_23_4,HB17281
data/raw/Padded_imgs/ZSU_23_4/HB17284.JPG,17,ZSU_23_4,HB17284
data/raw/Padded_imgs/ZSU_23_4/HB17287.JPG,17,ZSU_23_4,HB17287
data/raw/Padded_imgs/ZSU_23_4/HB17289.JPG,17,ZSU_23_4,HB17289
data/raw/Padded_imgs/ZSU_23_4/HB17292.JPG,17,ZSU_23_4,HB17292
data/raw/Padded_imgs/ZSU_23_4/HB17294.JPG,17,ZSU_23_4,HB17294
data/raw/Padded_imgs/ZSU_23_4/HB17297.JPG,17,ZSU_23_4,HB17297
data/raw/Padded_imgs/ZSU_23_4/HB17299.JPG,17,ZSU_23_4,HB17299
data/raw/Padded_imgs/ZSU_23_4/HB17302.JPG,17,ZSU_23_4,HB17302
data/raw/Padded_imgs/ZSU_23_4/HB17305.JPG,17,ZSU_23_4,HB17305
data/raw/Padded_imgs/ZSU_23_4/HB17307.JPG,17,ZSU_23_4,HB17307
data/raw/Padded_imgs/ZSU_23_4/HB17310.JPG,17,ZSU_23_4,HB17310
data/raw/Padded_imgs/ZSU_23_4/HB17315.JPG,17,ZSU_23_4,HB17315
data/raw/Padded_imgs/ZSU_23_4/HB17317.JPG,17,ZSU_23_4,HB17317
data/raw/Padded_imgs/ZSU_23_4/HB17320.JPG,17,ZSU_23_4,HB17320
data/raw/Padded_imgs/ZSU_23_4/HB17323.JPG,17,ZSU_23_4,HB17323
data/raw/Padded_imgs/ZSU_23_4/HB17325.JPG,17,ZSU_23_4,HB17325
data/raw/Padded_imgs/ZSU_23_4/HB17328.JPG,17,ZSU_23_4,HB17328
data/raw/Padded_imgs/ZSU_23_4/HB17331.JPG,17,ZSU_23_4,HB17331
data/raw/Padded_imgs/ZSU_23_4/HB17333.JPG,17,ZSU_23_4,HB17333
data/raw/Padded_imgs/ZSU_23_4/HB17336.JPG,17,ZSU_23_4,HB17336
data/raw/Padded_imgs/ZSU_23_4/HB17338.JPG,17,ZSU_23_4,HB17338
data/raw/Padded_imgs/ZSU_23_4/HB17341.JPG,17,ZSU_23_4,HB17341
data/raw/Padded_imgs/ZSU_23_4/HB17343.JPG,17,ZSU_23_4,HB17343
data/raw/Padded_imgs/ZSU_23_4/HB17346.JPG,17,ZSU_23_4,HB17346
data/raw/Padded_imgs/ZSU_23_4/HB17348.JPG,17,ZSU_23_4,HB17348
data/raw/Padded_imgs/ZSU_23_4/HB17351.JPG,17,ZSU_23_4,HB17351
data/raw/Padded_imgs/ZSU_23_4/HB17353.JPG,17,ZSU_23_4,HB17353
data/raw/Padded_imgs/ZSU_23_4/HB17356.JPG,17,ZSU_23_4,HB17356
data/raw/Padded_imgs/ZSU_23_4/HB17359.JPG,17,ZSU_23_4,HB17359
data/raw/Padded_imgs/ZSU_23_4/HB17361.JPG,17,ZSU_23_4,HB17361
data/raw/Padded_imgs/ZSU_23_4/HB17364.JPG,17,ZSU_23_4,HB17364
data/raw/Padded_imgs/ZSU_23_4/HB17366.JPG,17,ZSU_23_4,HB17366
data/raw/Padded_imgs/ZSU_23_4/HB17369.JPG,17,ZSU_23_4,HB17369
data/raw/Padded_imgs/ZSU_23_4/HB17372.JPG,17,ZSU_23_4,HB17372
data/raw/Padded_imgs/ZSU_23_4/HB17374.JPG,17,ZSU_23_4,HB17374
data/raw/Padded_imgs/ZSU_23_4/HB17377.JPG,17,ZSU_23_4,HB17377
data/raw/Padded_imgs/ZSU_23_4/HB17380.JPG,17,ZSU_23_4,HB17380
data/raw/Padded_imgs/ZSU_23_4/HB17382.JPG,17,ZSU_23_4,HB17382
data/raw/Padded_imgs/ZSU_23_4/HB17385.JPG,17,ZSU_23_4,HB17385
data/raw/Padded_imgs/ZSU_23_4/HB17387.JPG,17,ZSU_23_4,HB17387
data/raw/Padded_imgs/ZSU_23_4/HB17390.JPG,17,ZSU_23_4,HB17390
data/raw/Padded_imgs/ZSU_23_4/HB17393.JPG,17,ZSU_23_4,HB17393
data/raw/Padded_imgs/ZSU_23_4/HB17395.JPG,17,ZSU_23_4,HB17395
data/raw/Padded_imgs/ZSU_23_4/HB17398.JPG,17,ZSU_23_4,HB17398
data/raw/Padded_imgs/ZSU_23_4/HB17400.JPG,17,ZSU_23_4,HB17400
data/raw/Padded_imgs/ZSU_23_4/HB17406.JPG,17,ZSU_23_4,HB17406
data/raw/Padded_imgs/ZSU_23_4/HB17408.JPG,17,ZSU_23_4,HB17408
data/raw/Padded_imgs/ZSU_23_4/HB17411.JPG,17,ZSU_23_4,HB17411
data/raw/Padded_imgs/ZSU_23_4/HB17413.JPG,17,ZSU_23_4,HB17413
data/raw/Padded_imgs/ZSU_23_4/HB17416.JPG,17,ZSU_23_4,HB17416
data/raw/Padded_imgs/ZSU_23_4/HB17418.JPG,17,ZSU_23_4,HB17418
data/raw/Padded_imgs/ZSU_23_4/HB17421.JPG,17,ZSU_23_4,HB17421
data/raw/Padded_imgs/ZSU_23_4/HB17424.JPG,17,ZSU_23_4,HB17424
data/raw/Padded_imgs/ZSU_23_4/HB17426.JPG,17,ZSU_23_4,HB17426
data/raw/Padded_imgs/ZSU_23_4/HB17429.JPG,17,ZSU_23_4,HB17429
data/raw/Padded_imgs/ZSU_23_4/HB17431.JPG,17,ZSU_23_4,HB17431
data/raw/Padded_imgs/ZSU_23_4/HB17434.JPG,17,ZSU_23_4,HB17434
data/raw/Padded_imgs/ZSU_23_4/HB17436.JPG,17,ZSU_23_4,HB17436
data/raw/Padded_imgs/ZSU_23_4/HB17439.JPG,17,ZSU_23_4,HB17439
data/raw/Padded_imgs/ZSU_23_4/HB17441.JPG,17,ZSU_23_4,HB17441
data/raw/Padded_imgs/ZSU_23_4/HB17444.JPG,17,ZSU_23_4,HB17444
data/raw/Padded_imgs/ZSU_23_4/HB17446.JPG,17,ZSU_23_4,HB17446
data/raw/Padded_imgs/ZSU_23_4/HB17449.JPG,17,ZSU_23_4,HB17449
data/raw/Padded_imgs/ZSU_23_4/HB17451.JPG,17,ZSU_23_4,HB17451
data/raw/Padded_imgs/ZSU_23_4/HB17454.JPG,17,ZSU_23_4,HB17454
data/raw/Padded_imgs/ZSU_23_4/HB17456.JPG,17,ZSU_23_4,HB17456
data/raw/Padded_imgs/ZSU_23_4/HB17459.JPG,17,ZSU_23_4,HB17459
data/raw/Padded_imgs/ZSU_23_4/HB17462.JPG,17,ZSU_23_4,HB17462
data/raw/Padded_imgs/ZSU_23_4/HB17464.JPG,17,ZSU_23_4,HB17464
data/raw/Padded_imgs/ZSU_23_4/HB17467.JPG,17,ZSU_23_4,HB17467
data/raw/Padded_imgs/ZSU_23_4/HB17469.JPG,17,ZSU_23_4,HB17469
data/raw/Padded_imgs/ZSU_23_4/HB17472.JPG,17,ZSU_23_4,HB17472
data/raw/Padded_imgs/ZSU_23_4/HB17474.JPG,17,ZSU_23_4,HB17474
data/raw/Padded_imgs/ZSU_23_4/HB17477.JPG,17,ZSU_23_4,HB17477
data/raw/Padded_imgs/ZSU_23_4/HB17480.JPG,17,ZSU_23_4,HB17480
data/raw/Padded_imgs/ZSU_23_4/HB17482.JPG,17,ZSU_23_4,HB17482
data/raw/Padded_imgs/ZSU_23_4/HB17485.JPG,17,ZSU_23_4,HB17485
data/raw/Padded_imgs/ZSU_23_4/HB17487.JPG,17,ZSU_23_4,HB17487
data/raw/Padded_imgs/ZSU_23_4/HB17489.JPG,17,ZSU_23_4,HB17489
data/raw/Padded_imgs/ZSU_23_4/HB17492.JPG,17,ZSU_23_4,HB17492
data/raw/Padded_imgs/ZSU_23_4/HB17497.JPG,17,ZSU_23_4,HB17497
data/raw/Padded_imgs/ZSU_23_4/HB17499.JPG,17,ZSU_23_4,HB17499
data/raw/Padded_imgs/ZSU_23_4/HB17502.JPG,17,ZSU_23_4,HB17502
data/raw/Padded_imgs/ZSU_23_4/HB17504.JPG,17,ZSU_23_4,HB17504
data/raw/Padded_imgs/ZSU_23_4/HB17507.JPG,17,ZSU_23_4,HB17507
data/raw/Padded_imgs/ZSU_23_4/HB17509.JPG,17,ZSU_23_4,HB17509
data/raw/Padded_imgs/ZSU_23_4/HB17512.JPG,17,ZSU_23_4,HB17512
data/raw/Padded_imgs/ZSU_23_4/HB17515.JPG,17,ZSU_23_4,HB17515
data/raw/Padded_imgs/ZSU_23_4/HB17518.JPG,17,ZSU_23_4,HB17518
data/raw/Padded_imgs/ZSU_23_4/HB19377.JPG,15,ZSU_23_4,HB19377
data/raw/Padded_imgs/ZSU_23_4/HB19379.JPG,15,ZSU_23_4,HB19379
data/raw/Padded_imgs/ZSU_23_4/HB19381.JPG,15,ZSU_23_4,HB19381
data/raw/Padded_imgs/ZSU_23_4/HB19383.JPG,15,ZSU_23_4,HB19383
data/raw/Padded_imgs/ZSU_23_4/HB19389.JPG,15,ZSU_23_4,HB19389
data/raw/Padded_imgs/ZSU_23_4/HB19390.JPG,15,ZSU_23_4,HB19390
data/raw/Padded_imgs/ZSU_23_4/HB19394.JPG,15,ZSU_23_4,HB19394
data/raw/Padded_imgs/ZSU_23_4/HB19396.JPG,15,ZSU_23_4,HB19396
data/raw/Padded_imgs/ZSU_23_4/HB19398.JPG,15,ZSU_23_4,HB19398
data/raw/Padded_imgs/ZSU_23_4/HB19400.JPG,15,ZSU_23_4,HB19400
data/raw/Padded_imgs/ZSU_23_4/HB19402.JPG,15,ZSU_23_4,HB19402
data/raw/Padded_imgs/ZSU_23_4/HB19404.JPG,15,ZSU_23_4,HB19404
data/raw/Padded_imgs/ZSU_23_4/HB19406.JPG,15,ZSU_23_4,HB19406
data/raw/Padded_imgs/ZSU_23_4/HB19408.JPG,15,ZSU_23_4,HB19408
data/raw/Padded_imgs/ZSU_23_4/HB19410.JPG,15,ZSU_23_4,HB19410
data/raw/Padded_imgs/ZSU_23_4/HB19412.JPG,15,ZSU_23_4,HB19412
data/raw/Padded_imgs/ZSU_23_4/HB19414.JPG,15,ZSU_23_4,HB19414
data/raw/Padded_imgs/ZSU_23_4/HB19416.JPG,15,ZSU_23_4,HB19416
data/raw/Padded_imgs/ZSU_23_4/HB19418.JPG,15,ZSU_23_4,HB19418
data/raw/Padded_imgs/ZSU_23_4/HB19420.JPG,15,ZSU_23_4,HB19420
data/raw/Padded_imgs/ZSU_23_4/HB19422.JPG,15,ZSU_23_4,HB19422
data/raw/Padded_imgs/ZSU_23_4/HB19424.JPG,15,ZSU_23_4,HB19424
data/raw/Padded_imgs/ZSU_23_4/HB19426.JPG,15,ZSU_23_4,HB19426
data/raw/Padded_imgs/ZSU_23_4/HB19430.JPG,15,ZSU_23_4,HB19430
data/raw/Padded_imgs/ZSU_23_4/HB19432.JPG,15,ZSU_23_4,HB19432
data/raw/Padded_imgs/ZSU_23_4/HB19434.JPG,15,ZSU_23_4,HB19434
data/raw/Padded_imgs/ZSU_23_4/HB19436.JPG,15,ZSU_23_4,HB19436
data/raw/Padded_imgs/ZSU_23_4/HB19438.JPG,15,ZSU_23_4,HB19438
data/raw/Padded_imgs/ZSU_23_4/HB19440.JPG,15,ZSU_23_4,HB19440
data/raw/Padded_imgs/ZSU_23_4/HB19442.JPG,15,ZSU_23_4,HB19442
data/raw/Padded_imgs/ZSU_23_4/HB19444.JPG,15,ZSU_23_4,HB19444
data/raw/Padded_imgs/ZSU_23_4/HB19446.JPG,15,ZSU_23_4,HB19446
data/raw/Padded_imgs/ZSU_23_4/HB19448.JPG,15,ZSU_23_4,HB19448
data/raw/Padded_imgs/ZSU_23_4/HB19450.JPG,15,ZSU_23_4,HB19450
data/raw/Padded_imgs/ZSU_23_4/HB19454.JPG,15,ZSU_23_4,HB19454
data/raw/Padded_imgs/ZSU_23_4/HB19456.JPG,15,ZSU_23_4,HB19456
data/raw/Padded_imgs/ZSU_23_4/HB19458.JPG,15,ZSU_23_4,HB19458
data/raw/Padded_imgs/ZSU_23_4/HB19460.JPG,15,ZSU_23_4,HB19460
data/raw/Padded_imgs/ZSU_23_4/HB19462.JPG,15,ZSU_23_4,HB19462
data/raw/Padded_imgs/ZSU_23_4/HB19464.JPG,15,ZSU_23_4,HB19464
data/raw/Padded_imgs/ZSU_23_4/HB19466.JPG,15,ZSU_23_4,HB19466
data/raw/Padded_imgs/ZSU_23_4/HB19468.JPG,15,ZSU_23_4,HB19468
data/raw/Padded_imgs/ZSU_23_4/HB19470.JPG,15,ZSU_23_4,HB19470
data/raw/Padded_imgs/ZSU_23_4/HB19472.JPG,15,ZSU_23_4,HB19472
data/raw/Padded_imgs/ZSU_23_4/HB19474.JPG,15,ZSU_23_4,HB19474
data/raw/Padded_imgs/ZSU_23_4/HB19476.JPG,15,ZSU_23_4,HB19476
data/raw/Padded_imgs/ZSU_23_4/HB19478.JPG,15,ZSU_23_4,HB19478
data/raw/Padded_imgs/ZSU_23_4/HB19479.JPG,15,ZSU_23_4,HB19479
data/raw/Padded_imgs/ZSU_23_4/HB19481.JPG,15,ZSU_23_4,HB19481
data/raw/Padded_imgs/ZSU_23_4/HB19483.JPG,15,ZSU_23_4,HB19483
data/raw/Padded_imgs/ZSU_23_4/HB19487.JPG,15,ZSU_23_4,HB19487
data/raw/Padded_imgs/ZSU_23_4/HB19491.JPG,15,ZSU_23_4,HB19491
data/raw/Padded_imgs/ZSU_23_4/HB19495.JPG,15,ZSU_23_4,HB19495
data/raw/Padded_imgs/ZSU_23_4/HB19499.JPG,15,ZSU_23_4,HB19499
data/raw/Padded_imgs/ZSU_23_4/HB19501.JPG,15,ZSU_23_4,HB19501
data/raw/Padded_imgs/ZSU_23_4/HB19503.JPG,15,ZSU_23_4,HB19503
data/raw/Padded_imgs/ZSU_23_4/HB19505.JPG,15,ZSU_23_4,HB19505
data/raw/Padded_imgs/ZSU_23_4/HB19507.JPG,15,ZSU_23_4,HB19507
data/raw/Padded_imgs/ZSU_23_4/HB19508.JPG,15,ZSU_23_4,HB19508
data/raw/Padded_imgs/ZSU_23_4/HB19512.JPG,15,ZSU_23_4,HB19512
data/raw/Padded_imgs/ZSU_23_4/HB19514.JPG,15,ZSU_23_4,HB19514
data/raw/Padded_imgs/ZSU_23_4/HB19516.JPG,15,ZSU_23_4,HB19516
data/raw/Padded_imgs/ZSU_23_4/HB19518.JPG,15,ZSU_23_4,HB19518
data/raw/Padded_imgs/ZSU_23_4/HB19520.JPG,15,ZSU_23_4,HB19520
data/raw/Padded_imgs/ZSU_23_4/HB19522.JPG,15,ZSU_23_4,HB19522
data/raw/Padded_imgs/ZSU_23_4/HB19526.JPG,15,ZSU_23_4,HB19526
data/raw/Padded_imgs/ZSU_23_4/HB19528.JPG,15,ZSU_23_4,HB19528
data/raw/Padded_imgs/ZSU_23_4/HB19530.JPG,15,ZSU_23_4,HB19530
data/raw/Padded_imgs/ZSU_23_4/HB19534.JPG,15,ZSU_23_4,HB19534
data/raw/Padded_imgs/ZSU_23_4/HB19536.JPG,15,ZSU_23_4,HB19536
data/raw/Padded_imgs/ZSU_23_4/HB19538.JPG,15,ZSU_23_4,HB19538
data/raw/Padded_imgs/ZSU_23_4/HB19540.JPG,15,ZSU_23_4,HB19540
data/raw/Padded_imgs/ZSU_23_4/HB19542.JPG,15,ZSU_23_4,HB19542
data/raw/Padded_imgs/ZSU_23_4/HB19544.JPG,15,ZSU_23_4,HB19544
data/raw/Padded_imgs/ZSU_23_4/HB19545.JPG,15,ZSU_23_4,HB19545
data/raw/Padded_imgs/ZSU_23_4/HB19547.JPG,15,ZSU_23_4,HB19547
data/raw/Padded_imgs/ZSU_23_4/HB19549.JPG,15,ZSU_23_4,HB19549
data/raw/Padded_imgs/ZSU_23_4/HB19551.JPG,15,ZSU_23_4,HB19551
data/raw/Padded_imgs/ZSU_23_4/HB19553.JPG,15,ZSU_23_4,HB19553
data/raw/Padded_imgs/ZSU_23_4/HB19555.JPG,15,ZSU_23_4,HB19555
data/raw/Padded_imgs/ZSU_23_4/HB19557.JPG,15,ZSU_23_4,HB19557
data/raw/Padded_imgs/ZSU_23_4/HB19559.JPG,15,ZSU_23_4,HB19559
data/raw/Padded_imgs/ZSU_23_4/HB19561.JPG,15,ZSU_23_4,HB19561
data/raw/Padded_imgs/ZSU_23_4/HB19563.JPG,15,ZSU_23_4,HB19563
data/raw/Padded_imgs/ZSU_23_4/HB19567.JPG,15,ZSU_23_4,HB19567
data/raw/Padded_imgs/ZSU_23_4/HB19569.JPG,15,ZSU_23_4,HB19569
data/raw/Padded_imgs/ZSU_23_4/HB19571.JPG,15,ZSU_23_4,HB19571
data/raw/Padded_imgs/ZSU_23_4/HB19573.JPG,15,ZSU_23_4,HB19573
data/raw/Padded_imgs/ZSU_23_4/HB19575.JPG,15,ZSU_23_4,HB19575
data/raw/Padded_imgs/ZSU_23_4/HB19579.JPG,15,ZSU_23_4,HB19579
data/raw/Padded_imgs/ZSU_23_4/HB19581.JPG,15,ZSU_23_4,HB19581
data/raw/Padded_imgs/ZSU_23_4/HB19583.JPG,15,ZSU_23_4,HB19583
data/raw/Padded_imgs/ZSU_23_4/HB19780.JPG,15,ZSU_23_4,HB19780
data/raw/Padded_imgs/ZSU_23_4/HB19781.JPG,15,ZSU_23_4,HB19781
data/raw/Padded_imgs/ZSU_23_4/HB19782.JPG,15,ZSU_23_4,HB19782
data/raw/Padded_imgs/ZSU_23_4/HB19783.JPG,15,ZSU_23_4,HB19783
data/raw/Padded_imgs/ZSU_23_4/HB19784.JPG,15,ZSU_23_4,HB19784
data/raw/Padded_imgs/ZSU_23_4/HB19785.JPG,15,ZSU_23_4,HB19785
data/raw/Padded_imgs/ZSU_23_4/HB19786.JPG,15,ZSU_23_4,HB19786
data/raw/Padded_imgs/ZSU_23_4/HB19787.JPG,15,ZSU_23_4,HB19787
data/raw/Padded_imgs/ZSU_23_4/HB19788.JPG,15,ZSU_23_4,HB19788
data/raw/Padded_imgs/ZSU_23_4/HB19789.JPG,15,ZSU_23_4,HB19789
data/raw/Padded_imgs/ZSU_23_4/HB19790.JPG,15,ZSU_23_4,HB19790
data/raw/Padded_imgs/ZSU_23_4/HB19791.JPG,15,ZSU_23_4,HB19791
data/raw/Padded_imgs/ZSU_23_4/HB19792.JPG,15,ZSU_23_4,HB19792
data/raw/Padded_imgs/ZSU_23_4/HB19793.JPG,15,ZSU_23_4,HB19793
data/raw/Padded_imgs/ZSU_23_4/HB19794.JPG,15,ZSU_23_4,HB19794
data/raw/Padded_imgs/ZSU_23_4/HB19795.JPG,15,ZSU_23_4,HB19795
data/raw/Padded_imgs/ZSU_23_4/HB19797.JPG,15,ZSU_23_4,HB19797
data/raw/Padded_imgs/ZSU_23_4/HB19798.JPG,15,ZSU_23_4,HB19798
data/raw/Padded_imgs/ZSU_23_4/HB19799.JPG,15,ZSU_23_4,HB19799
data/raw/Padded_imgs/ZSU_23_4/HB19801.JPG,15,ZSU_23_4,HB19801
data/raw/Padded_imgs/ZSU_23_4/HB19803.JPG,15,ZSU_23_4,HB19803
data/raw/Padded_imgs/ZSU_23_4/HB19804.JPG,15,ZSU_23_4,HB19804
data/raw/Padded_imgs/ZSU_23_4/HB19805.JPG,15,ZSU_23_4,HB19805
data/raw/Padded_imgs/ZSU_23_4/HB19806.JPG,15,ZSU_23_4,HB19806
data/raw/Padded_imgs/ZSU_23_4/HB19807.JPG,15,ZSU_23_4,HB19807
data/raw/Padded_imgs/ZSU_23_4/HB19808.JPG,15,ZSU_23_4,HB19808
data/raw/Padded_imgs/ZSU_23_4/HB19809.JPG,15,ZSU_23_4,HB19809
data/raw/Padded_imgs/ZSU_23_4/HB19810.JPG,15,ZSU_23_4,HB19810
data/raw/Padded_imgs/ZSU_23_4/HB19811.JPG,15,ZSU_23_4,HB19811
data/raw/Padded_imgs/ZSU_23_4/HB19812.JPG,15,ZSU_23_4,HB19812
data/raw/Padded_imgs/ZSU_23_4/HB19813.JPG,15,ZSU_23_4,HB19813
data/raw/Padded_imgs/ZSU_23_4/HB19814.JPG,15,ZSU_23_4,HB19814
data/raw/Padded_imgs/ZSU_23_4/HB19816.JPG,15,ZSU_23_4,HB19816
data/raw/Padded_imgs/ZSU_23_4/HB19817.JPG,17,ZSU_23_4,HB19817
data/raw/Padded_imgs/ZSU_23_4/HB19818.JPG,15,ZSU_23_4,HB19818
data/raw/Padded_imgs/ZSU_23_4/HB19820.JPG,15,ZSU_23_4,HB19820
data/raw/Padded_imgs/ZSU_23_4/HB19821.JPG,15,ZSU_23_4,HB19821
data/raw/Padded_imgs/ZSU_23_4/HB19822.JPG,15,ZSU_23_4,HB19822
data/raw/Padded_imgs/ZSU_23_4/HB19823.JPG,15,ZSU_23_4,HB19823
data/raw/Padded_imgs/ZSU_23_4/HB19824.JPG,15,ZSU_23_4,HB19824
data/raw/Padded_imgs/ZSU_23_4/HB19825.JPG,15,ZSU_23_4,HB19825
data/raw/Padded_imgs/ZSU_23_4/HB19826.JPG,15,ZSU_23_4,HB19826
data/raw/Padded_imgs/ZSU_23_4/HB19827.JPG,15,ZSU_23_4,HB19827
data/raw/Padded_imgs/ZSU_23_4/HB19828.JPG,15,ZSU_23_4,HB19828
data/raw/Padded_imgs/ZSU_23_4/HB19829.JPG,15,ZSU_23_4,HB19829
data/raw/Padded_imgs/ZSU_23_4/HB19830.JPG,15,ZSU_23_4,HB19830
data/raw/Padded_imgs/ZSU_23_4/HB19831.JPG,15,ZSU_23_4,HB19831
data/raw/Padded_imgs/ZSU_23_4/HB19833.JPG,15,ZSU_23_4,HB19833
data/raw/Padded_imgs/ZSU_23_4/HB19834.JPG,15,ZSU_23_4,HB19834
data/raw/Padded_imgs/ZSU_23_4/HB19835.JPG,15,ZSU_23_4,HB19835
data/raw/Padded_imgs/ZSU_23_4/HB19836.JPG,15,ZSU_23_4,HB19836
data/raw/Padded_imgs/ZSU_23_4/HB19838.JPG,15,ZSU_23_4,HB19838
data/raw/Padded_imgs/ZSU_23_4/HB19839.JPG,15,ZSU_23_4,HB19839
data/raw/Padded_imgs/ZSU_23_4/HB19840.JPG,15,ZSU_23_4,HB19840
data/raw/Padded_imgs/ZSU_23_4/HB19841.JPG,15,ZSU_23_4,HB19841
data/raw/Padded_imgs/ZSU_23_4/HB19842.JPG,15,ZSU_23_4,HB19842
data/raw/Padded_imgs/ZSU_23_4/HB19843.JPG,15,ZSU_23_4,HB19843
data/raw/Padded_imgs/ZSU_23_4/HB19844.JPG,15,ZSU_23_4,HB19844
data/raw/Padded_imgs/ZSU_23_4/HB19845.JPG,15,ZSU_23_4,HB19845
data/raw/Padded_imgs/ZSU_23_4/HB19846.JPG,15,ZSU_23_4,HB19846
data/raw/Padded_imgs/ZSU_23_4/HB19847.JPG,15,ZSU_23_4,HB19847
data/raw/Padded_imgs/ZSU_23_4/HB19848.JPG,15,ZSU_23_4,HB19848
data/raw/Padded_imgs/ZSU_23_4/HB19849.JPG,15,ZSU_23_4,HB19849
data/raw/Padded_imgs/ZSU_23_4/HB19850.JPG,15,ZSU_23_4,HB19850
data/raw/Padded_imgs/ZSU_23_4/HB19851.JPG,15,ZSU_23_4,HB19851
data/raw/Padded_imgs/ZSU_23_4/HB19852.JPG,15,ZSU_23_4,HB19852
data/raw/Padded_imgs/ZSU_23_4/HB19853.JPG,15,ZSU_23_4,HB19853
data/raw/Padded_imgs/ZSU_23_4/HB19854.JPG,15,ZSU_23_4,HB19854
data/raw/Padded_imgs/ZSU_23_4/HB19855.JPG,15,ZSU_23_4,HB19855
data/raw/Padded_imgs/ZSU_23_4/HB19856.JPG,15,ZSU_23_4,HB19856
data/raw/Padded_imgs/ZSU_23_4/HB19857.JPG,15,ZSU_23_4,HB19857
data/raw/Padded_imgs/ZSU_23_4/HB19858.JPG,15,ZSU_23_4,HB19858
data/raw/Padded_imgs/ZSU_23_4/HB19859.JPG,15,ZSU_23_4,HB19859
data/raw/Padded_imgs/ZSU_23_4/HB19860.JPG,15,ZSU_23_4,HB19860
data/raw/Padded_imgs/ZSU_23_4/HB19861.JPG,15,ZSU_23_4,HB19861
data/raw/Padded_imgs/ZSU_23_4/HB19862.JPG,15,ZSU_23_4,HB19862
data/raw/Padded_imgs/ZSU_23_4/HB19863.JPG,15,ZSU_23_4,HB19863
data/raw/Padded_imgs/ZSU_23_4/HB19864.JPG,15,ZSU_23_4,HB19864
data/raw/Padded_imgs/ZSU_23_4/HB19865.JPG,15,ZSU_23_4,HB19865
data/raw/Padded_imgs/ZSU_23_4/HB19867.JPG,15,ZSU_23_4,HB19867
data/raw/Padded_imgs/ZSU_23_4/HB19868.JPG,15,ZSU_23_4,HB19868
data/raw/Padded_imgs/ZSU_23_4/HB19869.JPG,15,ZSU_23_4,HB19869
data/raw/Padded_imgs/ZSU_23_4/HB19871.JPG,15,ZSU_23_4,HB19871
data/raw/Padded_imgs/ZSU_23_4/HB19872.JPG,15,ZSU_23_4,HB19872
data/raw/Padded_imgs/ZSU_23_4/HB19873.JPG,15,ZSU_23_4,HB19873
data/raw/Padded_imgs/ZSU_23_4/HB19874.JPG,15,ZSU_23_4,HB19874
data/raw/Padded_imgs/ZSU_23_4/HB19875.JPG,15,ZSU_23_4,HB19875
data/raw/Padded_imgs/ZSU_23_4/HB19876.JPG,15,ZSU_23_4,HB19876
data/raw/Padded_imgs/ZSU_23_4/HB19877.JPG,15,ZSU_23_4,HB19877
data/raw/Padded_imgs/ZSU_23_4/HB19878.JPG,15,ZSU_23_4,HB19878
data/raw/Padded_imgs/ZSU_23_4/HB19879.JPG,15,ZSU_23_4,HB19879
data/raw/Padded_imgs/ZSU_23_4/HB19880.JPG,15,ZSU_23_4,HB19880
data/raw/Padded_imgs/ZSU_23_4/HB19881.JPG,15,ZSU_23_4,HB19881
data/raw/Padded_imgs/ZSU_23_4/HB19882.JPG,15,ZSU_23_4,HB19882
data/raw/Padded_imgs/ZSU_23_4/HB19883.JPG,15,ZSU_23_4,HB19883
data/raw/Padded_imgs/ZSU_23_4/HB19884.JPG,15,ZSU_23_4,HB19884
data/raw/Padded_imgs/ZSU_23_4/HB19885.JPG,15,ZSU_23_4,HB19885
data/raw/Padded_imgs/ZSU_23_4/HB19887.JPG,15,ZSU_23_4,HB19887
data/raw/Padded_imgs/ZSU_23_4/HB19888.JPG,15,ZSU_23_4,HB19888
data/raw/Padded_imgs/ZSU_23_4/HB19889.JPG,15,ZSU_23_4,HB19889
data/raw/Padded_imgs/ZSU_23_4/HB19890.JPG,15,ZSU_23_4,HB19890
data/raw/Padded_imgs/ZSU_23_4/HB19891.JPG,15,ZSU_23_4,HB19891
data/raw/Padded_imgs/ZSU_23_4/HB19892.JPG,15,ZSU_23_4,HB19892
data/raw/Padded_imgs/ZSU_23_4/HB19893.JPG,15,ZSU_23_4,HB19893
data/raw/Padded_imgs/ZSU_23_4/HB19894.JPG,15,ZSU_23_4,HB19894
data/raw/Padded_imgs/ZSU_23_4/HB19895.JPG,15,ZSU_23_4,HB19895
data/raw/Padded_imgs/ZSU_23_4/HB19896.JPG,15,ZSU_23_4,HB19896
data/raw/Padded_imgs/ZSU_23_4/HB19897.JPG,15,ZSU_23_4,HB19897
data/raw/Padded_imgs/ZSU_23_4/HB19898.JPG,15,ZSU_23_4,HB19898
data/raw/Padded_imgs/ZSU_23_4/HB19899.JPG,15,ZSU_23_4,HB19899
data/raw/Padded_imgs/ZSU_23_4/HB19901.JPG,15,ZSU_23_4,HB19901
data/raw/Padded_imgs/ZSU_23_4/HB19902.JPG,15,ZSU_23_4,HB19902
data/raw/Padded_imgs/ZSU_23_4/HB19903.JPG,15,ZSU_23_4,HB19903
data/raw/Padded_imgs/ZSU_23_4/HB19906.JPG,15,ZSU_23_4,HB19906
data/raw/Padded_imgs/ZSU_23_4/HB19907.JPG,15,ZSU_23_4,HB19907
data/raw/Padded_imgs/ZSU_23_4/HB19908.JPG,15,ZSU_23_4,HB19908
data/raw/Padded_imgs/ZSU_23_4/HB19909.JPG,15,ZSU_23_4,HB19909
data/raw/Padded_imgs/ZSU_23_4/HB19910.JPG,15,ZSU_23_4,HB19910
data/raw/Padded_imgs/ZSU_23_4/HB19911.JPG,15,ZSU_23_4,HB19911
data/raw/Padded_imgs/ZSU_23_4/HB19912.JPG,15,ZSU_23_4,HB19912
data/raw/Padded_imgs/ZSU_23_4/HB19913.JPG,15,ZSU_23_4,HB19913
data/raw/Padded_imgs/ZSU_23_4/HB19914.JPG,15,ZSU_23_4,HB19914
data/raw/Padded_imgs/ZSU_23_4/HB19915.JPG,15,ZSU_23_4,HB19915
data/raw/Padded_imgs/ZSU_23_4/HB19916.JPG,15,ZSU_23_4,HB19916
data/raw/Padded_imgs/ZSU_23_4/HB19917.JPG,17,ZSU_23_4,HB19917
data/raw/Padded_imgs/ZSU_23_4/HB19918.JPG,15,ZSU_23_4,HB19918
data/raw/Padded_imgs/ZSU_23_4/HB19919.JPG,15,ZSU_23_4,HB19919
data/raw/Padded_imgs/ZSU_23_4/HB19920.JPG,15,ZSU_23_4,HB19920
data/raw/Padded_imgs/ZSU_23_4/HB19923.JPG,15,ZSU_23_4,HB19923
data/raw/Padded_imgs/ZSU_23_4/HB19924.JPG,15,ZSU_23_4,HB19924
data/raw/Padded_imgs/ZSU_23_4/HB19925.JPG,15,ZSU_23_4,HB19925
data/raw/Padded_imgs/ZSU_23_4/HB19926.JPG,15,ZSU_23_4,HB19926
data/raw/Padded_imgs/ZSU_23_4/HB19927.JPG,15,ZSU_23_4,HB19927
data/raw/Padded_imgs/ZSU_23_4/HB19928.JPG,15,ZSU_23_4,HB19928
data/raw/Padded_imgs/ZSU_23_4/HB19929.JPG,15,ZSU_23_4,HB19929
data/raw/Padded_imgs/ZSU_23_4/HB19930.JPG,15,ZSU_23_4,HB19930
data/raw/Padded_imgs/ZSU_23_4/HB19931.JPG,15,ZSU_23_4,HB19931
data/raw/Padded_imgs/ZSU_23_4/HB19932.JPG,15,ZSU_23_4,HB19932
data/raw/Padded_imgs/ZSU_23_4/HB19933.JPG,15,ZSU_23_4,HB19933
data/raw/Padded_imgs/ZSU_23_4/HB19934.JPG,15,ZSU_23_4,HB19934
data/raw/Padded_imgs/ZSU_23_4/HB19935.JPG,15,ZSU_23_4,HB19935
data/raw/Padded_imgs/ZSU_23_4/HB19936.JPG,15,ZSU_23_4,HB19936
data/raw/Padded_imgs/ZSU_23_4/HB19938.JPG,15,ZSU_23_4,HB19938
data/raw/Padded_imgs/ZSU_23_4/HB19939.JPG,15,ZSU_23_4,HB19939
data/raw/Padded_imgs/ZSU_23_4/HB19941.JPG,15,ZSU_23_4,HB19941
data/raw/Padded_imgs/ZSU_23_4/HB19942.JPG,15,ZSU_23_4,HB19942
data/raw/Padded_imgs/ZSU_23_4/HB19943.JPG,15,ZSU_23_4,HB19943
data/raw/Padded_imgs/ZSU_23_4/HB19944.JPG,15,ZSU_23_4,HB19944
data/raw/Padded_imgs/ZSU_23_4/HB19945.JPG,15,ZSU_23_4,HB19945
data/raw/Padded_imgs/ZSU_23_4/HB19946.JPG,15,ZSU_23_4,HB19946
data/raw/Padded_imgs/ZSU_23_4/HB19947.JPG,15,ZSU_23_4,HB19947
data/raw/Padded_imgs/ZSU_23_4/HB19949.JPG,15,ZSU_23_4,HB19949
data/raw/Padded_imgs/ZSU_23_4/HB19950.JPG,15,ZSU_23_4,HB19950
data/raw/Padded_imgs/ZSU_23_4/HB19951.JPG,15,ZSU_23_4,HB19951
data/raw/Padded_imgs/ZSU_23_4/HB19952.JPG,15,ZSU_23_4,HB19952
data/raw/Padded_imgs/ZSU_23_4/HB19953.JPG,15,ZSU_23_4,HB19953
data/raw/Padded_imgs/ZSU_23_4/HB19954.JPG,15,ZSU_23_4,HB19954
data/raw/Padded_imgs/ZSU_23_4/HB19955.JPG,15,ZSU_23_4,HB19955
data/raw/Padded_imgs/ZSU_23_4/HB19957.JPG,15,ZSU_23_4,HB19957
data/raw/Padded_imgs/ZSU_23_4/HB19958.JPG,15,ZSU_23_4,HB19958
data/raw/Padded_imgs/ZSU_23_4/HB19959.JPG,15,ZSU_23_4,HB19959
data/raw/Padded_imgs/ZSU_23_4/HB19960.JPG,15,ZSU_23_4,HB19960
data/raw/Padded_imgs/ZSU_23_4/HB19961.JPG,15,ZSU_23_4,HB19961
data/raw/Padded_imgs/ZSU_23_4/HB19962.JPG,15,ZSU_23_4,HB19962
data/raw/Padded_imgs/ZSU_23_4/HB19963.JPG,15,ZSU_23_4,HB19963
data/raw/Padded_imgs/ZSU_23_4/HB19964.JPG,15,ZSU_23_4,HB19964
data/raw/Padded_imgs/ZSU_23_4/HB19965.JPG,15,ZSU_23_4,HB19965
data/raw/Padded_imgs/ZSU_23_4/HB19966.JPG,15,ZSU_23_4,HB19966
data/raw/Padded_imgs/ZSU_23_4/HB19967.JPG,15,ZSU_23_4,HB19967
data/raw/Padded_imgs/ZSU_23_4/HB19968.JPG,15,ZSU_23_4,HB19968
data/raw/Padded_imgs/ZSU_23_4/HB19969.JPG,15,ZSU_23_4,HB19969
data/raw/Padded_imgs/ZSU_23_4/HB19971.JPG,15,ZSU_23_4,HB19971
data/raw/Padded_imgs/ZSU_23_4/HB19972.JPG,15,ZSU_23_4,HB19972
data/raw/Padded_imgs/ZSU_23_4/HB19973.JPG,15,ZSU_23_4,HB19973
data/raw/Padded_imgs/ZSU_23_4/HB19975.JPG,15,ZSU_23_4,HB19975
data/raw/Padded_imgs/ZSU_23_4/HB19976.JPG,15,ZSU_23_4,HB19976
data/raw/Padded_imgs/ZSU_23_4/HB19977.JPG,15,ZSU_23_4,HB19977
data/raw/Padded_imgs/ZSU_23_4/HB19978.JPG,15,ZSU_23_4,HB19978
data/raw/Padded_imgs/ZSU_23_4/HB19979.JPG,15,ZSU_23_4,HB19979
data/raw/Padded_imgs/ZSU_23_4/HB19980.JPG,15,ZSU_23_4,HB19980
data/raw/Padded_imgs/ZSU_23_4/HB19981.JPG,15,ZSU_23_4,HB19981
data/raw/Padded_imgs/ZSU_23_4/HB19982.JPG,15,ZSU_23_4,HB19982
data/raw/Padded_imgs/ZSU_23_4/HB19983.JPG,15,ZSU_23_4,HB19983
data/raw/Padded_imgs/ZSU_23_4/HB19984.JPG,15,ZSU_23_4,HB19984
data/raw/Padded_imgs/ZSU_23_4/HB19986.JPG,15,ZSU_23_4,HB19986
data/raw/Padded_imgs/ZSU_23_4/HB19987.JPG,15,ZSU_23_4,HB19987
data/raw/Padded_imgs/ZSU_23_4/HB19988.JPG,15,ZSU_23_4,HB19988
data/raw/Padded_imgs/ZSU_23_4/HB19989.JPG,15,ZSU_23_4,HB19989
data/raw/Padded_imgs/ZSU_23_4/HB19990.JPG,15,ZSU_23_4,HB19990
data/raw/Padded_imgs/ZSU_23_4/HB19992.JPG,15,ZSU_23_4,HB19992
data/raw/Padded_imgs/ZSU_23_4/HB19993.JPG,15,ZSU_23_4,HB19993
data/raw/Padded_imgs/ZSU_23_4/HB19994.JPG,15,ZSU_23_4,HB19994
data/raw/Padded_imgs/ZSU_23_4/HB19995.JPG,15,ZSU_23_4,HB19995
data/raw/Padded_imgs/ZSU_23_4/HB19996.JPG,15,ZSU_23_4,HB19996
data/raw/Padded_imgs/ZSU_23_4/HB19997.JPG,15,ZSU_23_4,HB19997
data/raw/Padded_imgs/ZSU_23_4/HB19998.JPG,15,ZSU_23_4,HB19998
data/raw/Padded_imgs/ZSU_23_4/HB19999.JPG,15,ZSU_23_4,HB19999
data/raw/Padded_imgs/ZSU_23_4/HB20000.JPG,15,ZSU_23_4,HB20000
data/raw/Padded_imgs/ZSU_23_4/HB20001.JPG,15,ZSU_23_4,HB20001
data/raw/Padded_imgs/ZSU_23_4/HB20002.JPG,15,ZSU_23_4,HB20002
data/raw/Padded_imgs/ZSU_23_4/HB20007.JPG,15,ZSU_23_4,HB20007
data/raw/Padded_imgs/ZSU_23_4/HB20008.JPG,15,ZSU_23_4,HB20008
data/raw/Padded_imgs/ZSU_23_4/HB20009.JPG,15,ZSU_23_4,HB20009
data/raw/Padded_imgs/ZSU_23_4/HB20010.JPG,15,ZSU_23_4,HB20010
data/raw/Padded_imgs/ZSU_23_4/HB20011.JPG,15,ZSU_23_4,HB20011
data/raw/Padded_imgs/ZSU_23_4/HB20012.JPG,15,ZSU_23_4,HB20012
data/raw/Padded_imgs/ZSU_23_4/HB20013.JPG,15,ZSU_23_4,HB20013
